"Indicator_Name","Indicator_Number","State","Type","Value","SE","CV","CI_Lower","CI_Upper","Indicator","Year"
"1. Estimated % of BLM range acres with BI <= 2",1,"BLM","NA",90.49,1.23,0.014,88.92,92.07,"BIOTIC INTEGRITY HAD NONE-TO-SLIGHT OR SLIGHT-TO-MODERATE DEPARTURE FROM REFERENCE CONDITIONS (BI <= 2)","2020"
"1. Estimated % of BLM range acres with BI <= 2",1,"AZ","2",100,0,0,100,100,"BIOTIC INTEGRITY HAD NONE-TO-SLIGHT OR SLIGHT-TO-MODERATE DEPARTURE FROM REFERENCE CONDITIONS (BI <= 2)","2020"
"1. Estimated % of BLM range acres with BI <= 2",1,"CA","1",0,0,0,0,0,"BIOTIC INTEGRITY HAD NONE-TO-SLIGHT OR SLIGHT-TO-MODERATE DEPARTURE FROM REFERENCE CONDITIONS (BI <= 2)","2020"
"1. Estimated % of BLM range acres with BI <= 2",1,"CA","2",0,0,0,0,0,"BIOTIC INTEGRITY HAD NONE-TO-SLIGHT OR SLIGHT-TO-MODERATE DEPARTURE FROM REFERENCE CONDITIONS (BI <= 2)","2020"
"1. Estimated % of BLM range acres with BI <= 2",1,"CO","1",94.41,4.28,0.045,88.93,99.89,"BIOTIC INTEGRITY HAD NONE-TO-SLIGHT OR SLIGHT-TO-MODERATE DEPARTURE FROM REFERENCE CONDITIONS (BI <= 2)","2020"
"1. Estimated % of BLM range acres with BI <= 2",1,"CO","2",100,0,0,100,100,"BIOTIC INTEGRITY HAD NONE-TO-SLIGHT OR SLIGHT-TO-MODERATE DEPARTURE FROM REFERENCE CONDITIONS (BI <= 2)","2020"
"1. Estimated % of BLM range acres with BI <= 2",1,"ID","1",0,0,0,0,0,"BIOTIC INTEGRITY HAD NONE-TO-SLIGHT OR SLIGHT-TO-MODERATE DEPARTURE FROM REFERENCE CONDITIONS (BI <= 2)","2020"
"1. Estimated % of BLM range acres with BI <= 2",1,"ID","2",0,0,0,0,0,"BIOTIC INTEGRITY HAD NONE-TO-SLIGHT OR SLIGHT-TO-MODERATE DEPARTURE FROM REFERENCE CONDITIONS (BI <= 2)","2020"
"1. Estimated % of BLM range acres with BI <= 2",1,"MT","1",97.1,1.79,0.018,94.8,99.4,"BIOTIC INTEGRITY HAD NONE-TO-SLIGHT OR SLIGHT-TO-MODERATE DEPARTURE FROM REFERENCE CONDITIONS (BI <= 2)","2020"
"1. Estimated % of BLM range acres with BI <= 2",1,"MT","2",74.88,36.28,0.485,28.38,100,"BIOTIC INTEGRITY HAD NONE-TO-SLIGHT OR SLIGHT-TO-MODERATE DEPARTURE FROM REFERENCE CONDITIONS (BI <= 2)","2020"
"1. Estimated % of BLM range acres with BI <= 2",1,"NV","1",96.36,2.15,0.022,93.6,99.12,"BIOTIC INTEGRITY HAD NONE-TO-SLIGHT OR SLIGHT-TO-MODERATE DEPARTURE FROM REFERENCE CONDITIONS (BI <= 2)","2020"
"1. Estimated % of BLM range acres with BI <= 2",1,"NV","2",96.87,1.55,0.016,94.89,98.85,"BIOTIC INTEGRITY HAD NONE-TO-SLIGHT OR SLIGHT-TO-MODERATE DEPARTURE FROM REFERENCE CONDITIONS (BI <= 2)","2020"
"1. Estimated % of BLM range acres with BI <= 2",1,"NM","2",25.04,8.65,0.345,13.96,36.12,"BIOTIC INTEGRITY HAD NONE-TO-SLIGHT OR SLIGHT-TO-MODERATE DEPARTURE FROM REFERENCE CONDITIONS (BI <= 2)","2020"
"1. Estimated % of BLM range acres with BI <= 2",1,"OR","1",94.59,2.09,0.022,91.91,97.26,"BIOTIC INTEGRITY HAD NONE-TO-SLIGHT OR SLIGHT-TO-MODERATE DEPARTURE FROM REFERENCE CONDITIONS (BI <= 2)","2020"
"1. Estimated % of BLM range acres with BI <= 2",1,"OR","2",100,0,0,100,100,"BIOTIC INTEGRITY HAD NONE-TO-SLIGHT OR SLIGHT-TO-MODERATE DEPARTURE FROM REFERENCE CONDITIONS (BI <= 2)","2020"
"1. Estimated % of BLM range acres with BI <= 2",1,"SD","2",100,98.26,0.983,0,100,"BIOTIC INTEGRITY HAD NONE-TO-SLIGHT OR SLIGHT-TO-MODERATE DEPARTURE FROM REFERENCE CONDITIONS (BI <= 2)","2020"
"1. Estimated % of BLM range acres with BI <= 2",1,"UT","1",96.42,3.91,0.041,91.4,100,"BIOTIC INTEGRITY HAD NONE-TO-SLIGHT OR SLIGHT-TO-MODERATE DEPARTURE FROM REFERENCE CONDITIONS (BI <= 2)","2020"
"1. Estimated % of BLM range acres with BI <= 2",1,"UT","2",100,0,0,100,100,"BIOTIC INTEGRITY HAD NONE-TO-SLIGHT OR SLIGHT-TO-MODERATE DEPARTURE FROM REFERENCE CONDITIONS (BI <= 2)","2020"
"1. Estimated % of BLM range acres with BI <= 2",1,"WA","2",100,98.26,0.983,0,100,"BIOTIC INTEGRITY HAD NONE-TO-SLIGHT OR SLIGHT-TO-MODERATE DEPARTURE FROM REFERENCE CONDITIONS (BI <= 2)","2020"
"1. Estimated % of BLM range acres with BI <= 2",1,"WY","1",98.45,0.92,0.009,97.27,99.62,"BIOTIC INTEGRITY HAD NONE-TO-SLIGHT OR SLIGHT-TO-MODERATE DEPARTURE FROM REFERENCE CONDITIONS (BI <= 2)","2020"
"1. Estimated % of BLM range acres with BI <= 2",1,"WY","2",100,0,0,100,100,"BIOTIC INTEGRITY HAD NONE-TO-SLIGHT OR SLIGHT-TO-MODERATE DEPARTURE FROM REFERENCE CONDITIONS (BI <= 2)","2020"
"3. Estimated BLM range acres with BI <= 2",1,"BLM","NA",134811328,2409271,0.018,131723723,137898933,"BIOTIC INTEGRITY HAD NONE-TO-SLIGHT OR SLIGHT-TO-MODERATE DEPARTURE FROM REFERENCE CONDITIONS (BI <= 2)","2020"
"3. Estimated BLM range acres with BI <= 2",1,"AZ","2",12639885,1312594,0.104,10957728,14322042,"BIOTIC INTEGRITY HAD NONE-TO-SLIGHT OR SLIGHT-TO-MODERATE DEPARTURE FROM REFERENCE CONDITIONS (BI <= 2)","2020"
"3. Estimated BLM range acres with BI <= 2",1,"CA","1",0,0,0,0,0,"BIOTIC INTEGRITY HAD NONE-TO-SLIGHT OR SLIGHT-TO-MODERATE DEPARTURE FROM REFERENCE CONDITIONS (BI <= 2)","2020"
"3. Estimated BLM range acres with BI <= 2",1,"CA","2",0,0,0,0,0,"BIOTIC INTEGRITY HAD NONE-TO-SLIGHT OR SLIGHT-TO-MODERATE DEPARTURE FROM REFERENCE CONDITIONS (BI <= 2)","2020"
"3. Estimated BLM range acres with BI <= 2",1,"CO","1",1581161,150602,0.095,1388157,1774166,"BIOTIC INTEGRITY HAD NONE-TO-SLIGHT OR SLIGHT-TO-MODERATE DEPARTURE FROM REFERENCE CONDITIONS (BI <= 2)","2020"
"3. Estimated BLM range acres with BI <= 2",1,"CO","2",6072375,459708,0.076,5483236,6661514,"BIOTIC INTEGRITY HAD NONE-TO-SLIGHT OR SLIGHT-TO-MODERATE DEPARTURE FROM REFERENCE CONDITIONS (BI <= 2)","2020"
"3. Estimated BLM range acres with BI <= 2",1,"ID","1",0,0,0,0,0,"BIOTIC INTEGRITY HAD NONE-TO-SLIGHT OR SLIGHT-TO-MODERATE DEPARTURE FROM REFERENCE CONDITIONS (BI <= 2)","2020"
"3. Estimated BLM range acres with BI <= 2",1,"ID","2",0,0,0,0,0,"BIOTIC INTEGRITY HAD NONE-TO-SLIGHT OR SLIGHT-TO-MODERATE DEPARTURE FROM REFERENCE CONDITIONS (BI <= 2)","2020"
"3. Estimated BLM range acres with BI <= 2",1,"MT","1",6787224,216302,0.032,6510022,7064426,"BIOTIC INTEGRITY HAD NONE-TO-SLIGHT OR SLIGHT-TO-MODERATE DEPARTURE FROM REFERENCE CONDITIONS (BI <= 2)","2020"
"3. Estimated BLM range acres with BI <= 2",1,"MT","2",821661,450567,0.548,244236,1399086,"BIOTIC INTEGRITY HAD NONE-TO-SLIGHT OR SLIGHT-TO-MODERATE DEPARTURE FROM REFERENCE CONDITIONS (BI <= 2)","2020"
"3. Estimated BLM range acres with BI <= 2",1,"NV","1",14303991,403802,0.028,13786498,14821484,"BIOTIC INTEGRITY HAD NONE-TO-SLIGHT OR SLIGHT-TO-MODERATE DEPARTURE FROM REFERENCE CONDITIONS (BI <= 2)","2020"
"3. Estimated BLM range acres with BI <= 2",1,"NV","2",33003526,1837411,0.056,30648790,35358263,"BIOTIC INTEGRITY HAD NONE-TO-SLIGHT OR SLIGHT-TO-MODERATE DEPARTURE FROM REFERENCE CONDITIONS (BI <= 2)","2020"
"3. Estimated BLM range acres with BI <= 2",1,"NM","2",3706804,1239313,0.334,2118561,5295048,"BIOTIC INTEGRITY HAD NONE-TO-SLIGHT OR SLIGHT-TO-MODERATE DEPARTURE FROM REFERENCE CONDITIONS (BI <= 2)","2020"
"3. Estimated BLM range acres with BI <= 2",1,"OR","1",10292906,333952,0.032,9864929,10720884,"BIOTIC INTEGRITY HAD NONE-TO-SLIGHT OR SLIGHT-TO-MODERATE DEPARTURE FROM REFERENCE CONDITIONS (BI <= 2)","2020"
"3. Estimated BLM range acres with BI <= 2",1,"OR","2",4731325,645664,0.136,3903873,5558777,"BIOTIC INTEGRITY HAD NONE-TO-SLIGHT OR SLIGHT-TO-MODERATE DEPARTURE FROM REFERENCE CONDITIONS (BI <= 2)","2020"
"3. Estimated BLM range acres with BI <= 2",1,"SD","2",790060,776415,0.983,0,1785077,"BIOTIC INTEGRITY HAD NONE-TO-SLIGHT OR SLIGHT-TO-MODERATE DEPARTURE FROM REFERENCE CONDITIONS (BI <= 2)","2020"
"3. Estimated BLM range acres with BI <= 2",1,"UT","1",1133715,171680,0.151,913697,1353732,"BIOTIC INTEGRITY HAD NONE-TO-SLIGHT OR SLIGHT-TO-MODERATE DEPARTURE FROM REFERENCE CONDITIONS (BI <= 2)","2020"
"3. Estimated BLM range acres with BI <= 2",1,"UT","2",19525528,1193594,0.061,17995875,21055180,"BIOTIC INTEGRITY HAD NONE-TO-SLIGHT OR SLIGHT-TO-MODERATE DEPARTURE FROM REFERENCE CONDITIONS (BI <= 2)","2020"
"3. Estimated BLM range acres with BI <= 2",1,"WA","2",346327,340303,0.983,0,782442,"BIOTIC INTEGRITY HAD NONE-TO-SLIGHT OR SLIGHT-TO-MODERATE DEPARTURE FROM REFERENCE CONDITIONS (BI <= 2)","2020"
"3. Estimated BLM range acres with BI <= 2",1,"WY","1",15959657,353546,0.022,15506569,16412745,"BIOTIC INTEGRITY HAD NONE-TO-SLIGHT OR SLIGHT-TO-MODERATE DEPARTURE FROM REFERENCE CONDITIONS (BI <= 2)","2020"
"3. Estimated BLM range acres with BI <= 2",1,"WY","2",3115182,536798,0.172,2427248,3803116,"BIOTIC INTEGRITY HAD NONE-TO-SLIGHT OR SLIGHT-TO-MODERATE DEPARTURE FROM REFERENCE CONDITIONS (BI <= 2)","2020"
"4. Estimated % of BLM range acres with BI = 3",2,"BLM","NA",6.44,1.14,0.177,4.98,7.91,"BIOTIC INTEGRITY HAD MODERATE DEPARTURE FROM REFERENCE CONDITIONS (BI = 3)","2020"
"4. Estimated % of BLM range acres with BI = 3",2,"AZ","2",0,0,0,0,0,"BIOTIC INTEGRITY HAD MODERATE DEPARTURE FROM REFERENCE CONDITIONS (BI = 3)","2020"
"4. Estimated % of BLM range acres with BI = 3",2,"CA","1",0,0,0,0,0,"BIOTIC INTEGRITY HAD MODERATE DEPARTURE FROM REFERENCE CONDITIONS (BI = 3)","2020"
"4. Estimated % of BLM range acres with BI = 3",2,"CA","2",0,0,0,0,0,"BIOTIC INTEGRITY HAD MODERATE DEPARTURE FROM REFERENCE CONDITIONS (BI = 3)","2020"
"4. Estimated % of BLM range acres with BI = 3",2,"CO","1",5.59,4.28,0.765,0.11,11.07,"BIOTIC INTEGRITY HAD MODERATE DEPARTURE FROM REFERENCE CONDITIONS (BI = 3)","2020"
"4. Estimated % of BLM range acres with BI = 3",2,"CO","2",0,0,0,0,0,"BIOTIC INTEGRITY HAD MODERATE DEPARTURE FROM REFERENCE CONDITIONS (BI = 3)","2020"
"4. Estimated % of BLM range acres with BI = 3",2,"ID","1",0,0,0,0,0,"BIOTIC INTEGRITY HAD MODERATE DEPARTURE FROM REFERENCE CONDITIONS (BI = 3)","2020"
"4. Estimated % of BLM range acres with BI = 3",2,"ID","2",0,0,0,0,0,"BIOTIC INTEGRITY HAD MODERATE DEPARTURE FROM REFERENCE CONDITIONS (BI = 3)","2020"
"4. Estimated % of BLM range acres with BI = 3",2,"MT","1",2.9,1.79,0.619,0.6,5.2,"BIOTIC INTEGRITY HAD MODERATE DEPARTURE FROM REFERENCE CONDITIONS (BI = 3)","2020"
"4. Estimated % of BLM range acres with BI = 3",2,"MT","2",25.12,36.28,1.444,0,71.62,"BIOTIC INTEGRITY HAD MODERATE DEPARTURE FROM REFERENCE CONDITIONS (BI = 3)","2020"
"4. Estimated % of BLM range acres with BI = 3",2,"NV","1",3.64,2.15,0.591,0.88,6.4,"BIOTIC INTEGRITY HAD MODERATE DEPARTURE FROM REFERENCE CONDITIONS (BI = 3)","2020"
"4. Estimated % of BLM range acres with BI = 3",2,"NV","2",3.13,1.55,0.494,1.15,5.11,"BIOTIC INTEGRITY HAD MODERATE DEPARTURE FROM REFERENCE CONDITIONS (BI = 3)","2020"
"4. Estimated % of BLM range acres with BI = 3",2,"NM","2",44.84,9.36,0.209,32.85,56.83,"BIOTIC INTEGRITY HAD MODERATE DEPARTURE FROM REFERENCE CONDITIONS (BI = 3)","2020"
"4. Estimated % of BLM range acres with BI = 3",2,"OR","1",4.47,1.81,0.405,2.15,6.8,"BIOTIC INTEGRITY HAD MODERATE DEPARTURE FROM REFERENCE CONDITIONS (BI = 3)","2020"
"4. Estimated % of BLM range acres with BI = 3",2,"OR","2",0,0,0,0,0,"BIOTIC INTEGRITY HAD MODERATE DEPARTURE FROM REFERENCE CONDITIONS (BI = 3)","2020"
"4. Estimated % of BLM range acres with BI = 3",2,"SD","2",0,0,0,0,0,"BIOTIC INTEGRITY HAD MODERATE DEPARTURE FROM REFERENCE CONDITIONS (BI = 3)","2020"
"4. Estimated % of BLM range acres with BI = 3",2,"UT","1",3.58,3.91,1.091,0,8.6,"BIOTIC INTEGRITY HAD MODERATE DEPARTURE FROM REFERENCE CONDITIONS (BI = 3)","2020"
"4. Estimated % of BLM range acres with BI = 3",2,"UT","2",0,0,0,0,0,"BIOTIC INTEGRITY HAD MODERATE DEPARTURE FROM REFERENCE CONDITIONS (BI = 3)","2020"
"4. Estimated % of BLM range acres with BI = 3",2,"WA","2",0,0,0,0,0,"BIOTIC INTEGRITY HAD MODERATE DEPARTURE FROM REFERENCE CONDITIONS (BI = 3)","2020"
"4. Estimated % of BLM range acres with BI = 3",2,"WY","1",1.55,0.92,0.59,0.38,2.73,"BIOTIC INTEGRITY HAD MODERATE DEPARTURE FROM REFERENCE CONDITIONS (BI = 3)","2020"
"4. Estimated % of BLM range acres with BI = 3",2,"WY","2",0,0,0,0,0,"BIOTIC INTEGRITY HAD MODERATE DEPARTURE FROM REFERENCE CONDITIONS (BI = 3)","2020"
"6. Estimated BLM range acres with BI = 3",2,"BLM","NA",9598175,1711228,0.178,7405148,11791202,"BIOTIC INTEGRITY HAD MODERATE DEPARTURE FROM REFERENCE CONDITIONS (BI = 3)","2020"
"6. Estimated BLM range acres with BI = 3",2,"AZ","2",0,0,0,0,0,"BIOTIC INTEGRITY HAD MODERATE DEPARTURE FROM REFERENCE CONDITIONS (BI = 3)","2020"
"6. Estimated BLM range acres with BI = 3",2,"CA","1",0,0,0,0,0,"BIOTIC INTEGRITY HAD MODERATE DEPARTURE FROM REFERENCE CONDITIONS (BI = 3)","2020"
"6. Estimated BLM range acres with BI = 3",2,"CA","2",0,0,0,0,0,"BIOTIC INTEGRITY HAD MODERATE DEPARTURE FROM REFERENCE CONDITIONS (BI = 3)","2020"
"6. Estimated BLM range acres with BI = 3",2,"CO","1",93640,73183,0.782,0,187428,"BIOTIC INTEGRITY HAD MODERATE DEPARTURE FROM REFERENCE CONDITIONS (BI = 3)","2020"
"6. Estimated BLM range acres with BI = 3",2,"CO","2",0,0,0,0,0,"BIOTIC INTEGRITY HAD MODERATE DEPARTURE FROM REFERENCE CONDITIONS (BI = 3)","2020"
"6. Estimated BLM range acres with BI = 3",2,"ID","1",0,0,0,0,0,"BIOTIC INTEGRITY HAD MODERATE DEPARTURE FROM REFERENCE CONDITIONS (BI = 3)","2020"
"6. Estimated BLM range acres with BI = 3",2,"ID","2",0,0,0,0,0,"BIOTIC INTEGRITY HAD MODERATE DEPARTURE FROM REFERENCE CONDITIONS (BI = 3)","2020"
"6. Estimated BLM range acres with BI = 3",2,"MT","1",202543,124992,0.617,42360,362727,"BIOTIC INTEGRITY HAD MODERATE DEPARTURE FROM REFERENCE CONDITIONS (BI = 3)","2020"
"6. Estimated BLM range acres with BI = 3",2,"MT","2",275705,380745,1.381,0,763649,"BIOTIC INTEGRITY HAD MODERATE DEPARTURE FROM REFERENCE CONDITIONS (BI = 3)","2020"
"6. Estimated BLM range acres with BI = 3",2,"NV","1",540378,320556,0.593,129569,951188,"BIOTIC INTEGRITY HAD MODERATE DEPARTURE FROM REFERENCE CONDITIONS (BI = 3)","2020"
"6. Estimated BLM range acres with BI = 3",2,"NV","2",1067171,515328,0.483,406752,1727590,"BIOTIC INTEGRITY HAD MODERATE DEPARTURE FROM REFERENCE CONDITIONS (BI = 3)","2020"
"6. Estimated BLM range acres with BI = 3",2,"NM","2",6637966,1545915,0.233,4656796,8619136,"BIOTIC INTEGRITY HAD MODERATE DEPARTURE FROM REFERENCE CONDITIONS (BI = 3)","2020"
"6. Estimated BLM range acres with BI = 3",2,"OR","1",486914,196824,0.404,234674,739154,"BIOTIC INTEGRITY HAD MODERATE DEPARTURE FROM REFERENCE CONDITIONS (BI = 3)","2020"
"6. Estimated BLM range acres with BI = 3",2,"OR","2",0,0,0,0,0,"BIOTIC INTEGRITY HAD MODERATE DEPARTURE FROM REFERENCE CONDITIONS (BI = 3)","2020"
"6. Estimated BLM range acres with BI = 3",2,"SD","2",0,0,0,0,0,"BIOTIC INTEGRITY HAD MODERATE DEPARTURE FROM REFERENCE CONDITIONS (BI = 3)","2020"
"6. Estimated BLM range acres with BI = 3",2,"UT","1",42149,47989,1.139,0,103649,"BIOTIC INTEGRITY HAD MODERATE DEPARTURE FROM REFERENCE CONDITIONS (BI = 3)","2020"
"6. Estimated BLM range acres with BI = 3",2,"UT","2",0,0,0,0,0,"BIOTIC INTEGRITY HAD MODERATE DEPARTURE FROM REFERENCE CONDITIONS (BI = 3)","2020"
"6. Estimated BLM range acres with BI = 3",2,"WA","2",0,0,0,0,0,"BIOTIC INTEGRITY HAD MODERATE DEPARTURE FROM REFERENCE CONDITIONS (BI = 3)","2020"
"6. Estimated BLM range acres with BI = 3",2,"WY","1",251708,148529,0.59,61360,442056,"BIOTIC INTEGRITY HAD MODERATE DEPARTURE FROM REFERENCE CONDITIONS (BI = 3)","2020"
"6. Estimated BLM range acres with BI = 3",2,"WY","2",0,0,0,0,0,"BIOTIC INTEGRITY HAD MODERATE DEPARTURE FROM REFERENCE CONDITIONS (BI = 3)","2020"
"Estimated % of BLM range acres with BI >= 3",3,"BLM","NA",9.51,1.23,0.129,7.93,11.08,"BIOTIC INTEGRITY HAD MODERATE OR MODERATE-TO-EXTREME OR EXTREME-TO-TOTAL DEPARTURE FROM REFERENCE CONDITIONS (BI >= 3)","2020"
"Estimated % of BLM range acres with BI >= 3",3,"AZ","2",0,0,0,0,0,"BIOTIC INTEGRITY HAD MODERATE OR MODERATE-TO-EXTREME OR EXTREME-TO-TOTAL DEPARTURE FROM REFERENCE CONDITIONS (BI >= 3)","2020"
"Estimated % of BLM range acres with BI >= 3",3,"CA","1",0,0,0,0,0,"BIOTIC INTEGRITY HAD MODERATE OR MODERATE-TO-EXTREME OR EXTREME-TO-TOTAL DEPARTURE FROM REFERENCE CONDITIONS (BI >= 3)","2020"
"Estimated % of BLM range acres with BI >= 3",3,"CA","2",0,0,0,0,0,"BIOTIC INTEGRITY HAD MODERATE OR MODERATE-TO-EXTREME OR EXTREME-TO-TOTAL DEPARTURE FROM REFERENCE CONDITIONS (BI >= 3)","2020"
"Estimated % of BLM range acres with BI >= 3",3,"CO","1",5.59,4.28,0.765,0.11,11.07,"BIOTIC INTEGRITY HAD MODERATE OR MODERATE-TO-EXTREME OR EXTREME-TO-TOTAL DEPARTURE FROM REFERENCE CONDITIONS (BI >= 3)","2020"
"Estimated % of BLM range acres with BI >= 3",3,"CO","2",0,0,0,0,0,"BIOTIC INTEGRITY HAD MODERATE OR MODERATE-TO-EXTREME OR EXTREME-TO-TOTAL DEPARTURE FROM REFERENCE CONDITIONS (BI >= 3)","2020"
"Estimated % of BLM range acres with BI >= 3",3,"ID","1",0,0,0,0,0,"BIOTIC INTEGRITY HAD MODERATE OR MODERATE-TO-EXTREME OR EXTREME-TO-TOTAL DEPARTURE FROM REFERENCE CONDITIONS (BI >= 3)","2020"
"Estimated % of BLM range acres with BI >= 3",3,"ID","2",0,0,0,0,0,"BIOTIC INTEGRITY HAD MODERATE OR MODERATE-TO-EXTREME OR EXTREME-TO-TOTAL DEPARTURE FROM REFERENCE CONDITIONS (BI >= 3)","2020"
"Estimated % of BLM range acres with BI >= 3",3,"MT","1",2.9,1.79,0.619,0.6,5.2,"BIOTIC INTEGRITY HAD MODERATE OR MODERATE-TO-EXTREME OR EXTREME-TO-TOTAL DEPARTURE FROM REFERENCE CONDITIONS (BI >= 3)","2020"
"Estimated % of BLM range acres with BI >= 3",3,"MT","2",25.12,36.28,1.444,0,71.62,"BIOTIC INTEGRITY HAD MODERATE OR MODERATE-TO-EXTREME OR EXTREME-TO-TOTAL DEPARTURE FROM REFERENCE CONDITIONS (BI >= 3)","2020"
"Estimated % of BLM range acres with BI >= 3",3,"NV","1",3.64,2.15,0.591,0.88,6.4,"BIOTIC INTEGRITY HAD MODERATE OR MODERATE-TO-EXTREME OR EXTREME-TO-TOTAL DEPARTURE FROM REFERENCE CONDITIONS (BI >= 3)","2020"
"Estimated % of BLM range acres with BI >= 3",3,"NV","2",3.13,1.55,0.494,1.15,5.11,"BIOTIC INTEGRITY HAD MODERATE OR MODERATE-TO-EXTREME OR EXTREME-TO-TOTAL DEPARTURE FROM REFERENCE CONDITIONS (BI >= 3)","2020"
"Estimated % of BLM range acres with BI >= 3",3,"NM","2",74.96,8.65,0.115,63.88,86.04,"BIOTIC INTEGRITY HAD MODERATE OR MODERATE-TO-EXTREME OR EXTREME-TO-TOTAL DEPARTURE FROM REFERENCE CONDITIONS (BI >= 3)","2020"
"Estimated % of BLM range acres with BI >= 3",3,"OR","1",5.41,2.09,0.386,2.74,8.09,"BIOTIC INTEGRITY HAD MODERATE OR MODERATE-TO-EXTREME OR EXTREME-TO-TOTAL DEPARTURE FROM REFERENCE CONDITIONS (BI >= 3)","2020"
"Estimated % of BLM range acres with BI >= 3",3,"OR","2",0,0,0,0,0,"BIOTIC INTEGRITY HAD MODERATE OR MODERATE-TO-EXTREME OR EXTREME-TO-TOTAL DEPARTURE FROM REFERENCE CONDITIONS (BI >= 3)","2020"
"Estimated % of BLM range acres with BI >= 3",3,"SD","2",0,0,0,0,0,"BIOTIC INTEGRITY HAD MODERATE OR MODERATE-TO-EXTREME OR EXTREME-TO-TOTAL DEPARTURE FROM REFERENCE CONDITIONS (BI >= 3)","2020"
"Estimated % of BLM range acres with BI >= 3",3,"UT","1",3.58,3.91,1.091,0,8.6,"BIOTIC INTEGRITY HAD MODERATE OR MODERATE-TO-EXTREME OR EXTREME-TO-TOTAL DEPARTURE FROM REFERENCE CONDITIONS (BI >= 3)","2020"
"Estimated % of BLM range acres with BI >= 3",3,"UT","2",0,0,0,0,0,"BIOTIC INTEGRITY HAD MODERATE OR MODERATE-TO-EXTREME OR EXTREME-TO-TOTAL DEPARTURE FROM REFERENCE CONDITIONS (BI >= 3)","2020"
"Estimated % of BLM range acres with BI >= 3",3,"WA","2",0,0,0,0,0,"BIOTIC INTEGRITY HAD MODERATE OR MODERATE-TO-EXTREME OR EXTREME-TO-TOTAL DEPARTURE FROM REFERENCE CONDITIONS (BI >= 3)","2020"
"Estimated % of BLM range acres with BI >= 3",3,"WY","1",1.55,0.92,0.59,0.38,2.73,"BIOTIC INTEGRITY HAD MODERATE OR MODERATE-TO-EXTREME OR EXTREME-TO-TOTAL DEPARTURE FROM REFERENCE CONDITIONS (BI >= 3)","2020"
"Estimated % of BLM range acres with BI >= 3",3,"WY","2",0,0,0,0,0,"BIOTIC INTEGRITY HAD MODERATE OR MODERATE-TO-EXTREME OR EXTREME-TO-TOTAL DEPARTURE FROM REFERENCE CONDITIONS (BI >= 3)","2020"
"Estimated BLM range acres with BI >= 3",3,"BLM","NA",14159952,1866439,0.132,11768013,16551890,"BIOTIC INTEGRITY HAD MODERATE OR MODERATE-TO-EXTREME OR EXTREME-TO-TOTAL DEPARTURE FROM REFERENCE CONDITIONS (BI >= 3)","2020"
"Estimated BLM range acres with BI >= 3",3,"AZ","2",0,0,0,0,0,"BIOTIC INTEGRITY HAD MODERATE OR MODERATE-TO-EXTREME OR EXTREME-TO-TOTAL DEPARTURE FROM REFERENCE CONDITIONS (BI >= 3)","2020"
"Estimated BLM range acres with BI >= 3",3,"CA","1",0,0,0,0,0,"BIOTIC INTEGRITY HAD MODERATE OR MODERATE-TO-EXTREME OR EXTREME-TO-TOTAL DEPARTURE FROM REFERENCE CONDITIONS (BI >= 3)","2020"
"Estimated BLM range acres with BI >= 3",3,"CA","2",0,0,0,0,0,"BIOTIC INTEGRITY HAD MODERATE OR MODERATE-TO-EXTREME OR EXTREME-TO-TOTAL DEPARTURE FROM REFERENCE CONDITIONS (BI >= 3)","2020"
"Estimated BLM range acres with BI >= 3",3,"CO","1",93640,73183,0.782,0,187428,"BIOTIC INTEGRITY HAD MODERATE OR MODERATE-TO-EXTREME OR EXTREME-TO-TOTAL DEPARTURE FROM REFERENCE CONDITIONS (BI >= 3)","2020"
"Estimated BLM range acres with BI >= 3",3,"CO","2",0,0,0,0,0,"BIOTIC INTEGRITY HAD MODERATE OR MODERATE-TO-EXTREME OR EXTREME-TO-TOTAL DEPARTURE FROM REFERENCE CONDITIONS (BI >= 3)","2020"
"Estimated BLM range acres with BI >= 3",3,"ID","1",0,0,0,0,0,"BIOTIC INTEGRITY HAD MODERATE OR MODERATE-TO-EXTREME OR EXTREME-TO-TOTAL DEPARTURE FROM REFERENCE CONDITIONS (BI >= 3)","2020"
"Estimated BLM range acres with BI >= 3",3,"ID","2",0,0,0,0,0,"BIOTIC INTEGRITY HAD MODERATE OR MODERATE-TO-EXTREME OR EXTREME-TO-TOTAL DEPARTURE FROM REFERENCE CONDITIONS (BI >= 3)","2020"
"Estimated BLM range acres with BI >= 3",3,"MT","1",202543,124992,0.617,42360,362727,"BIOTIC INTEGRITY HAD MODERATE OR MODERATE-TO-EXTREME OR EXTREME-TO-TOTAL DEPARTURE FROM REFERENCE CONDITIONS (BI >= 3)","2020"
"Estimated BLM range acres with BI >= 3",3,"MT","2",275705,380745,1.381,0,763649,"BIOTIC INTEGRITY HAD MODERATE OR MODERATE-TO-EXTREME OR EXTREME-TO-TOTAL DEPARTURE FROM REFERENCE CONDITIONS (BI >= 3)","2020"
"Estimated BLM range acres with BI >= 3",3,"NV","1",540378,320556,0.593,129569,951188,"BIOTIC INTEGRITY HAD MODERATE OR MODERATE-TO-EXTREME OR EXTREME-TO-TOTAL DEPARTURE FROM REFERENCE CONDITIONS (BI >= 3)","2020"
"Estimated BLM range acres with BI >= 3",3,"NV","2",1067171,515328,0.483,406752,1727590,"BIOTIC INTEGRITY HAD MODERATE OR MODERATE-TO-EXTREME OR EXTREME-TO-TOTAL DEPARTURE FROM REFERENCE CONDITIONS (BI >= 3)","2020"
"Estimated BLM range acres with BI >= 3",3,"NM","2",11097671,1746237,0.157,8859778,13335563,"BIOTIC INTEGRITY HAD MODERATE OR MODERATE-TO-EXTREME OR EXTREME-TO-TOTAL DEPARTURE FROM REFERENCE CONDITIONS (BI >= 3)","2020"
"Estimated BLM range acres with BI >= 3",3,"OR","1",588986,226935,0.385,298156,879815,"BIOTIC INTEGRITY HAD MODERATE OR MODERATE-TO-EXTREME OR EXTREME-TO-TOTAL DEPARTURE FROM REFERENCE CONDITIONS (BI >= 3)","2020"
"Estimated BLM range acres with BI >= 3",3,"OR","2",0,0,0,0,0,"BIOTIC INTEGRITY HAD MODERATE OR MODERATE-TO-EXTREME OR EXTREME-TO-TOTAL DEPARTURE FROM REFERENCE CONDITIONS (BI >= 3)","2020"
"Estimated BLM range acres with BI >= 3",3,"SD","2",0,0,0,0,0,"BIOTIC INTEGRITY HAD MODERATE OR MODERATE-TO-EXTREME OR EXTREME-TO-TOTAL DEPARTURE FROM REFERENCE CONDITIONS (BI >= 3)","2020"
"Estimated BLM range acres with BI >= 3",3,"UT","1",42149,47989,1.139,0,103649,"BIOTIC INTEGRITY HAD MODERATE OR MODERATE-TO-EXTREME OR EXTREME-TO-TOTAL DEPARTURE FROM REFERENCE CONDITIONS (BI >= 3)","2020"
"Estimated BLM range acres with BI >= 3",3,"UT","2",0,0,0,0,0,"BIOTIC INTEGRITY HAD MODERATE OR MODERATE-TO-EXTREME OR EXTREME-TO-TOTAL DEPARTURE FROM REFERENCE CONDITIONS (BI >= 3)","2020"
"Estimated BLM range acres with BI >= 3",3,"WA","2",0,0,0,0,0,"BIOTIC INTEGRITY HAD MODERATE OR MODERATE-TO-EXTREME OR EXTREME-TO-TOTAL DEPARTURE FROM REFERENCE CONDITIONS (BI >= 3)","2020"
"Estimated BLM range acres with BI >= 3",3,"WY","1",251708,148529,0.59,61360,442056,"BIOTIC INTEGRITY HAD MODERATE OR MODERATE-TO-EXTREME OR EXTREME-TO-TOTAL DEPARTURE FROM REFERENCE CONDITIONS (BI >= 3)","2020"
"Estimated BLM range acres with BI >= 3",3,"WY","2",0,0,0,0,0,"BIOTIC INTEGRITY HAD MODERATE OR MODERATE-TO-EXTREME OR EXTREME-TO-TOTAL DEPARTURE FROM REFERENCE CONDITIONS (BI >= 3)","2020"
"7. Estimated % of BLM range acres with BI >= 4",4,"BLM","NA",3.06,0.95,0.309,1.85,4.28,"BIOTIC INTEGRITY HAD MODERATE-TO-EXTREME OR EXTREME-TO-TOTAL DEPARTURE FROM REFERENCE CONDITIONS (BI >= 4)","2020"
"7. Estimated % of BLM range acres with BI >= 4",4,"AZ","2",0,0,0,0,0,"BIOTIC INTEGRITY HAD MODERATE-TO-EXTREME OR EXTREME-TO-TOTAL DEPARTURE FROM REFERENCE CONDITIONS (BI >= 4)","2020"
"7. Estimated % of BLM range acres with BI >= 4",4,"CA","1",0,0,0,0,0,"BIOTIC INTEGRITY HAD MODERATE-TO-EXTREME OR EXTREME-TO-TOTAL DEPARTURE FROM REFERENCE CONDITIONS (BI >= 4)","2020"
"7. Estimated % of BLM range acres with BI >= 4",4,"CA","2",0,0,0,0,0,"BIOTIC INTEGRITY HAD MODERATE-TO-EXTREME OR EXTREME-TO-TOTAL DEPARTURE FROM REFERENCE CONDITIONS (BI >= 4)","2020"
"7. Estimated % of BLM range acres with BI >= 4",4,"CO","1",0,0,0,0,0,"BIOTIC INTEGRITY HAD MODERATE-TO-EXTREME OR EXTREME-TO-TOTAL DEPARTURE FROM REFERENCE CONDITIONS (BI >= 4)","2020"
"7. Estimated % of BLM range acres with BI >= 4",4,"CO","2",0,0,0,0,0,"BIOTIC INTEGRITY HAD MODERATE-TO-EXTREME OR EXTREME-TO-TOTAL DEPARTURE FROM REFERENCE CONDITIONS (BI >= 4)","2020"
"7. Estimated % of BLM range acres with BI >= 4",4,"ID","1",0,0,0,0,0,"BIOTIC INTEGRITY HAD MODERATE-TO-EXTREME OR EXTREME-TO-TOTAL DEPARTURE FROM REFERENCE CONDITIONS (BI >= 4)","2020"
"7. Estimated % of BLM range acres with BI >= 4",4,"ID","2",0,0,0,0,0,"BIOTIC INTEGRITY HAD MODERATE-TO-EXTREME OR EXTREME-TO-TOTAL DEPARTURE FROM REFERENCE CONDITIONS (BI >= 4)","2020"
"7. Estimated % of BLM range acres with BI >= 4",4,"MT","1",0,0,0,0,0,"BIOTIC INTEGRITY HAD MODERATE-TO-EXTREME OR EXTREME-TO-TOTAL DEPARTURE FROM REFERENCE CONDITIONS (BI >= 4)","2020"
"7. Estimated % of BLM range acres with BI >= 4",4,"MT","2",0,0,0,0,0,"BIOTIC INTEGRITY HAD MODERATE-TO-EXTREME OR EXTREME-TO-TOTAL DEPARTURE FROM REFERENCE CONDITIONS (BI >= 4)","2020"
"7. Estimated % of BLM range acres with BI >= 4",4,"NV","1",0,0,0,0,0,"BIOTIC INTEGRITY HAD MODERATE-TO-EXTREME OR EXTREME-TO-TOTAL DEPARTURE FROM REFERENCE CONDITIONS (BI >= 4)","2020"
"7. Estimated % of BLM range acres with BI >= 4",4,"NV","2",0,0,0,0,0,"BIOTIC INTEGRITY HAD MODERATE-TO-EXTREME OR EXTREME-TO-TOTAL DEPARTURE FROM REFERENCE CONDITIONS (BI >= 4)","2020"
"7. Estimated % of BLM range acres with BI >= 4",4,"NM","2",30.12,8.94,0.297,18.66,41.59,"BIOTIC INTEGRITY HAD MODERATE-TO-EXTREME OR EXTREME-TO-TOTAL DEPARTURE FROM REFERENCE CONDITIONS (BI >= 4)","2020"
"7. Estimated % of BLM range acres with BI >= 4",4,"OR","1",0.94,0.65,0.695,0.1,1.77,"BIOTIC INTEGRITY HAD MODERATE-TO-EXTREME OR EXTREME-TO-TOTAL DEPARTURE FROM REFERENCE CONDITIONS (BI >= 4)","2020"
"7. Estimated % of BLM range acres with BI >= 4",4,"OR","2",0,0,0,0,0,"BIOTIC INTEGRITY HAD MODERATE-TO-EXTREME OR EXTREME-TO-TOTAL DEPARTURE FROM REFERENCE CONDITIONS (BI >= 4)","2020"
"7. Estimated % of BLM range acres with BI >= 4",4,"SD","2",0,0,0,0,0,"BIOTIC INTEGRITY HAD MODERATE-TO-EXTREME OR EXTREME-TO-TOTAL DEPARTURE FROM REFERENCE CONDITIONS (BI >= 4)","2020"
"7. Estimated % of BLM range acres with BI >= 4",4,"UT","1",0,0,0,0,0,"BIOTIC INTEGRITY HAD MODERATE-TO-EXTREME OR EXTREME-TO-TOTAL DEPARTURE FROM REFERENCE CONDITIONS (BI >= 4)","2020"
"7. Estimated % of BLM range acres with BI >= 4",4,"UT","2",0,0,0,0,0,"BIOTIC INTEGRITY HAD MODERATE-TO-EXTREME OR EXTREME-TO-TOTAL DEPARTURE FROM REFERENCE CONDITIONS (BI >= 4)","2020"
"7. Estimated % of BLM range acres with BI >= 4",4,"WA","2",0,0,0,0,0,"BIOTIC INTEGRITY HAD MODERATE-TO-EXTREME OR EXTREME-TO-TOTAL DEPARTURE FROM REFERENCE CONDITIONS (BI >= 4)","2020"
"7. Estimated % of BLM range acres with BI >= 4",4,"WY","1",0,0,0,0,0,"BIOTIC INTEGRITY HAD MODERATE-TO-EXTREME OR EXTREME-TO-TOTAL DEPARTURE FROM REFERENCE CONDITIONS (BI >= 4)","2020"
"7. Estimated % of BLM range acres with BI >= 4",4,"WY","2",0,0,0,0,0,"BIOTIC INTEGRITY HAD MODERATE-TO-EXTREME OR EXTREME-TO-TOTAL DEPARTURE FROM REFERENCE CONDITIONS (BI >= 4)","2020"
"9. Estimated BLM range acres with BI >= 4",4,"BLM","NA",4561776,1420802,0.311,2740945,6382608,"BIOTIC INTEGRITY HAD MODERATE-TO-EXTREME OR EXTREME-TO-TOTAL DEPARTURE FROM REFERENCE CONDITIONS (BI >= 4)","2020"
"9. Estimated BLM range acres with BI >= 4",4,"AZ","2",0,0,0,0,0,"BIOTIC INTEGRITY HAD MODERATE-TO-EXTREME OR EXTREME-TO-TOTAL DEPARTURE FROM REFERENCE CONDITIONS (BI >= 4)","2020"
"9. Estimated BLM range acres with BI >= 4",4,"CA","1",0,0,0,0,0,"BIOTIC INTEGRITY HAD MODERATE-TO-EXTREME OR EXTREME-TO-TOTAL DEPARTURE FROM REFERENCE CONDITIONS (BI >= 4)","2020"
"9. Estimated BLM range acres with BI >= 4",4,"CA","2",0,0,0,0,0,"BIOTIC INTEGRITY HAD MODERATE-TO-EXTREME OR EXTREME-TO-TOTAL DEPARTURE FROM REFERENCE CONDITIONS (BI >= 4)","2020"
"9. Estimated BLM range acres with BI >= 4",4,"CO","1",0,0,0,0,0,"BIOTIC INTEGRITY HAD MODERATE-TO-EXTREME OR EXTREME-TO-TOTAL DEPARTURE FROM REFERENCE CONDITIONS (BI >= 4)","2020"
"9. Estimated BLM range acres with BI >= 4",4,"CO","2",0,0,0,0,0,"BIOTIC INTEGRITY HAD MODERATE-TO-EXTREME OR EXTREME-TO-TOTAL DEPARTURE FROM REFERENCE CONDITIONS (BI >= 4)","2020"
"9. Estimated BLM range acres with BI >= 4",4,"ID","1",0,0,0,0,0,"BIOTIC INTEGRITY HAD MODERATE-TO-EXTREME OR EXTREME-TO-TOTAL DEPARTURE FROM REFERENCE CONDITIONS (BI >= 4)","2020"
"9. Estimated BLM range acres with BI >= 4",4,"ID","2",0,0,0,0,0,"BIOTIC INTEGRITY HAD MODERATE-TO-EXTREME OR EXTREME-TO-TOTAL DEPARTURE FROM REFERENCE CONDITIONS (BI >= 4)","2020"
"9. Estimated BLM range acres with BI >= 4",4,"MT","1",0,0,0,0,0,"BIOTIC INTEGRITY HAD MODERATE-TO-EXTREME OR EXTREME-TO-TOTAL DEPARTURE FROM REFERENCE CONDITIONS (BI >= 4)","2020"
"9. Estimated BLM range acres with BI >= 4",4,"MT","2",0,0,0,0,0,"BIOTIC INTEGRITY HAD MODERATE-TO-EXTREME OR EXTREME-TO-TOTAL DEPARTURE FROM REFERENCE CONDITIONS (BI >= 4)","2020"
"9. Estimated BLM range acres with BI >= 4",4,"NV","1",0,0,0,0,0,"BIOTIC INTEGRITY HAD MODERATE-TO-EXTREME OR EXTREME-TO-TOTAL DEPARTURE FROM REFERENCE CONDITIONS (BI >= 4)","2020"
"9. Estimated BLM range acres with BI >= 4",4,"NV","2",0,0,0,0,0,"BIOTIC INTEGRITY HAD MODERATE-TO-EXTREME OR EXTREME-TO-TOTAL DEPARTURE FROM REFERENCE CONDITIONS (BI >= 4)","2020"
"9. Estimated BLM range acres with BI >= 4",4,"NM","2",4459704,1415887,0.317,2645172,6274237,"BIOTIC INTEGRITY HAD MODERATE-TO-EXTREME OR EXTREME-TO-TOTAL DEPARTURE FROM REFERENCE CONDITIONS (BI >= 4)","2020"
"9. Estimated BLM range acres with BI >= 4",4,"OR","1",102072,71123,0.697,10924,193220,"BIOTIC INTEGRITY HAD MODERATE-TO-EXTREME OR EXTREME-TO-TOTAL DEPARTURE FROM REFERENCE CONDITIONS (BI >= 4)","2020"
"9. Estimated BLM range acres with BI >= 4",4,"OR","2",0,0,0,0,0,"BIOTIC INTEGRITY HAD MODERATE-TO-EXTREME OR EXTREME-TO-TOTAL DEPARTURE FROM REFERENCE CONDITIONS (BI >= 4)","2020"
"9. Estimated BLM range acres with BI >= 4",4,"SD","2",0,0,0,0,0,"BIOTIC INTEGRITY HAD MODERATE-TO-EXTREME OR EXTREME-TO-TOTAL DEPARTURE FROM REFERENCE CONDITIONS (BI >= 4)","2020"
"9. Estimated BLM range acres with BI >= 4",4,"UT","1",0,0,0,0,0,"BIOTIC INTEGRITY HAD MODERATE-TO-EXTREME OR EXTREME-TO-TOTAL DEPARTURE FROM REFERENCE CONDITIONS (BI >= 4)","2020"
"9. Estimated BLM range acres with BI >= 4",4,"UT","2",0,0,0,0,0,"BIOTIC INTEGRITY HAD MODERATE-TO-EXTREME OR EXTREME-TO-TOTAL DEPARTURE FROM REFERENCE CONDITIONS (BI >= 4)","2020"
"9. Estimated BLM range acres with BI >= 4",4,"WA","2",0,0,0,0,0,"BIOTIC INTEGRITY HAD MODERATE-TO-EXTREME OR EXTREME-TO-TOTAL DEPARTURE FROM REFERENCE CONDITIONS (BI >= 4)","2020"
"9. Estimated BLM range acres with BI >= 4",4,"WY","1",0,0,0,0,0,"BIOTIC INTEGRITY HAD MODERATE-TO-EXTREME OR EXTREME-TO-TOTAL DEPARTURE FROM REFERENCE CONDITIONS (BI >= 4)","2020"
"9. Estimated BLM range acres with BI >= 4",4,"WY","2",0,0,0,0,0,"BIOTIC INTEGRITY HAD MODERATE-TO-EXTREME OR EXTREME-TO-TOTAL DEPARTURE FROM REFERENCE CONDITIONS (BI >= 4)","2020"
"10. Estimated % of BLM range acres with HF <= 2",5,"BLM","NA",90.07,1.32,0.015,88.39,91.76,"HYDROLOGIC FUNCTION HAD NONE-TO-SLIGHT OR SLIGHT-TO-MODERATE DEPARTURE FROM REFERENCE CONDITIONS (HF <= 2)","2020"
"10. Estimated % of BLM range acres with HF <= 2",5,"AZ","2",100,0,0,100,100,"HYDROLOGIC FUNCTION HAD NONE-TO-SLIGHT OR SLIGHT-TO-MODERATE DEPARTURE FROM REFERENCE CONDITIONS (HF <= 2)","2020"
"10. Estimated % of BLM range acres with HF <= 2",5,"CA","1",0,0,0,0,0,"HYDROLOGIC FUNCTION HAD NONE-TO-SLIGHT OR SLIGHT-TO-MODERATE DEPARTURE FROM REFERENCE CONDITIONS (HF <= 2)","2020"
"10. Estimated % of BLM range acres with HF <= 2",5,"CA","2",0,0,0,0,0,"HYDROLOGIC FUNCTION HAD NONE-TO-SLIGHT OR SLIGHT-TO-MODERATE DEPARTURE FROM REFERENCE CONDITIONS (HF <= 2)","2020"
"10. Estimated % of BLM range acres with HF <= 2",5,"CO","1",94.59,4.12,0.044,89.3,99.87,"HYDROLOGIC FUNCTION HAD NONE-TO-SLIGHT OR SLIGHT-TO-MODERATE DEPARTURE FROM REFERENCE CONDITIONS (HF <= 2)","2020"
"10. Estimated % of BLM range acres with HF <= 2",5,"CO","2",94.56,3.87,0.041,89.6,99.52,"HYDROLOGIC FUNCTION HAD NONE-TO-SLIGHT OR SLIGHT-TO-MODERATE DEPARTURE FROM REFERENCE CONDITIONS (HF <= 2)","2020"
"10. Estimated % of BLM range acres with HF <= 2",5,"ID","1",0,0,0,0,0,"HYDROLOGIC FUNCTION HAD NONE-TO-SLIGHT OR SLIGHT-TO-MODERATE DEPARTURE FROM REFERENCE CONDITIONS (HF <= 2)","2020"
"10. Estimated % of BLM range acres with HF <= 2",5,"ID","2",0,0,0,0,0,"HYDROLOGIC FUNCTION HAD NONE-TO-SLIGHT OR SLIGHT-TO-MODERATE DEPARTURE FROM REFERENCE CONDITIONS (HF <= 2)","2020"
"10. Estimated % of BLM range acres with HF <= 2",5,"MT","1",97.73,1.67,0.017,95.6,99.87,"HYDROLOGIC FUNCTION HAD NONE-TO-SLIGHT OR SLIGHT-TO-MODERATE DEPARTURE FROM REFERENCE CONDITIONS (HF <= 2)","2020"
"10. Estimated % of BLM range acres with HF <= 2",5,"MT","2",49.52,22.73,0.459,20.39,78.66,"HYDROLOGIC FUNCTION HAD NONE-TO-SLIGHT OR SLIGHT-TO-MODERATE DEPARTURE FROM REFERENCE CONDITIONS (HF <= 2)","2020"
"10. Estimated % of BLM range acres with HF <= 2",5,"NV","1",98.35,1.12,0.011,96.92,99.79,"HYDROLOGIC FUNCTION HAD NONE-TO-SLIGHT OR SLIGHT-TO-MODERATE DEPARTURE FROM REFERENCE CONDITIONS (HF <= 2)","2020"
"10. Estimated % of BLM range acres with HF <= 2",5,"NV","2",96.78,1.78,0.018,94.51,99.06,"HYDROLOGIC FUNCTION HAD NONE-TO-SLIGHT OR SLIGHT-TO-MODERATE DEPARTURE FROM REFERENCE CONDITIONS (HF <= 2)","2020"
"10. Estimated % of BLM range acres with HF <= 2",5,"NM","2",37.07,9.01,0.243,25.53,48.61,"HYDROLOGIC FUNCTION HAD NONE-TO-SLIGHT OR SLIGHT-TO-MODERATE DEPARTURE FROM REFERENCE CONDITIONS (HF <= 2)","2020"
"10. Estimated % of BLM range acres with HF <= 2",5,"OR","1",95.31,1.8,0.019,93,97.61,"HYDROLOGIC FUNCTION HAD NONE-TO-SLIGHT OR SLIGHT-TO-MODERATE DEPARTURE FROM REFERENCE CONDITIONS (HF <= 2)","2020"
"10. Estimated % of BLM range acres with HF <= 2",5,"OR","2",100,0,0,100,100,"HYDROLOGIC FUNCTION HAD NONE-TO-SLIGHT OR SLIGHT-TO-MODERATE DEPARTURE FROM REFERENCE CONDITIONS (HF <= 2)","2020"
"10. Estimated % of BLM range acres with HF <= 2",5,"SD","2",100,98.26,0.983,0,100,"HYDROLOGIC FUNCTION HAD NONE-TO-SLIGHT OR SLIGHT-TO-MODERATE DEPARTURE FROM REFERENCE CONDITIONS (HF <= 2)","2020"
"10. Estimated % of BLM range acres with HF <= 2",5,"UT","1",99.13,0.93,0.009,97.94,100,"HYDROLOGIC FUNCTION HAD NONE-TO-SLIGHT OR SLIGHT-TO-MODERATE DEPARTURE FROM REFERENCE CONDITIONS (HF <= 2)","2020"
"10. Estimated % of BLM range acres with HF <= 2",5,"UT","2",95.85,3.22,0.034,91.72,99.98,"HYDROLOGIC FUNCTION HAD NONE-TO-SLIGHT OR SLIGHT-TO-MODERATE DEPARTURE FROM REFERENCE CONDITIONS (HF <= 2)","2020"
"10. Estimated % of BLM range acres with HF <= 2",5,"WA","2",100,98.26,0.983,0,100,"HYDROLOGIC FUNCTION HAD NONE-TO-SLIGHT OR SLIGHT-TO-MODERATE DEPARTURE FROM REFERENCE CONDITIONS (HF <= 2)","2020"
"10. Estimated % of BLM range acres with HF <= 2",5,"WY","1",91.91,2.11,0.023,89.21,94.6,"HYDROLOGIC FUNCTION HAD NONE-TO-SLIGHT OR SLIGHT-TO-MODERATE DEPARTURE FROM REFERENCE CONDITIONS (HF <= 2)","2020"
"10. Estimated % of BLM range acres with HF <= 2",5,"WY","2",88.55,16.03,0.181,68.01,100,"HYDROLOGIC FUNCTION HAD NONE-TO-SLIGHT OR SLIGHT-TO-MODERATE DEPARTURE FROM REFERENCE CONDITIONS (HF <= 2)","2020"
"12. Estimated BLM range acres with HF <= 2",5,"BLM","NA",134181060,2382809,0.018,131127367,137234752,"HYDROLOGIC FUNCTION HAD NONE-TO-SLIGHT OR SLIGHT-TO-MODERATE DEPARTURE FROM REFERENCE CONDITIONS (HF <= 2)","2020"
"12. Estimated BLM range acres with HF <= 2",5,"AZ","2",12639885,1312594,0.104,10957728,14322042,"HYDROLOGIC FUNCTION HAD NONE-TO-SLIGHT OR SLIGHT-TO-MODERATE DEPARTURE FROM REFERENCE CONDITIONS (HF <= 2)","2020"
"12. Estimated BLM range acres with HF <= 2",5,"CA","1",0,0,0,0,0,"HYDROLOGIC FUNCTION HAD NONE-TO-SLIGHT OR SLIGHT-TO-MODERATE DEPARTURE FROM REFERENCE CONDITIONS (HF <= 2)","2020"
"12. Estimated BLM range acres with HF <= 2",5,"CA","2",0,0,0,0,0,"HYDROLOGIC FUNCTION HAD NONE-TO-SLIGHT OR SLIGHT-TO-MODERATE DEPARTURE FROM REFERENCE CONDITIONS (HF <= 2)","2020"
"12. Estimated BLM range acres with HF <= 2",5,"CO","1",1584139,174601,0.11,1360380,1807899,"HYDROLOGIC FUNCTION HAD NONE-TO-SLIGHT OR SLIGHT-TO-MODERATE DEPARTURE FROM REFERENCE CONDITIONS (HF <= 2)","2020"
"12. Estimated BLM range acres with HF <= 2",5,"CO","2",5742030,515463,0.09,5081437,6402623,"HYDROLOGIC FUNCTION HAD NONE-TO-SLIGHT OR SLIGHT-TO-MODERATE DEPARTURE FROM REFERENCE CONDITIONS (HF <= 2)","2020"
"12. Estimated BLM range acres with HF <= 2",5,"ID","1",0,0,0,0,0,"HYDROLOGIC FUNCTION HAD NONE-TO-SLIGHT OR SLIGHT-TO-MODERATE DEPARTURE FROM REFERENCE CONDITIONS (HF <= 2)","2020"
"12. Estimated BLM range acres with HF <= 2",5,"ID","2",0,0,0,0,0,"HYDROLOGIC FUNCTION HAD NONE-TO-SLIGHT OR SLIGHT-TO-MODERATE DEPARTURE FROM REFERENCE CONDITIONS (HF <= 2)","2020"
"12. Estimated BLM range acres with HF <= 2",5,"MT","1",6831299,216596,0.032,6553720,7108878,"HYDROLOGIC FUNCTION HAD NONE-TO-SLIGHT OR SLIGHT-TO-MODERATE DEPARTURE FROM REFERENCE CONDITIONS (HF <= 2)","2020"
"12. Estimated BLM range acres with HF <= 2",5,"MT","2",543456,280958,0.517,183395,903518,"HYDROLOGIC FUNCTION HAD NONE-TO-SLIGHT OR SLIGHT-TO-MODERATE DEPARTURE FROM REFERENCE CONDITIONS (HF <= 2)","2020"
"12. Estimated BLM range acres with HF <= 2",5,"NV","1",14599968,364471,0.025,14132880,15067056,"HYDROLOGIC FUNCTION HAD NONE-TO-SLIGHT OR SLIGHT-TO-MODERATE DEPARTURE FROM REFERENCE CONDITIONS (HF <= 2)","2020"
"12. Estimated BLM range acres with HF <= 2",5,"NV","2",32975019,1947300,0.059,30479453,35470584,"HYDROLOGIC FUNCTION HAD NONE-TO-SLIGHT OR SLIGHT-TO-MODERATE DEPARTURE FROM REFERENCE CONDITIONS (HF <= 2)","2020"
"12. Estimated BLM range acres with HF <= 2",5,"NM","2",5487516,1329076,0.242,3784236,7190797,"HYDROLOGIC FUNCTION HAD NONE-TO-SLIGHT OR SLIGHT-TO-MODERATE DEPARTURE FROM REFERENCE CONDITIONS (HF <= 2)","2020"
"12. Estimated BLM range acres with HF <= 2",5,"OR","1",10371307,277696,0.027,10015425,10727188,"HYDROLOGIC FUNCTION HAD NONE-TO-SLIGHT OR SLIGHT-TO-MODERATE DEPARTURE FROM REFERENCE CONDITIONS (HF <= 2)","2020"
"12. Estimated BLM range acres with HF <= 2",5,"OR","2",4731325,645664,0.136,3903873,5558777,"HYDROLOGIC FUNCTION HAD NONE-TO-SLIGHT OR SLIGHT-TO-MODERATE DEPARTURE FROM REFERENCE CONDITIONS (HF <= 2)","2020"
"12. Estimated BLM range acres with HF <= 2",5,"SD","2",790060,776415,0.983,0,1785077,"HYDROLOGIC FUNCTION HAD NONE-TO-SLIGHT OR SLIGHT-TO-MODERATE DEPARTURE FROM REFERENCE CONDITIONS (HF <= 2)","2020"
"12. Estimated BLM range acres with HF <= 2",5,"UT","1",1165657,191802,0.165,919853,1411461,"HYDROLOGIC FUNCTION HAD NONE-TO-SLIGHT OR SLIGHT-TO-MODERATE DEPARTURE FROM REFERENCE CONDITIONS (HF <= 2)","2020"
"12. Estimated BLM range acres with HF <= 2",5,"UT","2",18715348,1294105,0.069,17056885,20373811,"HYDROLOGIC FUNCTION HAD NONE-TO-SLIGHT OR SLIGHT-TO-MODERATE DEPARTURE FROM REFERENCE CONDITIONS (HF <= 2)","2020"
"12. Estimated BLM range acres with HF <= 2",5,"WA","2",346327,340303,0.983,0,782442,"HYDROLOGIC FUNCTION HAD NONE-TO-SLIGHT OR SLIGHT-TO-MODERATE DEPARTURE FROM REFERENCE CONDITIONS (HF <= 2)","2020"
"12. Estimated BLM range acres with HF <= 2",5,"WY","1",14899249,365958,0.025,14430256,15368243,"HYDROLOGIC FUNCTION HAD NONE-TO-SLIGHT OR SLIGHT-TO-MODERATE DEPARTURE FROM REFERENCE CONDITIONS (HF <= 2)","2020"
"12. Estimated BLM range acres with HF <= 2",5,"WY","2",2758474,692877,0.251,1870517,3646431,"HYDROLOGIC FUNCTION HAD NONE-TO-SLIGHT OR SLIGHT-TO-MODERATE DEPARTURE FROM REFERENCE CONDITIONS (HF <= 2)","2020"
"13. Estimated % of BLM range acres with HF = 3",6,"BLM","NA",7.38,0.99,0.134,6.12,8.65,"HYDROLOGIC FUNCTION HAD MODERATE DEPARTURE FROM REFERENCE CONDITIONS (HF = 3)","2020"
"13. Estimated % of BLM range acres with HF = 3",6,"AZ","2",0,0,0,0,0,"HYDROLOGIC FUNCTION HAD MODERATE DEPARTURE FROM REFERENCE CONDITIONS (HF = 3)","2020"
"13. Estimated % of BLM range acres with HF = 3",6,"CA","1",0,0,0,0,0,"HYDROLOGIC FUNCTION HAD MODERATE DEPARTURE FROM REFERENCE CONDITIONS (HF = 3)","2020"
"13. Estimated % of BLM range acres with HF = 3",6,"CA","2",0,0,0,0,0,"HYDROLOGIC FUNCTION HAD MODERATE DEPARTURE FROM REFERENCE CONDITIONS (HF = 3)","2020"
"13. Estimated % of BLM range acres with HF = 3",6,"CO","1",3.16,3.44,1.088,0,7.56,"HYDROLOGIC FUNCTION HAD MODERATE DEPARTURE FROM REFERENCE CONDITIONS (HF = 3)","2020"
"13. Estimated % of BLM range acres with HF = 3",6,"CO","2",5.44,3.87,0.712,0.48,10.4,"HYDROLOGIC FUNCTION HAD MODERATE DEPARTURE FROM REFERENCE CONDITIONS (HF = 3)","2020"
"13. Estimated % of BLM range acres with HF = 3",6,"ID","1",0,0,0,0,0,"HYDROLOGIC FUNCTION HAD MODERATE DEPARTURE FROM REFERENCE CONDITIONS (HF = 3)","2020"
"13. Estimated % of BLM range acres with HF = 3",6,"ID","2",0,0,0,0,0,"HYDROLOGIC FUNCTION HAD MODERATE DEPARTURE FROM REFERENCE CONDITIONS (HF = 3)","2020"
"13. Estimated % of BLM range acres with HF = 3",6,"MT","1",2.27,1.67,0.735,0.13,4.4,"HYDROLOGIC FUNCTION HAD MODERATE DEPARTURE FROM REFERENCE CONDITIONS (HF = 3)","2020"
"13. Estimated % of BLM range acres with HF = 3",6,"MT","2",50.48,22.73,0.45,21.34,79.61,"HYDROLOGIC FUNCTION HAD MODERATE DEPARTURE FROM REFERENCE CONDITIONS (HF = 3)","2020"
"13. Estimated % of BLM range acres with HF = 3",6,"NV","1",1.65,1.12,0.681,0.21,3.08,"HYDROLOGIC FUNCTION HAD MODERATE DEPARTURE FROM REFERENCE CONDITIONS (HF = 3)","2020"
"13. Estimated % of BLM range acres with HF = 3",6,"NV","2",2.69,1.36,0.506,0.95,4.44,"HYDROLOGIC FUNCTION HAD MODERATE DEPARTURE FROM REFERENCE CONDITIONS (HF = 3)","2020"
"13. Estimated % of BLM range acres with HF = 3",6,"NM","2",39.57,8.22,0.208,29.04,50.11,"HYDROLOGIC FUNCTION HAD MODERATE DEPARTURE FROM REFERENCE CONDITIONS (HF = 3)","2020"
"13. Estimated % of BLM range acres with HF = 3",6,"OR","1",4.21,1.66,0.394,2.09,6.34,"HYDROLOGIC FUNCTION HAD MODERATE DEPARTURE FROM REFERENCE CONDITIONS (HF = 3)","2020"
"13. Estimated % of BLM range acres with HF = 3",6,"OR","2",0,0,0,0,0,"HYDROLOGIC FUNCTION HAD MODERATE DEPARTURE FROM REFERENCE CONDITIONS (HF = 3)","2020"
"13. Estimated % of BLM range acres with HF = 3",6,"SD","2",0,0,0,0,0,"HYDROLOGIC FUNCTION HAD MODERATE DEPARTURE FROM REFERENCE CONDITIONS (HF = 3)","2020"
"13. Estimated % of BLM range acres with HF = 3",6,"UT","1",0.87,0.93,1.075,0,2.06,"HYDROLOGIC FUNCTION HAD MODERATE DEPARTURE FROM REFERENCE CONDITIONS (HF = 3)","2020"
"13. Estimated % of BLM range acres with HF = 3",6,"UT","2",4.15,3.22,0.777,0.02,8.28,"HYDROLOGIC FUNCTION HAD MODERATE DEPARTURE FROM REFERENCE CONDITIONS (HF = 3)","2020"
"13. Estimated % of BLM range acres with HF = 3",6,"WA","2",0,0,0,0,0,"HYDROLOGIC FUNCTION HAD MODERATE DEPARTURE FROM REFERENCE CONDITIONS (HF = 3)","2020"
"13. Estimated % of BLM range acres with HF = 3",6,"WY","1",7.68,2.06,0.268,5.04,10.31,"HYDROLOGIC FUNCTION HAD MODERATE DEPARTURE FROM REFERENCE CONDITIONS (HF = 3)","2020"
"13. Estimated % of BLM range acres with HF = 3",6,"WY","2",11.45,16.03,1.4,0,31.99,"HYDROLOGIC FUNCTION HAD MODERATE DEPARTURE FROM REFERENCE CONDITIONS (HF = 3)","2020"
"15. Estimated BLM range acres with HF = 3",6,"BLM","NA",10996349,1499558,0.136,9074588,12918110,"HYDROLOGIC FUNCTION HAD MODERATE DEPARTURE FROM REFERENCE CONDITIONS (HF = 3)","2020"
"15. Estimated BLM range acres with HF = 3",6,"AZ","2",0,0,0,0,0,"HYDROLOGIC FUNCTION HAD MODERATE DEPARTURE FROM REFERENCE CONDITIONS (HF = 3)","2020"
"15. Estimated BLM range acres with HF = 3",6,"CA","1",0,0,0,0,0,"HYDROLOGIC FUNCTION HAD MODERATE DEPARTURE FROM REFERENCE CONDITIONS (HF = 3)","2020"
"15. Estimated BLM range acres with HF = 3",6,"CA","2",0,0,0,0,0,"HYDROLOGIC FUNCTION HAD MODERATE DEPARTURE FROM REFERENCE CONDITIONS (HF = 3)","2020"
"15. Estimated BLM range acres with HF = 3",6,"CO","1",52900,58397,1.104,0,127739,"HYDROLOGIC FUNCTION HAD MODERATE DEPARTURE FROM REFERENCE CONDITIONS (HF = 3)","2020"
"15. Estimated BLM range acres with HF = 3",6,"CO","2",330345,233188,0.706,31503,629187,"HYDROLOGIC FUNCTION HAD MODERATE DEPARTURE FROM REFERENCE CONDITIONS (HF = 3)","2020"
"15. Estimated BLM range acres with HF = 3",6,"ID","1",0,0,0,0,0,"HYDROLOGIC FUNCTION HAD MODERATE DEPARTURE FROM REFERENCE CONDITIONS (HF = 3)","2020"
"15. Estimated BLM range acres with HF = 3",6,"ID","2",0,0,0,0,0,"HYDROLOGIC FUNCTION HAD MODERATE DEPARTURE FROM REFERENCE CONDITIONS (HF = 3)","2020"
"15. Estimated BLM range acres with HF = 3",6,"MT","1",158468,116156,0.733,9609,307328,"HYDROLOGIC FUNCTION HAD MODERATE DEPARTURE FROM REFERENCE CONDITIONS (HF = 3)","2020"
"15. Estimated BLM range acres with HF = 3",6,"MT","2",553910,350473,0.633,104761,1003059,"HYDROLOGIC FUNCTION HAD MODERATE DEPARTURE FROM REFERENCE CONDITIONS (HF = 3)","2020"
"15. Estimated BLM range acres with HF = 3",6,"NV","1",244401,166285,0.68,31298,457504,"HYDROLOGIC FUNCTION HAD MODERATE DEPARTURE FROM REFERENCE CONDITIONS (HF = 3)","2020"
"15. Estimated BLM range acres with HF = 3",6,"NV","2",917259,448033,0.488,343082,1491437,"HYDROLOGIC FUNCTION HAD MODERATE DEPARTURE FROM REFERENCE CONDITIONS (HF = 3)","2020"
"15. Estimated BLM range acres with HF = 3",6,"NM","2",5858656,1296245,0.221,4197451,7519862,"HYDROLOGIC FUNCTION HAD MODERATE DEPARTURE FROM REFERENCE CONDITIONS (HF = 3)","2020"
"15. Estimated BLM range acres with HF = 3",6,"OR","1",458644,182437,0.398,224842,692446,"HYDROLOGIC FUNCTION HAD MODERATE DEPARTURE FROM REFERENCE CONDITIONS (HF = 3)","2020"
"15. Estimated BLM range acres with HF = 3",6,"OR","2",0,0,0,0,0,"HYDROLOGIC FUNCTION HAD MODERATE DEPARTURE FROM REFERENCE CONDITIONS (HF = 3)","2020"
"15. Estimated BLM range acres with HF = 3",6,"SD","2",0,0,0,0,0,"HYDROLOGIC FUNCTION HAD MODERATE DEPARTURE FROM REFERENCE CONDITIONS (HF = 3)","2020"
"15. Estimated BLM range acres with HF = 3",6,"UT","1",10207,11463,1.123,0,24897,"HYDROLOGIC FUNCTION HAD MODERATE DEPARTURE FROM REFERENCE CONDITIONS (HF = 3)","2020"
"15. Estimated BLM range acres with HF = 3",6,"UT","2",810180,627777,0.775,5650,1614709,"HYDROLOGIC FUNCTION HAD MODERATE DEPARTURE FROM REFERENCE CONDITIONS (HF = 3)","2020"
"15. Estimated BLM range acres with HF = 3",6,"WA","2",0,0,0,0,0,"HYDROLOGIC FUNCTION HAD MODERATE DEPARTURE FROM REFERENCE CONDITIONS (HF = 3)","2020"
"15. Estimated BLM range acres with HF = 3",6,"WY","1",1244671,342691,0.275,805494,1683847,"HYDROLOGIC FUNCTION HAD MODERATE DEPARTURE FROM REFERENCE CONDITIONS (HF = 3)","2020"
"15. Estimated BLM range acres with HF = 3",6,"WY","2",356708,483802,1.356,0,976725,"HYDROLOGIC FUNCTION HAD MODERATE DEPARTURE FROM REFERENCE CONDITIONS (HF = 3)","2020"
"Estimated % of BLM range acres with HF >= 3",7,"BLM","NA",9.93,1.32,0.132,8.24,11.61,"HYDROLOGIC FUNCTION HAD MODERATE OR MODERATE-TO-EXTREME OR EXTREME-TO-TOTAL DEPARTURE FROM REFERENCE CONDITIONS (HF >= 3)","2020"
"Estimated % of BLM range acres with HF >= 3",7,"AZ","2",0,0,0,0,0,"HYDROLOGIC FUNCTION HAD MODERATE OR MODERATE-TO-EXTREME OR EXTREME-TO-TOTAL DEPARTURE FROM REFERENCE CONDITIONS (HF >= 3)","2020"
"Estimated % of BLM range acres with HF >= 3",7,"CA","1",0,0,0,0,0,"HYDROLOGIC FUNCTION HAD MODERATE OR MODERATE-TO-EXTREME OR EXTREME-TO-TOTAL DEPARTURE FROM REFERENCE CONDITIONS (HF >= 3)","2020"
"Estimated % of BLM range acres with HF >= 3",7,"CA","2",0,0,0,0,0,"HYDROLOGIC FUNCTION HAD MODERATE OR MODERATE-TO-EXTREME OR EXTREME-TO-TOTAL DEPARTURE FROM REFERENCE CONDITIONS (HF >= 3)","2020"
"Estimated % of BLM range acres with HF >= 3",7,"CO","1",5.41,4.12,0.762,0.13,10.7,"HYDROLOGIC FUNCTION HAD MODERATE OR MODERATE-TO-EXTREME OR EXTREME-TO-TOTAL DEPARTURE FROM REFERENCE CONDITIONS (HF >= 3)","2020"
"Estimated % of BLM range acres with HF >= 3",7,"CO","2",5.44,3.87,0.712,0.48,10.4,"HYDROLOGIC FUNCTION HAD MODERATE OR MODERATE-TO-EXTREME OR EXTREME-TO-TOTAL DEPARTURE FROM REFERENCE CONDITIONS (HF >= 3)","2020"
"Estimated % of BLM range acres with HF >= 3",7,"ID","1",0,0,0,0,0,"HYDROLOGIC FUNCTION HAD MODERATE OR MODERATE-TO-EXTREME OR EXTREME-TO-TOTAL DEPARTURE FROM REFERENCE CONDITIONS (HF >= 3)","2020"
"Estimated % of BLM range acres with HF >= 3",7,"ID","2",0,0,0,0,0,"HYDROLOGIC FUNCTION HAD MODERATE OR MODERATE-TO-EXTREME OR EXTREME-TO-TOTAL DEPARTURE FROM REFERENCE CONDITIONS (HF >= 3)","2020"
"Estimated % of BLM range acres with HF >= 3",7,"MT","1",2.27,1.67,0.735,0.13,4.4,"HYDROLOGIC FUNCTION HAD MODERATE OR MODERATE-TO-EXTREME OR EXTREME-TO-TOTAL DEPARTURE FROM REFERENCE CONDITIONS (HF >= 3)","2020"
"Estimated % of BLM range acres with HF >= 3",7,"MT","2",50.48,22.73,0.45,21.34,79.61,"HYDROLOGIC FUNCTION HAD MODERATE OR MODERATE-TO-EXTREME OR EXTREME-TO-TOTAL DEPARTURE FROM REFERENCE CONDITIONS (HF >= 3)","2020"
"Estimated % of BLM range acres with HF >= 3",7,"NV","1",1.65,1.12,0.681,0.21,3.08,"HYDROLOGIC FUNCTION HAD MODERATE OR MODERATE-TO-EXTREME OR EXTREME-TO-TOTAL DEPARTURE FROM REFERENCE CONDITIONS (HF >= 3)","2020"
"Estimated % of BLM range acres with HF >= 3",7,"NV","2",3.22,1.78,0.552,0.94,5.49,"HYDROLOGIC FUNCTION HAD MODERATE OR MODERATE-TO-EXTREME OR EXTREME-TO-TOTAL DEPARTURE FROM REFERENCE CONDITIONS (HF >= 3)","2020"
"Estimated % of BLM range acres with HF >= 3",7,"NM","2",62.93,9.01,0.143,51.39,74.47,"HYDROLOGIC FUNCTION HAD MODERATE OR MODERATE-TO-EXTREME OR EXTREME-TO-TOTAL DEPARTURE FROM REFERENCE CONDITIONS (HF >= 3)","2020"
"Estimated % of BLM range acres with HF >= 3",7,"OR","1",4.69,1.8,0.384,2.39,7,"HYDROLOGIC FUNCTION HAD MODERATE OR MODERATE-TO-EXTREME OR EXTREME-TO-TOTAL DEPARTURE FROM REFERENCE CONDITIONS (HF >= 3)","2020"
"Estimated % of BLM range acres with HF >= 3",7,"OR","2",0,0,0,0,0,"HYDROLOGIC FUNCTION HAD MODERATE OR MODERATE-TO-EXTREME OR EXTREME-TO-TOTAL DEPARTURE FROM REFERENCE CONDITIONS (HF >= 3)","2020"
"Estimated % of BLM range acres with HF >= 3",7,"SD","2",0,0,0,0,0,"HYDROLOGIC FUNCTION HAD MODERATE OR MODERATE-TO-EXTREME OR EXTREME-TO-TOTAL DEPARTURE FROM REFERENCE CONDITIONS (HF >= 3)","2020"
"Estimated % of BLM range acres with HF >= 3",7,"UT","1",0.87,0.93,1.075,0,2.06,"HYDROLOGIC FUNCTION HAD MODERATE OR MODERATE-TO-EXTREME OR EXTREME-TO-TOTAL DEPARTURE FROM REFERENCE CONDITIONS (HF >= 3)","2020"
"Estimated % of BLM range acres with HF >= 3",7,"UT","2",4.15,3.22,0.777,0.02,8.28,"HYDROLOGIC FUNCTION HAD MODERATE OR MODERATE-TO-EXTREME OR EXTREME-TO-TOTAL DEPARTURE FROM REFERENCE CONDITIONS (HF >= 3)","2020"
"Estimated % of BLM range acres with HF >= 3",7,"WA","2",0,0,0,0,0,"HYDROLOGIC FUNCTION HAD MODERATE OR MODERATE-TO-EXTREME OR EXTREME-TO-TOTAL DEPARTURE FROM REFERENCE CONDITIONS (HF >= 3)","2020"
"Estimated % of BLM range acres with HF >= 3",7,"WY","1",8.09,2.11,0.26,5.4,10.79,"HYDROLOGIC FUNCTION HAD MODERATE OR MODERATE-TO-EXTREME OR EXTREME-TO-TOTAL DEPARTURE FROM REFERENCE CONDITIONS (HF >= 3)","2020"
"Estimated % of BLM range acres with HF >= 3",7,"WY","2",11.45,16.03,1.4,0,31.99,"HYDROLOGIC FUNCTION HAD MODERATE OR MODERATE-TO-EXTREME OR EXTREME-TO-TOTAL DEPARTURE FROM REFERENCE CONDITIONS (HF >= 3)","2020"
"Estimated BLM range acres with HF >= 3",7,"BLM","NA",14790220,2009742,0.136,12214632,17365808,"HYDROLOGIC FUNCTION HAD MODERATE OR MODERATE-TO-EXTREME OR EXTREME-TO-TOTAL DEPARTURE FROM REFERENCE CONDITIONS (HF >= 3)","2020"
"Estimated BLM range acres with HF >= 3",7,"AZ","2",0,0,0,0,0,"HYDROLOGIC FUNCTION HAD MODERATE OR MODERATE-TO-EXTREME OR EXTREME-TO-TOTAL DEPARTURE FROM REFERENCE CONDITIONS (HF >= 3)","2020"
"Estimated BLM range acres with HF >= 3",7,"CA","1",0,0,0,0,0,"HYDROLOGIC FUNCTION HAD MODERATE OR MODERATE-TO-EXTREME OR EXTREME-TO-TOTAL DEPARTURE FROM REFERENCE CONDITIONS (HF >= 3)","2020"
"Estimated BLM range acres with HF >= 3",7,"CA","2",0,0,0,0,0,"HYDROLOGIC FUNCTION HAD MODERATE OR MODERATE-TO-EXTREME OR EXTREME-TO-TOTAL DEPARTURE FROM REFERENCE CONDITIONS (HF >= 3)","2020"
"Estimated BLM range acres with HF >= 3",7,"CO","1",90662,68749,0.758,2557,178768,"HYDROLOGIC FUNCTION HAD MODERATE OR MODERATE-TO-EXTREME OR EXTREME-TO-TOTAL DEPARTURE FROM REFERENCE CONDITIONS (HF >= 3)","2020"
"Estimated BLM range acres with HF >= 3",7,"CO","2",330345,233188,0.706,31503,629187,"HYDROLOGIC FUNCTION HAD MODERATE OR MODERATE-TO-EXTREME OR EXTREME-TO-TOTAL DEPARTURE FROM REFERENCE CONDITIONS (HF >= 3)","2020"
"Estimated BLM range acres with HF >= 3",7,"ID","1",0,0,0,0,0,"HYDROLOGIC FUNCTION HAD MODERATE OR MODERATE-TO-EXTREME OR EXTREME-TO-TOTAL DEPARTURE FROM REFERENCE CONDITIONS (HF >= 3)","2020"
"Estimated BLM range acres with HF >= 3",7,"ID","2",0,0,0,0,0,"HYDROLOGIC FUNCTION HAD MODERATE OR MODERATE-TO-EXTREME OR EXTREME-TO-TOTAL DEPARTURE FROM REFERENCE CONDITIONS (HF >= 3)","2020"
"Estimated BLM range acres with HF >= 3",7,"MT","1",158468,116156,0.733,9609,307328,"HYDROLOGIC FUNCTION HAD MODERATE OR MODERATE-TO-EXTREME OR EXTREME-TO-TOTAL DEPARTURE FROM REFERENCE CONDITIONS (HF >= 3)","2020"
"Estimated BLM range acres with HF >= 3",7,"MT","2",553910,350473,0.633,104761,1003059,"HYDROLOGIC FUNCTION HAD MODERATE OR MODERATE-TO-EXTREME OR EXTREME-TO-TOTAL DEPARTURE FROM REFERENCE CONDITIONS (HF >= 3)","2020"
"Estimated BLM range acres with HF >= 3",7,"NV","1",244401,166285,0.68,31298,457504,"HYDROLOGIC FUNCTION HAD MODERATE OR MODERATE-TO-EXTREME OR EXTREME-TO-TOTAL DEPARTURE FROM REFERENCE CONDITIONS (HF >= 3)","2020"
"Estimated BLM range acres with HF >= 3",7,"NV","2",1095679,587723,0.536,342482,1848876,"HYDROLOGIC FUNCTION HAD MODERATE OR MODERATE-TO-EXTREME OR EXTREME-TO-TOTAL DEPARTURE FROM REFERENCE CONDITIONS (HF >= 3)","2020"
"Estimated BLM range acres with HF >= 3",7,"NM","2",9316958,1651085,0.177,7201008,11432908,"HYDROLOGIC FUNCTION HAD MODERATE OR MODERATE-TO-EXTREME OR EXTREME-TO-TOTAL DEPARTURE FROM REFERENCE CONDITIONS (HF >= 3)","2020"
"Estimated BLM range acres with HF >= 3",7,"OR","1",510585,197523,0.387,257449,763721,"HYDROLOGIC FUNCTION HAD MODERATE OR MODERATE-TO-EXTREME OR EXTREME-TO-TOTAL DEPARTURE FROM REFERENCE CONDITIONS (HF >= 3)","2020"
"Estimated BLM range acres with HF >= 3",7,"OR","2",0,0,0,0,0,"HYDROLOGIC FUNCTION HAD MODERATE OR MODERATE-TO-EXTREME OR EXTREME-TO-TOTAL DEPARTURE FROM REFERENCE CONDITIONS (HF >= 3)","2020"
"Estimated BLM range acres with HF >= 3",7,"SD","2",0,0,0,0,0,"HYDROLOGIC FUNCTION HAD MODERATE OR MODERATE-TO-EXTREME OR EXTREME-TO-TOTAL DEPARTURE FROM REFERENCE CONDITIONS (HF >= 3)","2020"
"Estimated BLM range acres with HF >= 3",7,"UT","1",10207,11463,1.123,0,24897,"HYDROLOGIC FUNCTION HAD MODERATE OR MODERATE-TO-EXTREME OR EXTREME-TO-TOTAL DEPARTURE FROM REFERENCE CONDITIONS (HF >= 3)","2020"
"Estimated BLM range acres with HF >= 3",7,"UT","2",810180,627777,0.775,5650,1614709,"HYDROLOGIC FUNCTION HAD MODERATE OR MODERATE-TO-EXTREME OR EXTREME-TO-TOTAL DEPARTURE FROM REFERENCE CONDITIONS (HF >= 3)","2020"
"Estimated BLM range acres with HF >= 3",7,"WA","2",0,0,0,0,0,"HYDROLOGIC FUNCTION HAD MODERATE OR MODERATE-TO-EXTREME OR EXTREME-TO-TOTAL DEPARTURE FROM REFERENCE CONDITIONS (HF >= 3)","2020"
"Estimated BLM range acres with HF >= 3",7,"WY","1",1312116,351292,0.268,861917,1762315,"HYDROLOGIC FUNCTION HAD MODERATE OR MODERATE-TO-EXTREME OR EXTREME-TO-TOTAL DEPARTURE FROM REFERENCE CONDITIONS (HF >= 3)","2020"
"Estimated BLM range acres with HF >= 3",7,"WY","2",356708,483802,1.356,0,976725,"HYDROLOGIC FUNCTION HAD MODERATE OR MODERATE-TO-EXTREME OR EXTREME-TO-TOTAL DEPARTURE FROM REFERENCE CONDITIONS (HF >= 3)","2020"
"16. Estimated % of BLM range acres with HF >= 4",8,"BLM","NA",2.55,0.78,0.306,1.55,3.55,"HYDROLOGIC FUNCTION HAD MODERATE-TO-EXTREME OR EXTREME-TO-TOTAL DEPARTURE FROM REFERENCE CONDITIONS (HF >= 4)","2020"
"16. Estimated % of BLM range acres with HF >= 4",8,"AZ","2",0,0,0,0,0,"HYDROLOGIC FUNCTION HAD MODERATE-TO-EXTREME OR EXTREME-TO-TOTAL DEPARTURE FROM REFERENCE CONDITIONS (HF >= 4)","2020"
"16. Estimated % of BLM range acres with HF >= 4",8,"CA","1",0,0,0,0,0,"HYDROLOGIC FUNCTION HAD MODERATE-TO-EXTREME OR EXTREME-TO-TOTAL DEPARTURE FROM REFERENCE CONDITIONS (HF >= 4)","2020"
"16. Estimated % of BLM range acres with HF >= 4",8,"CA","2",0,0,0,0,0,"HYDROLOGIC FUNCTION HAD MODERATE-TO-EXTREME OR EXTREME-TO-TOTAL DEPARTURE FROM REFERENCE CONDITIONS (HF >= 4)","2020"
"16. Estimated % of BLM range acres with HF >= 4",8,"CO","1",2.25,2.28,1.011,0,5.18,"HYDROLOGIC FUNCTION HAD MODERATE-TO-EXTREME OR EXTREME-TO-TOTAL DEPARTURE FROM REFERENCE CONDITIONS (HF >= 4)","2020"
"16. Estimated % of BLM range acres with HF >= 4",8,"CO","2",0,0,0,0,0,"HYDROLOGIC FUNCTION HAD MODERATE-TO-EXTREME OR EXTREME-TO-TOTAL DEPARTURE FROM REFERENCE CONDITIONS (HF >= 4)","2020"
"16. Estimated % of BLM range acres with HF >= 4",8,"ID","1",0,0,0,0,0,"HYDROLOGIC FUNCTION HAD MODERATE-TO-EXTREME OR EXTREME-TO-TOTAL DEPARTURE FROM REFERENCE CONDITIONS (HF >= 4)","2020"
"16. Estimated % of BLM range acres with HF >= 4",8,"ID","2",0,0,0,0,0,"HYDROLOGIC FUNCTION HAD MODERATE-TO-EXTREME OR EXTREME-TO-TOTAL DEPARTURE FROM REFERENCE CONDITIONS (HF >= 4)","2020"
"16. Estimated % of BLM range acres with HF >= 4",8,"MT","1",0,0,0,0,0,"HYDROLOGIC FUNCTION HAD MODERATE-TO-EXTREME OR EXTREME-TO-TOTAL DEPARTURE FROM REFERENCE CONDITIONS (HF >= 4)","2020"
"16. Estimated % of BLM range acres with HF >= 4",8,"MT","2",0,0,0,0,0,"HYDROLOGIC FUNCTION HAD MODERATE-TO-EXTREME OR EXTREME-TO-TOTAL DEPARTURE FROM REFERENCE CONDITIONS (HF >= 4)","2020"
"16. Estimated % of BLM range acres with HF >= 4",8,"NV","1",0,0,0,0,0,"HYDROLOGIC FUNCTION HAD MODERATE-TO-EXTREME OR EXTREME-TO-TOTAL DEPARTURE FROM REFERENCE CONDITIONS (HF >= 4)","2020"
"16. Estimated % of BLM range acres with HF >= 4",8,"NV","2",0.52,0.54,1.022,0,1.21,"HYDROLOGIC FUNCTION HAD MODERATE-TO-EXTREME OR EXTREME-TO-TOTAL DEPARTURE FROM REFERENCE CONDITIONS (HF >= 4)","2020"
"16. Estimated % of BLM range acres with HF >= 4",8,"NM","2",23.36,7.09,0.304,14.27,32.45,"HYDROLOGIC FUNCTION HAD MODERATE-TO-EXTREME OR EXTREME-TO-TOTAL DEPARTURE FROM REFERENCE CONDITIONS (HF >= 4)","2020"
"16. Estimated % of BLM range acres with HF >= 4",8,"OR","1",0.48,0.48,1.007,0,1.09,"HYDROLOGIC FUNCTION HAD MODERATE-TO-EXTREME OR EXTREME-TO-TOTAL DEPARTURE FROM REFERENCE CONDITIONS (HF >= 4)","2020"
"16. Estimated % of BLM range acres with HF >= 4",8,"OR","2",0,0,0,0,0,"HYDROLOGIC FUNCTION HAD MODERATE-TO-EXTREME OR EXTREME-TO-TOTAL DEPARTURE FROM REFERENCE CONDITIONS (HF >= 4)","2020"
"16. Estimated % of BLM range acres with HF >= 4",8,"SD","2",0,0,0,0,0,"HYDROLOGIC FUNCTION HAD MODERATE-TO-EXTREME OR EXTREME-TO-TOTAL DEPARTURE FROM REFERENCE CONDITIONS (HF >= 4)","2020"
"16. Estimated % of BLM range acres with HF >= 4",8,"UT","1",0,0,0,0,0,"HYDROLOGIC FUNCTION HAD MODERATE-TO-EXTREME OR EXTREME-TO-TOTAL DEPARTURE FROM REFERENCE CONDITIONS (HF >= 4)","2020"
"16. Estimated % of BLM range acres with HF >= 4",8,"UT","2",0,0,0,0,0,"HYDROLOGIC FUNCTION HAD MODERATE-TO-EXTREME OR EXTREME-TO-TOTAL DEPARTURE FROM REFERENCE CONDITIONS (HF >= 4)","2020"
"16. Estimated % of BLM range acres with HF >= 4",8,"WA","2",0,0,0,0,0,"HYDROLOGIC FUNCTION HAD MODERATE-TO-EXTREME OR EXTREME-TO-TOTAL DEPARTURE FROM REFERENCE CONDITIONS (HF >= 4)","2020"
"16. Estimated % of BLM range acres with HF >= 4",8,"WY","1",0.42,0.42,1.001,0,0.95,"HYDROLOGIC FUNCTION HAD MODERATE-TO-EXTREME OR EXTREME-TO-TOTAL DEPARTURE FROM REFERENCE CONDITIONS (HF >= 4)","2020"
"16. Estimated % of BLM range acres with HF >= 4",8,"WY","2",0,0,0,0,0,"HYDROLOGIC FUNCTION HAD MODERATE-TO-EXTREME OR EXTREME-TO-TOTAL DEPARTURE FROM REFERENCE CONDITIONS (HF >= 4)","2020"
"18. Estimated BLM range acres with HF >= 4",8,"BLM","NA",3793871,1172108,0.309,2291753,5295988,"HYDROLOGIC FUNCTION HAD MODERATE-TO-EXTREME OR EXTREME-TO-TOTAL DEPARTURE FROM REFERENCE CONDITIONS (HF >= 4)","2020"
"18. Estimated BLM range acres with HF >= 4",8,"AZ","2",0,0,0,0,0,"HYDROLOGIC FUNCTION HAD MODERATE-TO-EXTREME OR EXTREME-TO-TOTAL DEPARTURE FROM REFERENCE CONDITIONS (HF >= 4)","2020"
"18. Estimated BLM range acres with HF >= 4",8,"CA","1",0,0,0,0,0,"HYDROLOGIC FUNCTION HAD MODERATE-TO-EXTREME OR EXTREME-TO-TOTAL DEPARTURE FROM REFERENCE CONDITIONS (HF >= 4)","2020"
"18. Estimated BLM range acres with HF >= 4",8,"CA","2",0,0,0,0,0,"HYDROLOGIC FUNCTION HAD MODERATE-TO-EXTREME OR EXTREME-TO-TOTAL DEPARTURE FROM REFERENCE CONDITIONS (HF >= 4)","2020"
"18. Estimated BLM range acres with HF >= 4",8,"CO","1",37762,37953,1.005,0,86401,"HYDROLOGIC FUNCTION HAD MODERATE-TO-EXTREME OR EXTREME-TO-TOTAL DEPARTURE FROM REFERENCE CONDITIONS (HF >= 4)","2020"
"18. Estimated BLM range acres with HF >= 4",8,"CO","2",0,0,0,0,0,"HYDROLOGIC FUNCTION HAD MODERATE-TO-EXTREME OR EXTREME-TO-TOTAL DEPARTURE FROM REFERENCE CONDITIONS (HF >= 4)","2020"
"18. Estimated BLM range acres with HF >= 4",8,"ID","1",0,0,0,0,0,"HYDROLOGIC FUNCTION HAD MODERATE-TO-EXTREME OR EXTREME-TO-TOTAL DEPARTURE FROM REFERENCE CONDITIONS (HF >= 4)","2020"
"18. Estimated BLM range acres with HF >= 4",8,"ID","2",0,0,0,0,0,"HYDROLOGIC FUNCTION HAD MODERATE-TO-EXTREME OR EXTREME-TO-TOTAL DEPARTURE FROM REFERENCE CONDITIONS (HF >= 4)","2020"
"18. Estimated BLM range acres with HF >= 4",8,"MT","1",0,0,0,0,0,"HYDROLOGIC FUNCTION HAD MODERATE-TO-EXTREME OR EXTREME-TO-TOTAL DEPARTURE FROM REFERENCE CONDITIONS (HF >= 4)","2020"
"18. Estimated BLM range acres with HF >= 4",8,"MT","2",0,0,0,0,0,"HYDROLOGIC FUNCTION HAD MODERATE-TO-EXTREME OR EXTREME-TO-TOTAL DEPARTURE FROM REFERENCE CONDITIONS (HF >= 4)","2020"
"18. Estimated BLM range acres with HF >= 4",8,"NV","1",0,0,0,0,0,"HYDROLOGIC FUNCTION HAD MODERATE-TO-EXTREME OR EXTREME-TO-TOTAL DEPARTURE FROM REFERENCE CONDITIONS (HF >= 4)","2020"
"18. Estimated BLM range acres with HF >= 4",8,"NV","2",178420,181235,1.016,0,410682,"HYDROLOGIC FUNCTION HAD MODERATE-TO-EXTREME OR EXTREME-TO-TOTAL DEPARTURE FROM REFERENCE CONDITIONS (HF >= 4)","2020"
"18. Estimated BLM range acres with HF >= 4",8,"NM","2",3458302,1155172,0.334,1977890,4938714,"HYDROLOGIC FUNCTION HAD MODERATE-TO-EXTREME OR EXTREME-TO-TOTAL DEPARTURE FROM REFERENCE CONDITIONS (HF >= 4)","2020"
"18. Estimated BLM range acres with HF >= 4",8,"OR","1",51941,52344,1.008,0,119023,"HYDROLOGIC FUNCTION HAD MODERATE-TO-EXTREME OR EXTREME-TO-TOTAL DEPARTURE FROM REFERENCE CONDITIONS (HF >= 4)","2020"
"18. Estimated BLM range acres with HF >= 4",8,"OR","2",0,0,0,0,0,"HYDROLOGIC FUNCTION HAD MODERATE-TO-EXTREME OR EXTREME-TO-TOTAL DEPARTURE FROM REFERENCE CONDITIONS (HF >= 4)","2020"
"18. Estimated BLM range acres with HF >= 4",8,"SD","2",0,0,0,0,0,"HYDROLOGIC FUNCTION HAD MODERATE-TO-EXTREME OR EXTREME-TO-TOTAL DEPARTURE FROM REFERENCE CONDITIONS (HF >= 4)","2020"
"18. Estimated BLM range acres with HF >= 4",8,"UT","1",0,0,0,0,0,"HYDROLOGIC FUNCTION HAD MODERATE-TO-EXTREME OR EXTREME-TO-TOTAL DEPARTURE FROM REFERENCE CONDITIONS (HF >= 4)","2020"
"18. Estimated BLM range acres with HF >= 4",8,"UT","2",0,0,0,0,0,"HYDROLOGIC FUNCTION HAD MODERATE-TO-EXTREME OR EXTREME-TO-TOTAL DEPARTURE FROM REFERENCE CONDITIONS (HF >= 4)","2020"
"18. Estimated BLM range acres with HF >= 4",8,"WA","2",0,0,0,0,0,"HYDROLOGIC FUNCTION HAD MODERATE-TO-EXTREME OR EXTREME-TO-TOTAL DEPARTURE FROM REFERENCE CONDITIONS (HF >= 4)","2020"
"18. Estimated BLM range acres with HF >= 4",8,"WY","1",67445,67517,1.001,0,153971,"HYDROLOGIC FUNCTION HAD MODERATE-TO-EXTREME OR EXTREME-TO-TOTAL DEPARTURE FROM REFERENCE CONDITIONS (HF >= 4)","2020"
"18. Estimated BLM range acres with HF >= 4",8,"WY","2",0,0,0,0,0,"HYDROLOGIC FUNCTION HAD MODERATE-TO-EXTREME OR EXTREME-TO-TOTAL DEPARTURE FROM REFERENCE CONDITIONS (HF >= 4)","2020"
"19. Estimated % of BLM range acres with SSS <= 2",9,"BLM","NA",91.52,1.24,0.014,89.94,93.11,"SOIL AND SITE STABILITY HAD NONE-TO-SLIGHT OR SLIGHT-TO-MODERATE DEPARTURE FROM REFERENCE CONDITIONS (SSS <= 2)","2020"
"19. Estimated % of BLM range acres with SSS <= 2",9,"AZ","2",100,0,0,100,100,"SOIL AND SITE STABILITY HAD NONE-TO-SLIGHT OR SLIGHT-TO-MODERATE DEPARTURE FROM REFERENCE CONDITIONS (SSS <= 2)","2020"
"19. Estimated % of BLM range acres with SSS <= 2",9,"CA","1",0,0,0,0,0,"SOIL AND SITE STABILITY HAD NONE-TO-SLIGHT OR SLIGHT-TO-MODERATE DEPARTURE FROM REFERENCE CONDITIONS (SSS <= 2)","2020"
"19. Estimated % of BLM range acres with SSS <= 2",9,"CA","2",0,0,0,0,0,"SOIL AND SITE STABILITY HAD NONE-TO-SLIGHT OR SLIGHT-TO-MODERATE DEPARTURE FROM REFERENCE CONDITIONS (SSS <= 2)","2020"
"19. Estimated % of BLM range acres with SSS <= 2",9,"CO","1",94.59,4.12,0.044,89.3,99.87,"SOIL AND SITE STABILITY HAD NONE-TO-SLIGHT OR SLIGHT-TO-MODERATE DEPARTURE FROM REFERENCE CONDITIONS (SSS <= 2)","2020"
"19. Estimated % of BLM range acres with SSS <= 2",9,"CO","2",100,0,0,100,100,"SOIL AND SITE STABILITY HAD NONE-TO-SLIGHT OR SLIGHT-TO-MODERATE DEPARTURE FROM REFERENCE CONDITIONS (SSS <= 2)","2020"
"19. Estimated % of BLM range acres with SSS <= 2",9,"ID","1",0,0,0,0,0,"SOIL AND SITE STABILITY HAD NONE-TO-SLIGHT OR SLIGHT-TO-MODERATE DEPARTURE FROM REFERENCE CONDITIONS (SSS <= 2)","2020"
"19. Estimated % of BLM range acres with SSS <= 2",9,"ID","2",0,0,0,0,0,"SOIL AND SITE STABILITY HAD NONE-TO-SLIGHT OR SLIGHT-TO-MODERATE DEPARTURE FROM REFERENCE CONDITIONS (SSS <= 2)","2020"
"19. Estimated % of BLM range acres with SSS <= 2",9,"MT","1",98.57,1.01,0.01,97.28,99.85,"SOIL AND SITE STABILITY HAD NONE-TO-SLIGHT OR SLIGHT-TO-MODERATE DEPARTURE FROM REFERENCE CONDITIONS (SSS <= 2)","2020"
"19. Estimated % of BLM range acres with SSS <= 2",9,"MT","2",24.17,34.99,1.448,0,69.02,"SOIL AND SITE STABILITY HAD NONE-TO-SLIGHT OR SLIGHT-TO-MODERATE DEPARTURE FROM REFERENCE CONDITIONS (SSS <= 2)","2020"
"19. Estimated % of BLM range acres with SSS <= 2",9,"NV","1",98.47,1.13,0.012,97.01,99.92,"SOIL AND SITE STABILITY HAD NONE-TO-SLIGHT OR SLIGHT-TO-MODERATE DEPARTURE FROM REFERENCE CONDITIONS (SSS <= 2)","2020"
"19. Estimated % of BLM range acres with SSS <= 2",9,"NV","2",97.38,1.76,0.018,95.13,99.63,"SOIL AND SITE STABILITY HAD NONE-TO-SLIGHT OR SLIGHT-TO-MODERATE DEPARTURE FROM REFERENCE CONDITIONS (SSS <= 2)","2020"
"19. Estimated % of BLM range acres with SSS <= 2",9,"NM","2",39.28,8.8,0.224,28.01,50.55,"SOIL AND SITE STABILITY HAD NONE-TO-SLIGHT OR SLIGHT-TO-MODERATE DEPARTURE FROM REFERENCE CONDITIONS (SSS <= 2)","2020"
"19. Estimated % of BLM range acres with SSS <= 2",9,"OR","1",97.6,1.38,0.014,95.83,99.37,"SOIL AND SITE STABILITY HAD NONE-TO-SLIGHT OR SLIGHT-TO-MODERATE DEPARTURE FROM REFERENCE CONDITIONS (SSS <= 2)","2020"
"19. Estimated % of BLM range acres with SSS <= 2",9,"OR","2",100,0,0,100,100,"SOIL AND SITE STABILITY HAD NONE-TO-SLIGHT OR SLIGHT-TO-MODERATE DEPARTURE FROM REFERENCE CONDITIONS (SSS <= 2)","2020"
"19. Estimated % of BLM range acres with SSS <= 2",9,"SD","2",100,98.26,0.983,0,100,"SOIL AND SITE STABILITY HAD NONE-TO-SLIGHT OR SLIGHT-TO-MODERATE DEPARTURE FROM REFERENCE CONDITIONS (SSS <= 2)","2020"
"19. Estimated % of BLM range acres with SSS <= 2",9,"UT","1",96.42,3.91,0.041,91.4,100,"SOIL AND SITE STABILITY HAD NONE-TO-SLIGHT OR SLIGHT-TO-MODERATE DEPARTURE FROM REFERENCE CONDITIONS (SSS <= 2)","2020"
"19. Estimated % of BLM range acres with SSS <= 2",9,"UT","2",99.78,0.25,0.003,99.46,100,"SOIL AND SITE STABILITY HAD NONE-TO-SLIGHT OR SLIGHT-TO-MODERATE DEPARTURE FROM REFERENCE CONDITIONS (SSS <= 2)","2020"
"19. Estimated % of BLM range acres with SSS <= 2",9,"WA","2",100,98.26,0.983,0,100,"SOIL AND SITE STABILITY HAD NONE-TO-SLIGHT OR SLIGHT-TO-MODERATE DEPARTURE FROM REFERENCE CONDITIONS (SSS <= 2)","2020"
"19. Estimated % of BLM range acres with SSS <= 2",9,"WY","1",95.11,1.43,0.015,93.28,96.95,"SOIL AND SITE STABILITY HAD NONE-TO-SLIGHT OR SLIGHT-TO-MODERATE DEPARTURE FROM REFERENCE CONDITIONS (SSS <= 2)","2020"
"19. Estimated % of BLM range acres with SSS <= 2",9,"WY","2",88.55,16.03,0.181,68.01,100,"SOIL AND SITE STABILITY HAD NONE-TO-SLIGHT OR SLIGHT-TO-MODERATE DEPARTURE FROM REFERENCE CONDITIONS (SSS <= 2)","2020"
"21. Estimated BLM range acres with SSS <= 2",9,"BLM","NA",136343122,2339509,0.017,133344921,139341322,"SOIL AND SITE STABILITY HAD NONE-TO-SLIGHT OR SLIGHT-TO-MODERATE DEPARTURE FROM REFERENCE CONDITIONS (SSS <= 2)","2020"
"21. Estimated BLM range acres with SSS <= 2",9,"AZ","2",12639885,1312594,0.104,10957728,14322042,"SOIL AND SITE STABILITY HAD NONE-TO-SLIGHT OR SLIGHT-TO-MODERATE DEPARTURE FROM REFERENCE CONDITIONS (SSS <= 2)","2020"
"21. Estimated BLM range acres with SSS <= 2",9,"CA","1",0,0,0,0,0,"SOIL AND SITE STABILITY HAD NONE-TO-SLIGHT OR SLIGHT-TO-MODERATE DEPARTURE FROM REFERENCE CONDITIONS (SSS <= 2)","2020"
"21. Estimated BLM range acres with SSS <= 2",9,"CA","2",0,0,0,0,0,"SOIL AND SITE STABILITY HAD NONE-TO-SLIGHT OR SLIGHT-TO-MODERATE DEPARTURE FROM REFERENCE CONDITIONS (SSS <= 2)","2020"
"21. Estimated BLM range acres with SSS <= 2",9,"CO","1",1584139,174601,0.11,1360380,1807899,"SOIL AND SITE STABILITY HAD NONE-TO-SLIGHT OR SLIGHT-TO-MODERATE DEPARTURE FROM REFERENCE CONDITIONS (SSS <= 2)","2020"
"21. Estimated BLM range acres with SSS <= 2",9,"CO","2",6072375,459708,0.076,5483236,6661514,"SOIL AND SITE STABILITY HAD NONE-TO-SLIGHT OR SLIGHT-TO-MODERATE DEPARTURE FROM REFERENCE CONDITIONS (SSS <= 2)","2020"
"21. Estimated BLM range acres with SSS <= 2",9,"ID","1",0,0,0,0,0,"SOIL AND SITE STABILITY HAD NONE-TO-SLIGHT OR SLIGHT-TO-MODERATE DEPARTURE FROM REFERENCE CONDITIONS (SSS <= 2)","2020"
"21. Estimated BLM range acres with SSS <= 2",9,"ID","2",0,0,0,0,0,"SOIL AND SITE STABILITY HAD NONE-TO-SLIGHT OR SLIGHT-TO-MODERATE DEPARTURE FROM REFERENCE CONDITIONS (SSS <= 2)","2020"
"21. Estimated BLM range acres with SSS <= 2",9,"MT","1",6889515,180097,0.026,6658711,7120318,"SOIL AND SITE STABILITY HAD NONE-TO-SLIGHT OR SLIGHT-TO-MODERATE DEPARTURE FROM REFERENCE CONDITIONS (SSS <= 2)","2020"
"21. Estimated BLM range acres with SSS <= 2",9,"MT","2",265251,361880,1.364,0,729020,"SOIL AND SITE STABILITY HAD NONE-TO-SLIGHT OR SLIGHT-TO-MODERATE DEPARTURE FROM REFERENCE CONDITIONS (SSS <= 2)","2020"
"21. Estimated BLM range acres with SSS <= 2",9,"NV","1",14616801,365130,0.025,14148868,15084734,"SOIL AND SITE STABILITY HAD NONE-TO-SLIGHT OR SLIGHT-TO-MODERATE DEPARTURE FROM REFERENCE CONDITIONS (SSS <= 2)","2020"
"21. Estimated BLM range acres with SSS <= 2",9,"NV","2",33177809,1941816,0.059,30689271,35666346,"SOIL AND SITE STABILITY HAD NONE-TO-SLIGHT OR SLIGHT-TO-MODERATE DEPARTURE FROM REFERENCE CONDITIONS (SSS <= 2)","2020"
"21. Estimated BLM range acres with SSS <= 2",9,"NM","2",5815435,1317212,0.227,4127360,7503510,"SOIL AND SITE STABILITY HAD NONE-TO-SLIGHT OR SLIGHT-TO-MODERATE DEPARTURE FROM REFERENCE CONDITIONS (SSS <= 2)","2020"
"21. Estimated BLM range acres with SSS <= 2",9,"OR","1",10620985,260496,0.025,10287147,10954824,"SOIL AND SITE STABILITY HAD NONE-TO-SLIGHT OR SLIGHT-TO-MODERATE DEPARTURE FROM REFERENCE CONDITIONS (SSS <= 2)","2020"
"21. Estimated BLM range acres with SSS <= 2",9,"OR","2",4731325,645664,0.136,3903873,5558777,"SOIL AND SITE STABILITY HAD NONE-TO-SLIGHT OR SLIGHT-TO-MODERATE DEPARTURE FROM REFERENCE CONDITIONS (SSS <= 2)","2020"
"21. Estimated BLM range acres with SSS <= 2",9,"SD","2",790060,776415,0.983,0,1785077,"SOIL AND SITE STABILITY HAD NONE-TO-SLIGHT OR SLIGHT-TO-MODERATE DEPARTURE FROM REFERENCE CONDITIONS (SSS <= 2)","2020"
"21. Estimated BLM range acres with SSS <= 2",9,"UT","1",1133715,171680,0.151,913697,1353732,"SOIL AND SITE STABILITY HAD NONE-TO-SLIGHT OR SLIGHT-TO-MODERATE DEPARTURE FROM REFERENCE CONDITIONS (SSS <= 2)","2020"
"21. Estimated BLM range acres with SSS <= 2",9,"UT","2",19481907,1188654,0.061,17958586,21005228,"SOIL AND SITE STABILITY HAD NONE-TO-SLIGHT OR SLIGHT-TO-MODERATE DEPARTURE FROM REFERENCE CONDITIONS (SSS <= 2)","2020"
"21. Estimated BLM range acres with SSS <= 2",9,"WA","2",346327,340303,0.983,0,782442,"SOIL AND SITE STABILITY HAD NONE-TO-SLIGHT OR SLIGHT-TO-MODERATE DEPARTURE FROM REFERENCE CONDITIONS (SSS <= 2)","2020"
"21. Estimated BLM range acres with SSS <= 2",9,"WY","1",15419119,338283,0.022,14985592,15852647,"SOIL AND SITE STABILITY HAD NONE-TO-SLIGHT OR SLIGHT-TO-MODERATE DEPARTURE FROM REFERENCE CONDITIONS (SSS <= 2)","2020"
"21. Estimated BLM range acres with SSS <= 2",9,"WY","2",2758474,692877,0.251,1870517,3646431,"SOIL AND SITE STABILITY HAD NONE-TO-SLIGHT OR SLIGHT-TO-MODERATE DEPARTURE FROM REFERENCE CONDITIONS (SSS <= 2)","2020"
"22. Estimated % of BLM range acres with SSS = 3",10,"BLM","NA",5.89,0.91,0.154,4.72,7.05,"SOIL AND SITE STABILITY HAD MODERATE DEPARTURE FROM REFERENCE CONDITIONS (SSS = 3)","2020"
"22. Estimated % of BLM range acres with SSS = 3",10,"AZ","2",0,0,0,0,0,"SOIL AND SITE STABILITY HAD MODERATE DEPARTURE FROM REFERENCE CONDITIONS (SSS = 3)","2020"
"22. Estimated % of BLM range acres with SSS = 3",10,"CA","1",0,0,0,0,0,"SOIL AND SITE STABILITY HAD MODERATE DEPARTURE FROM REFERENCE CONDITIONS (SSS = 3)","2020"
"22. Estimated % of BLM range acres with SSS = 3",10,"CA","2",0,0,0,0,0,"SOIL AND SITE STABILITY HAD MODERATE DEPARTURE FROM REFERENCE CONDITIONS (SSS = 3)","2020"
"22. Estimated % of BLM range acres with SSS = 3",10,"CO","1",5.41,4.12,0.762,0.13,10.7,"SOIL AND SITE STABILITY HAD MODERATE DEPARTURE FROM REFERENCE CONDITIONS (SSS = 3)","2020"
"22. Estimated % of BLM range acres with SSS = 3",10,"CO","2",0,0,0,0,0,"SOIL AND SITE STABILITY HAD MODERATE DEPARTURE FROM REFERENCE CONDITIONS (SSS = 3)","2020"
"22. Estimated % of BLM range acres with SSS = 3",10,"ID","1",0,0,0,0,0,"SOIL AND SITE STABILITY HAD MODERATE DEPARTURE FROM REFERENCE CONDITIONS (SSS = 3)","2020"
"22. Estimated % of BLM range acres with SSS = 3",10,"ID","2",0,0,0,0,0,"SOIL AND SITE STABILITY HAD MODERATE DEPARTURE FROM REFERENCE CONDITIONS (SSS = 3)","2020"
"22. Estimated % of BLM range acres with SSS = 3",10,"MT","1",1.43,1.01,0.701,0.15,2.72,"SOIL AND SITE STABILITY HAD MODERATE DEPARTURE FROM REFERENCE CONDITIONS (SSS = 3)","2020"
"22. Estimated % of BLM range acres with SSS = 3",10,"MT","2",50.48,22.73,0.45,21.34,79.61,"SOIL AND SITE STABILITY HAD MODERATE DEPARTURE FROM REFERENCE CONDITIONS (SSS = 3)","2020"
"22. Estimated % of BLM range acres with SSS = 3",10,"NV","1",1.53,1.13,0.74,0.08,2.99,"SOIL AND SITE STABILITY HAD MODERATE DEPARTURE FROM REFERENCE CONDITIONS (SSS = 3)","2020"
"22. Estimated % of BLM range acres with SSS = 3",10,"NV","2",2.62,1.76,0.67,0.37,4.87,"SOIL AND SITE STABILITY HAD MODERATE DEPARTURE FROM REFERENCE CONDITIONS (SSS = 3)","2020"
"22. Estimated % of BLM range acres with SSS = 3",10,"NM","2",37.36,7.66,0.205,27.55,47.17,"SOIL AND SITE STABILITY HAD MODERATE DEPARTURE FROM REFERENCE CONDITIONS (SSS = 3)","2020"
"22. Estimated % of BLM range acres with SSS = 3",10,"OR","1",1.92,1.14,0.592,0.46,3.38,"SOIL AND SITE STABILITY HAD MODERATE DEPARTURE FROM REFERENCE CONDITIONS (SSS = 3)","2020"
"22. Estimated % of BLM range acres with SSS = 3",10,"OR","2",0,0,0,0,0,"SOIL AND SITE STABILITY HAD MODERATE DEPARTURE FROM REFERENCE CONDITIONS (SSS = 3)","2020"
"22. Estimated % of BLM range acres with SSS = 3",10,"SD","2",0,0,0,0,0,"SOIL AND SITE STABILITY HAD MODERATE DEPARTURE FROM REFERENCE CONDITIONS (SSS = 3)","2020"
"22. Estimated % of BLM range acres with SSS = 3",10,"UT","1",3.58,3.91,1.091,0,8.6,"SOIL AND SITE STABILITY HAD MODERATE DEPARTURE FROM REFERENCE CONDITIONS (SSS = 3)","2020"
"22. Estimated % of BLM range acres with SSS = 3",10,"UT","2",0.22,0.25,1.12,0,0.54,"SOIL AND SITE STABILITY HAD MODERATE DEPARTURE FROM REFERENCE CONDITIONS (SSS = 3)","2020"
"22. Estimated % of BLM range acres with SSS = 3",10,"WA","2",0,0,0,0,0,"SOIL AND SITE STABILITY HAD MODERATE DEPARTURE FROM REFERENCE CONDITIONS (SSS = 3)","2020"
"22. Estimated % of BLM range acres with SSS = 3",10,"WY","1",4.47,1.43,0.32,2.64,6.31,"SOIL AND SITE STABILITY HAD MODERATE DEPARTURE FROM REFERENCE CONDITIONS (SSS = 3)","2020"
"22. Estimated % of BLM range acres with SSS = 3",10,"WY","2",11.45,16.03,1.4,0,31.99,"SOIL AND SITE STABILITY HAD MODERATE DEPARTURE FROM REFERENCE CONDITIONS (SSS = 3)","2020"
"24. Estimated BLM range acres with SSS = 3",10,"BLM","NA",8772264,1374572,0.157,7010680,10533848,"SOIL AND SITE STABILITY HAD MODERATE DEPARTURE FROM REFERENCE CONDITIONS (SSS = 3)","2020"
"24. Estimated BLM range acres with SSS = 3",10,"AZ","2",0,0,0,0,0,"SOIL AND SITE STABILITY HAD MODERATE DEPARTURE FROM REFERENCE CONDITIONS (SSS = 3)","2020"
"24. Estimated BLM range acres with SSS = 3",10,"CA","1",0,0,0,0,0,"SOIL AND SITE STABILITY HAD MODERATE DEPARTURE FROM REFERENCE CONDITIONS (SSS = 3)","2020"
"24. Estimated BLM range acres with SSS = 3",10,"CA","2",0,0,0,0,0,"SOIL AND SITE STABILITY HAD MODERATE DEPARTURE FROM REFERENCE CONDITIONS (SSS = 3)","2020"
"24. Estimated BLM range acres with SSS = 3",10,"CO","1",90662,68749,0.758,2557,178768,"SOIL AND SITE STABILITY HAD MODERATE DEPARTURE FROM REFERENCE CONDITIONS (SSS = 3)","2020"
"24. Estimated BLM range acres with SSS = 3",10,"CO","2",0,0,0,0,0,"SOIL AND SITE STABILITY HAD MODERATE DEPARTURE FROM REFERENCE CONDITIONS (SSS = 3)","2020"
"24. Estimated BLM range acres with SSS = 3",10,"ID","1",0,0,0,0,0,"SOIL AND SITE STABILITY HAD MODERATE DEPARTURE FROM REFERENCE CONDITIONS (SSS = 3)","2020"
"24. Estimated BLM range acres with SSS = 3",10,"ID","2",0,0,0,0,0,"SOIL AND SITE STABILITY HAD MODERATE DEPARTURE FROM REFERENCE CONDITIONS (SSS = 3)","2020"
"24. Estimated BLM range acres with SSS = 3",10,"MT","1",100253,70092,0.699,10426,190079,"SOIL AND SITE STABILITY HAD MODERATE DEPARTURE FROM REFERENCE CONDITIONS (SSS = 3)","2020"
"24. Estimated BLM range acres with SSS = 3",10,"MT","2",553910,350473,0.633,104761,1003059,"SOIL AND SITE STABILITY HAD MODERATE DEPARTURE FROM REFERENCE CONDITIONS (SSS = 3)","2020"
"24. Estimated BLM range acres with SSS = 3",10,"NV","1",227568,168236,0.739,11966,443171,"SOIL AND SITE STABILITY HAD MODERATE DEPARTURE FROM REFERENCE CONDITIONS (SSS = 3)","2020"
"24. Estimated BLM range acres with SSS = 3",10,"NV","2",892889,585477,0.656,142569,1643208,"SOIL AND SITE STABILITY HAD MODERATE DEPARTURE FROM REFERENCE CONDITIONS (SSS = 3)","2020"
"24. Estimated BLM range acres with SSS = 3",10,"NM","2",5530738,1192355,0.216,4002673,7058802,"SOIL AND SITE STABILITY HAD MODERATE DEPARTURE FROM REFERENCE CONDITIONS (SSS = 3)","2020"
"24. Estimated BLM range acres with SSS = 3",10,"OR","1",208965,124384,0.595,49561,368369,"SOIL AND SITE STABILITY HAD MODERATE DEPARTURE FROM REFERENCE CONDITIONS (SSS = 3)","2020"
"24. Estimated BLM range acres with SSS = 3",10,"OR","2",0,0,0,0,0,"SOIL AND SITE STABILITY HAD MODERATE DEPARTURE FROM REFERENCE CONDITIONS (SSS = 3)","2020"
"24. Estimated BLM range acres with SSS = 3",10,"SD","2",0,0,0,0,0,"SOIL AND SITE STABILITY HAD MODERATE DEPARTURE FROM REFERENCE CONDITIONS (SSS = 3)","2020"
"24. Estimated BLM range acres with SSS = 3",10,"UT","1",42149,47989,1.139,0,103649,"SOIL AND SITE STABILITY HAD MODERATE DEPARTURE FROM REFERENCE CONDITIONS (SSS = 3)","2020"
"24. Estimated BLM range acres with SSS = 3",10,"UT","2",43621,48231,1.106,0,105431,"SOIL AND SITE STABILITY HAD MODERATE DEPARTURE FROM REFERENCE CONDITIONS (SSS = 3)","2020"
"24. Estimated BLM range acres with SSS = 3",10,"WA","2",0,0,0,0,0,"SOIL AND SITE STABILITY HAD MODERATE DEPARTURE FROM REFERENCE CONDITIONS (SSS = 3)","2020"
"24. Estimated BLM range acres with SSS = 3",10,"WY","1",724801,235724,0.325,422709,1026893,"SOIL AND SITE STABILITY HAD MODERATE DEPARTURE FROM REFERENCE CONDITIONS (SSS = 3)","2020"
"24. Estimated BLM range acres with SSS = 3",10,"WY","2",356708,483802,1.356,0,976725,"SOIL AND SITE STABILITY HAD MODERATE DEPARTURE FROM REFERENCE CONDITIONS (SSS = 3)","2020"
"Estimated % of BLM range acres with SSS >= 3",11,"BLM","NA",8.48,1.24,0.146,6.89,10.06,"SOIL AND SITE STABILITY HAD MODERATE OR MODERATE-TO-EXTREME OR EXTREME-TO-TOTAL DEPARTURE FROM REFERENCE CONDITIONS (SSS >= 3)","2020"
"Estimated % of BLM range acres with SSS >= 3",11,"AZ","2",0,0,0,0,0,"SOIL AND SITE STABILITY HAD MODERATE OR MODERATE-TO-EXTREME OR EXTREME-TO-TOTAL DEPARTURE FROM REFERENCE CONDITIONS (SSS >= 3)","2020"
"Estimated % of BLM range acres with SSS >= 3",11,"CA","1",0,0,0,0,0,"SOIL AND SITE STABILITY HAD MODERATE OR MODERATE-TO-EXTREME OR EXTREME-TO-TOTAL DEPARTURE FROM REFERENCE CONDITIONS (SSS >= 3)","2020"
"Estimated % of BLM range acres with SSS >= 3",11,"CA","2",0,0,0,0,0,"SOIL AND SITE STABILITY HAD MODERATE OR MODERATE-TO-EXTREME OR EXTREME-TO-TOTAL DEPARTURE FROM REFERENCE CONDITIONS (SSS >= 3)","2020"
"Estimated % of BLM range acres with SSS >= 3",11,"CO","1",5.41,4.12,0.762,0.13,10.7,"SOIL AND SITE STABILITY HAD MODERATE OR MODERATE-TO-EXTREME OR EXTREME-TO-TOTAL DEPARTURE FROM REFERENCE CONDITIONS (SSS >= 3)","2020"
"Estimated % of BLM range acres with SSS >= 3",11,"CO","2",0,0,0,0,0,"SOIL AND SITE STABILITY HAD MODERATE OR MODERATE-TO-EXTREME OR EXTREME-TO-TOTAL DEPARTURE FROM REFERENCE CONDITIONS (SSS >= 3)","2020"
"Estimated % of BLM range acres with SSS >= 3",11,"ID","1",0,0,0,0,0,"SOIL AND SITE STABILITY HAD MODERATE OR MODERATE-TO-EXTREME OR EXTREME-TO-TOTAL DEPARTURE FROM REFERENCE CONDITIONS (SSS >= 3)","2020"
"Estimated % of BLM range acres with SSS >= 3",11,"ID","2",0,0,0,0,0,"SOIL AND SITE STABILITY HAD MODERATE OR MODERATE-TO-EXTREME OR EXTREME-TO-TOTAL DEPARTURE FROM REFERENCE CONDITIONS (SSS >= 3)","2020"
"Estimated % of BLM range acres with SSS >= 3",11,"MT","1",1.43,1.01,0.701,0.15,2.72,"SOIL AND SITE STABILITY HAD MODERATE OR MODERATE-TO-EXTREME OR EXTREME-TO-TOTAL DEPARTURE FROM REFERENCE CONDITIONS (SSS >= 3)","2020"
"Estimated % of BLM range acres with SSS >= 3",11,"MT","2",75.83,34.99,0.461,30.98,100,"SOIL AND SITE STABILITY HAD MODERATE OR MODERATE-TO-EXTREME OR EXTREME-TO-TOTAL DEPARTURE FROM REFERENCE CONDITIONS (SSS >= 3)","2020"
"Estimated % of BLM range acres with SSS >= 3",11,"NV","1",1.53,1.13,0.74,0.08,2.99,"SOIL AND SITE STABILITY HAD MODERATE OR MODERATE-TO-EXTREME OR EXTREME-TO-TOTAL DEPARTURE FROM REFERENCE CONDITIONS (SSS >= 3)","2020"
"Estimated % of BLM range acres with SSS >= 3",11,"NV","2",2.62,1.76,0.67,0.37,4.87,"SOIL AND SITE STABILITY HAD MODERATE OR MODERATE-TO-EXTREME OR EXTREME-TO-TOTAL DEPARTURE FROM REFERENCE CONDITIONS (SSS >= 3)","2020"
"Estimated % of BLM range acres with SSS >= 3",11,"NM","2",60.72,8.8,0.145,49.45,71.99,"SOIL AND SITE STABILITY HAD MODERATE OR MODERATE-TO-EXTREME OR EXTREME-TO-TOTAL DEPARTURE FROM REFERENCE CONDITIONS (SSS >= 3)","2020"
"Estimated % of BLM range acres with SSS >= 3",11,"OR","1",2.4,1.38,0.576,0.63,4.17,"SOIL AND SITE STABILITY HAD MODERATE OR MODERATE-TO-EXTREME OR EXTREME-TO-TOTAL DEPARTURE FROM REFERENCE CONDITIONS (SSS >= 3)","2020"
"Estimated % of BLM range acres with SSS >= 3",11,"OR","2",0,0,0,0,0,"SOIL AND SITE STABILITY HAD MODERATE OR MODERATE-TO-EXTREME OR EXTREME-TO-TOTAL DEPARTURE FROM REFERENCE CONDITIONS (SSS >= 3)","2020"
"Estimated % of BLM range acres with SSS >= 3",11,"SD","2",0,0,0,0,0,"SOIL AND SITE STABILITY HAD MODERATE OR MODERATE-TO-EXTREME OR EXTREME-TO-TOTAL DEPARTURE FROM REFERENCE CONDITIONS (SSS >= 3)","2020"
"Estimated % of BLM range acres with SSS >= 3",11,"UT","1",3.58,3.91,1.091,0,8.6,"SOIL AND SITE STABILITY HAD MODERATE OR MODERATE-TO-EXTREME OR EXTREME-TO-TOTAL DEPARTURE FROM REFERENCE CONDITIONS (SSS >= 3)","2020"
"Estimated % of BLM range acres with SSS >= 3",11,"UT","2",0.22,0.25,1.12,0,0.54,"SOIL AND SITE STABILITY HAD MODERATE OR MODERATE-TO-EXTREME OR EXTREME-TO-TOTAL DEPARTURE FROM REFERENCE CONDITIONS (SSS >= 3)","2020"
"Estimated % of BLM range acres with SSS >= 3",11,"WA","2",0,0,0,0,0,"SOIL AND SITE STABILITY HAD MODERATE OR MODERATE-TO-EXTREME OR EXTREME-TO-TOTAL DEPARTURE FROM REFERENCE CONDITIONS (SSS >= 3)","2020"
"Estimated % of BLM range acres with SSS >= 3",11,"WY","1",4.89,1.43,0.293,3.05,6.72,"SOIL AND SITE STABILITY HAD MODERATE OR MODERATE-TO-EXTREME OR EXTREME-TO-TOTAL DEPARTURE FROM REFERENCE CONDITIONS (SSS >= 3)","2020"
"Estimated % of BLM range acres with SSS >= 3",11,"WY","2",11.45,16.03,1.4,0,31.99,"SOIL AND SITE STABILITY HAD MODERATE OR MODERATE-TO-EXTREME OR EXTREME-TO-TOTAL DEPARTURE FROM REFERENCE CONDITIONS (SSS >= 3)","2020"
"Estimated BLM range acres with SSS >= 3",11,"BLM","NA",12628158,1885781,0.149,10211432,15044883,"SOIL AND SITE STABILITY HAD MODERATE OR MODERATE-TO-EXTREME OR EXTREME-TO-TOTAL DEPARTURE FROM REFERENCE CONDITIONS (SSS >= 3)","2020"
"Estimated BLM range acres with SSS >= 3",11,"AZ","2",0,0,0,0,0,"SOIL AND SITE STABILITY HAD MODERATE OR MODERATE-TO-EXTREME OR EXTREME-TO-TOTAL DEPARTURE FROM REFERENCE CONDITIONS (SSS >= 3)","2020"
"Estimated BLM range acres with SSS >= 3",11,"CA","1",0,0,0,0,0,"SOIL AND SITE STABILITY HAD MODERATE OR MODERATE-TO-EXTREME OR EXTREME-TO-TOTAL DEPARTURE FROM REFERENCE CONDITIONS (SSS >= 3)","2020"
"Estimated BLM range acres with SSS >= 3",11,"CA","2",0,0,0,0,0,"SOIL AND SITE STABILITY HAD MODERATE OR MODERATE-TO-EXTREME OR EXTREME-TO-TOTAL DEPARTURE FROM REFERENCE CONDITIONS (SSS >= 3)","2020"
"Estimated BLM range acres with SSS >= 3",11,"CO","1",90662,68749,0.758,2557,178768,"SOIL AND SITE STABILITY HAD MODERATE OR MODERATE-TO-EXTREME OR EXTREME-TO-TOTAL DEPARTURE FROM REFERENCE CONDITIONS (SSS >= 3)","2020"
"Estimated BLM range acres with SSS >= 3",11,"CO","2",0,0,0,0,0,"SOIL AND SITE STABILITY HAD MODERATE OR MODERATE-TO-EXTREME OR EXTREME-TO-TOTAL DEPARTURE FROM REFERENCE CONDITIONS (SSS >= 3)","2020"
"Estimated BLM range acres with SSS >= 3",11,"ID","1",0,0,0,0,0,"SOIL AND SITE STABILITY HAD MODERATE OR MODERATE-TO-EXTREME OR EXTREME-TO-TOTAL DEPARTURE FROM REFERENCE CONDITIONS (SSS >= 3)","2020"
"Estimated BLM range acres with SSS >= 3",11,"ID","2",0,0,0,0,0,"SOIL AND SITE STABILITY HAD MODERATE OR MODERATE-TO-EXTREME OR EXTREME-TO-TOTAL DEPARTURE FROM REFERENCE CONDITIONS (SSS >= 3)","2020"
"Estimated BLM range acres with SSS >= 3",11,"MT","1",100253,70092,0.699,10426,190079,"SOIL AND SITE STABILITY HAD MODERATE OR MODERATE-TO-EXTREME OR EXTREME-TO-TOTAL DEPARTURE FROM REFERENCE CONDITIONS (SSS >= 3)","2020"
"Estimated BLM range acres with SSS >= 3",11,"MT","2",832115,526108,0.632,157880,1506349,"SOIL AND SITE STABILITY HAD MODERATE OR MODERATE-TO-EXTREME OR EXTREME-TO-TOTAL DEPARTURE FROM REFERENCE CONDITIONS (SSS >= 3)","2020"
"Estimated BLM range acres with SSS >= 3",11,"NV","1",227568,168236,0.739,11966,443171,"SOIL AND SITE STABILITY HAD MODERATE OR MODERATE-TO-EXTREME OR EXTREME-TO-TOTAL DEPARTURE FROM REFERENCE CONDITIONS (SSS >= 3)","2020"
"Estimated BLM range acres with SSS >= 3",11,"NV","2",892889,585477,0.656,142569,1643208,"SOIL AND SITE STABILITY HAD MODERATE OR MODERATE-TO-EXTREME OR EXTREME-TO-TOTAL DEPARTURE FROM REFERENCE CONDITIONS (SSS >= 3)","2020"
"Estimated BLM range acres with SSS >= 3",11,"NM","2",8989040,1588494,0.177,6953303,11024776,"SOIL AND SITE STABILITY HAD MODERATE OR MODERATE-TO-EXTREME OR EXTREME-TO-TOTAL DEPARTURE FROM REFERENCE CONDITIONS (SSS >= 3)","2020"
"Estimated BLM range acres with SSS >= 3",11,"OR","1",260907,150969,0.579,67432,454381,"SOIL AND SITE STABILITY HAD MODERATE OR MODERATE-TO-EXTREME OR EXTREME-TO-TOTAL DEPARTURE FROM REFERENCE CONDITIONS (SSS >= 3)","2020"
"Estimated BLM range acres with SSS >= 3",11,"OR","2",0,0,0,0,0,"SOIL AND SITE STABILITY HAD MODERATE OR MODERATE-TO-EXTREME OR EXTREME-TO-TOTAL DEPARTURE FROM REFERENCE CONDITIONS (SSS >= 3)","2020"
"Estimated BLM range acres with SSS >= 3",11,"SD","2",0,0,0,0,0,"SOIL AND SITE STABILITY HAD MODERATE OR MODERATE-TO-EXTREME OR EXTREME-TO-TOTAL DEPARTURE FROM REFERENCE CONDITIONS (SSS >= 3)","2020"
"Estimated BLM range acres with SSS >= 3",11,"UT","1",42149,47989,1.139,0,103649,"SOIL AND SITE STABILITY HAD MODERATE OR MODERATE-TO-EXTREME OR EXTREME-TO-TOTAL DEPARTURE FROM REFERENCE CONDITIONS (SSS >= 3)","2020"
"Estimated BLM range acres with SSS >= 3",11,"UT","2",43621,48231,1.106,0,105431,"SOIL AND SITE STABILITY HAD MODERATE OR MODERATE-TO-EXTREME OR EXTREME-TO-TOTAL DEPARTURE FROM REFERENCE CONDITIONS (SSS >= 3)","2020"
"Estimated BLM range acres with SSS >= 3",11,"WA","2",0,0,0,0,0,"SOIL AND SITE STABILITY HAD MODERATE OR MODERATE-TO-EXTREME OR EXTREME-TO-TOTAL DEPARTURE FROM REFERENCE CONDITIONS (SSS >= 3)","2020"
"Estimated BLM range acres with SSS >= 3",11,"WY","1",792246,236391,0.298,489299,1095193,"SOIL AND SITE STABILITY HAD MODERATE OR MODERATE-TO-EXTREME OR EXTREME-TO-TOTAL DEPARTURE FROM REFERENCE CONDITIONS (SSS >= 3)","2020"
"Estimated BLM range acres with SSS >= 3",11,"WY","2",356708,483802,1.356,0,976725,"SOIL AND SITE STABILITY HAD MODERATE OR MODERATE-TO-EXTREME OR EXTREME-TO-TOTAL DEPARTURE FROM REFERENCE CONDITIONS (SSS >= 3)","2020"
"25. Estimated % of BLM range acres with SSS >= 4",12,"BLM","NA",2.59,0.79,0.303,1.58,3.59,"SOIL AND SITE STABILITY HAD MODERATE-TO-EXTREME OR EXTREME-TO-TOTAL DEPARTURE FROM REFERENCE CONDITIONS (SSS >= 4)","2020"
"25. Estimated % of BLM range acres with SSS >= 4",12,"AZ","2",0,0,0,0,0,"SOIL AND SITE STABILITY HAD MODERATE-TO-EXTREME OR EXTREME-TO-TOTAL DEPARTURE FROM REFERENCE CONDITIONS (SSS >= 4)","2020"
"25. Estimated % of BLM range acres with SSS >= 4",12,"CA","1",0,0,0,0,0,"SOIL AND SITE STABILITY HAD MODERATE-TO-EXTREME OR EXTREME-TO-TOTAL DEPARTURE FROM REFERENCE CONDITIONS (SSS >= 4)","2020"
"25. Estimated % of BLM range acres with SSS >= 4",12,"CA","2",0,0,0,0,0,"SOIL AND SITE STABILITY HAD MODERATE-TO-EXTREME OR EXTREME-TO-TOTAL DEPARTURE FROM REFERENCE CONDITIONS (SSS >= 4)","2020"
"25. Estimated % of BLM range acres with SSS >= 4",12,"CO","1",0,0,0,0,0,"SOIL AND SITE STABILITY HAD MODERATE-TO-EXTREME OR EXTREME-TO-TOTAL DEPARTURE FROM REFERENCE CONDITIONS (SSS >= 4)","2020"
"25. Estimated % of BLM range acres with SSS >= 4",12,"CO","2",0,0,0,0,0,"SOIL AND SITE STABILITY HAD MODERATE-TO-EXTREME OR EXTREME-TO-TOTAL DEPARTURE FROM REFERENCE CONDITIONS (SSS >= 4)","2020"
"25. Estimated % of BLM range acres with SSS >= 4",12,"ID","1",0,0,0,0,0,"SOIL AND SITE STABILITY HAD MODERATE-TO-EXTREME OR EXTREME-TO-TOTAL DEPARTURE FROM REFERENCE CONDITIONS (SSS >= 4)","2020"
"25. Estimated % of BLM range acres with SSS >= 4",12,"ID","2",0,0,0,0,0,"SOIL AND SITE STABILITY HAD MODERATE-TO-EXTREME OR EXTREME-TO-TOTAL DEPARTURE FROM REFERENCE CONDITIONS (SSS >= 4)","2020"
"25. Estimated % of BLM range acres with SSS >= 4",12,"MT","1",0,0,0,0,0,"SOIL AND SITE STABILITY HAD MODERATE-TO-EXTREME OR EXTREME-TO-TOTAL DEPARTURE FROM REFERENCE CONDITIONS (SSS >= 4)","2020"
"25. Estimated % of BLM range acres with SSS >= 4",12,"MT","2",25.35,27.45,1.083,0,60.53,"SOIL AND SITE STABILITY HAD MODERATE-TO-EXTREME OR EXTREME-TO-TOTAL DEPARTURE FROM REFERENCE CONDITIONS (SSS >= 4)","2020"
"25. Estimated % of BLM range acres with SSS >= 4",12,"NV","1",0,0,0,0,0,"SOIL AND SITE STABILITY HAD MODERATE-TO-EXTREME OR EXTREME-TO-TOTAL DEPARTURE FROM REFERENCE CONDITIONS (SSS >= 4)","2020"
"25. Estimated % of BLM range acres with SSS >= 4",12,"NV","2",0,0,0,0,0,"SOIL AND SITE STABILITY HAD MODERATE-TO-EXTREME OR EXTREME-TO-TOTAL DEPARTURE FROM REFERENCE CONDITIONS (SSS >= 4)","2020"
"25. Estimated % of BLM range acres with SSS >= 4",12,"NM","2",23.36,7.09,0.304,14.27,32.45,"SOIL AND SITE STABILITY HAD MODERATE-TO-EXTREME OR EXTREME-TO-TOTAL DEPARTURE FROM REFERENCE CONDITIONS (SSS >= 4)","2020"
"25. Estimated % of BLM range acres with SSS >= 4",12,"OR","1",0.48,0.48,1.007,0,1.09,"SOIL AND SITE STABILITY HAD MODERATE-TO-EXTREME OR EXTREME-TO-TOTAL DEPARTURE FROM REFERENCE CONDITIONS (SSS >= 4)","2020"
"25. Estimated % of BLM range acres with SSS >= 4",12,"OR","2",0,0,0,0,0,"SOIL AND SITE STABILITY HAD MODERATE-TO-EXTREME OR EXTREME-TO-TOTAL DEPARTURE FROM REFERENCE CONDITIONS (SSS >= 4)","2020"
"25. Estimated % of BLM range acres with SSS >= 4",12,"SD","2",0,0,0,0,0,"SOIL AND SITE STABILITY HAD MODERATE-TO-EXTREME OR EXTREME-TO-TOTAL DEPARTURE FROM REFERENCE CONDITIONS (SSS >= 4)","2020"
"25. Estimated % of BLM range acres with SSS >= 4",12,"UT","1",0,0,0,0,0,"SOIL AND SITE STABILITY HAD MODERATE-TO-EXTREME OR EXTREME-TO-TOTAL DEPARTURE FROM REFERENCE CONDITIONS (SSS >= 4)","2020"
"25. Estimated % of BLM range acres with SSS >= 4",12,"UT","2",0,0,0,0,0,"SOIL AND SITE STABILITY HAD MODERATE-TO-EXTREME OR EXTREME-TO-TOTAL DEPARTURE FROM REFERENCE CONDITIONS (SSS >= 4)","2020"
"25. Estimated % of BLM range acres with SSS >= 4",12,"WA","2",0,0,0,0,0,"SOIL AND SITE STABILITY HAD MODERATE-TO-EXTREME OR EXTREME-TO-TOTAL DEPARTURE FROM REFERENCE CONDITIONS (SSS >= 4)","2020"
"25. Estimated % of BLM range acres with SSS >= 4",12,"WY","1",0.42,0.42,1.001,0,0.95,"SOIL AND SITE STABILITY HAD MODERATE-TO-EXTREME OR EXTREME-TO-TOTAL DEPARTURE FROM REFERENCE CONDITIONS (SSS >= 4)","2020"
"25. Estimated % of BLM range acres with SSS >= 4",12,"WY","2",0,0,0,0,0,"SOIL AND SITE STABILITY HAD MODERATE-TO-EXTREME OR EXTREME-TO-TOTAL DEPARTURE FROM REFERENCE CONDITIONS (SSS >= 4)","2020"
"27. Estimated BLM range acres with SSS >= 4",12,"BLM","NA",3855894,1178634,0.306,2345413,5366374,"SOIL AND SITE STABILITY HAD MODERATE-TO-EXTREME OR EXTREME-TO-TOTAL DEPARTURE FROM REFERENCE CONDITIONS (SSS >= 4)","2020"
"27. Estimated BLM range acres with SSS >= 4",12,"AZ","2",0,0,0,0,0,"SOIL AND SITE STABILITY HAD MODERATE-TO-EXTREME OR EXTREME-TO-TOTAL DEPARTURE FROM REFERENCE CONDITIONS (SSS >= 4)","2020"
"27. Estimated BLM range acres with SSS >= 4",12,"CA","1",0,0,0,0,0,"SOIL AND SITE STABILITY HAD MODERATE-TO-EXTREME OR EXTREME-TO-TOTAL DEPARTURE FROM REFERENCE CONDITIONS (SSS >= 4)","2020"
"27. Estimated BLM range acres with SSS >= 4",12,"CA","2",0,0,0,0,0,"SOIL AND SITE STABILITY HAD MODERATE-TO-EXTREME OR EXTREME-TO-TOTAL DEPARTURE FROM REFERENCE CONDITIONS (SSS >= 4)","2020"
"27. Estimated BLM range acres with SSS >= 4",12,"CO","1",0,0,0,0,0,"SOIL AND SITE STABILITY HAD MODERATE-TO-EXTREME OR EXTREME-TO-TOTAL DEPARTURE FROM REFERENCE CONDITIONS (SSS >= 4)","2020"
"27. Estimated BLM range acres with SSS >= 4",12,"CO","2",0,0,0,0,0,"SOIL AND SITE STABILITY HAD MODERATE-TO-EXTREME OR EXTREME-TO-TOTAL DEPARTURE FROM REFERENCE CONDITIONS (SSS >= 4)","2020"
"27. Estimated BLM range acres with SSS >= 4",12,"ID","1",0,0,0,0,0,"SOIL AND SITE STABILITY HAD MODERATE-TO-EXTREME OR EXTREME-TO-TOTAL DEPARTURE FROM REFERENCE CONDITIONS (SSS >= 4)","2020"
"27. Estimated BLM range acres with SSS >= 4",12,"ID","2",0,0,0,0,0,"SOIL AND SITE STABILITY HAD MODERATE-TO-EXTREME OR EXTREME-TO-TOTAL DEPARTURE FROM REFERENCE CONDITIONS (SSS >= 4)","2020"
"27. Estimated BLM range acres with SSS >= 4",12,"MT","1",0,0,0,0,0,"SOIL AND SITE STABILITY HAD MODERATE-TO-EXTREME OR EXTREME-TO-TOTAL DEPARTURE FROM REFERENCE CONDITIONS (SSS >= 4)","2020"
"27. Estimated BLM range acres with SSS >= 4",12,"MT","2",278205,296727,1.067,0,658476,"SOIL AND SITE STABILITY HAD MODERATE-TO-EXTREME OR EXTREME-TO-TOTAL DEPARTURE FROM REFERENCE CONDITIONS (SSS >= 4)","2020"
"27. Estimated BLM range acres with SSS >= 4",12,"NV","1",0,0,0,0,0,"SOIL AND SITE STABILITY HAD MODERATE-TO-EXTREME OR EXTREME-TO-TOTAL DEPARTURE FROM REFERENCE CONDITIONS (SSS >= 4)","2020"
"27. Estimated BLM range acres with SSS >= 4",12,"NV","2",0,0,0,0,0,"SOIL AND SITE STABILITY HAD MODERATE-TO-EXTREME OR EXTREME-TO-TOTAL DEPARTURE FROM REFERENCE CONDITIONS (SSS >= 4)","2020"
"27. Estimated BLM range acres with SSS >= 4",12,"NM","2",3458302,1155172,0.334,1977890,4938714,"SOIL AND SITE STABILITY HAD MODERATE-TO-EXTREME OR EXTREME-TO-TOTAL DEPARTURE FROM REFERENCE CONDITIONS (SSS >= 4)","2020"
"27. Estimated BLM range acres with SSS >= 4",12,"OR","1",51941,52344,1.008,0,119023,"SOIL AND SITE STABILITY HAD MODERATE-TO-EXTREME OR EXTREME-TO-TOTAL DEPARTURE FROM REFERENCE CONDITIONS (SSS >= 4)","2020"
"27. Estimated BLM range acres with SSS >= 4",12,"OR","2",0,0,0,0,0,"SOIL AND SITE STABILITY HAD MODERATE-TO-EXTREME OR EXTREME-TO-TOTAL DEPARTURE FROM REFERENCE CONDITIONS (SSS >= 4)","2020"
"27. Estimated BLM range acres with SSS >= 4",12,"SD","2",0,0,0,0,0,"SOIL AND SITE STABILITY HAD MODERATE-TO-EXTREME OR EXTREME-TO-TOTAL DEPARTURE FROM REFERENCE CONDITIONS (SSS >= 4)","2020"
"27. Estimated BLM range acres with SSS >= 4",12,"UT","1",0,0,0,0,0,"SOIL AND SITE STABILITY HAD MODERATE-TO-EXTREME OR EXTREME-TO-TOTAL DEPARTURE FROM REFERENCE CONDITIONS (SSS >= 4)","2020"
"27. Estimated BLM range acres with SSS >= 4",12,"UT","2",0,0,0,0,0,"SOIL AND SITE STABILITY HAD MODERATE-TO-EXTREME OR EXTREME-TO-TOTAL DEPARTURE FROM REFERENCE CONDITIONS (SSS >= 4)","2020"
"27. Estimated BLM range acres with SSS >= 4",12,"WA","2",0,0,0,0,0,"SOIL AND SITE STABILITY HAD MODERATE-TO-EXTREME OR EXTREME-TO-TOTAL DEPARTURE FROM REFERENCE CONDITIONS (SSS >= 4)","2020"
"27. Estimated BLM range acres with SSS >= 4",12,"WY","1",67445,67517,1.001,0,153971,"SOIL AND SITE STABILITY HAD MODERATE-TO-EXTREME OR EXTREME-TO-TOTAL DEPARTURE FROM REFERENCE CONDITIONS (SSS >= 4)","2020"
"27. Estimated BLM range acres with SSS >= 4",12,"WY","2",0,0,0,0,0,"SOIL AND SITE STABILITY HAD MODERATE-TO-EXTREME OR EXTREME-TO-TOTAL DEPARTURE FROM REFERENCE CONDITIONS (SSS >= 4)","2020"
"Estimated % of BLM range acres with all 3 rangeland health attributes = 1",13,"BLM","NA",65.04,2.9,0.045,61.32,68.76,"ALL 3 RANGELAND HEALTH ATTRIBUTES HAD NONE-TO-SLIGHT DEPARTURE FROM REFERENCE CONDITIONS (=1)","2020"
"Estimated % of BLM range acres with all 3 rangeland health attributes = 1",13,"AZ","2",76.09,8.13,0.107,65.68,86.51,"ALL 3 RANGELAND HEALTH ATTRIBUTES HAD NONE-TO-SLIGHT DEPARTURE FROM REFERENCE CONDITIONS (=1)","2020"
"Estimated % of BLM range acres with all 3 rangeland health attributes = 1",13,"CA","1",0,0,0,0,0,"ALL 3 RANGELAND HEALTH ATTRIBUTES HAD NONE-TO-SLIGHT DEPARTURE FROM REFERENCE CONDITIONS (=1)","2020"
"Estimated % of BLM range acres with all 3 rangeland health attributes = 1",13,"CA","2",0,0,0,0,0,"ALL 3 RANGELAND HEALTH ATTRIBUTES HAD NONE-TO-SLIGHT DEPARTURE FROM REFERENCE CONDITIONS (=1)","2020"
"Estimated % of BLM range acres with all 3 rangeland health attributes = 1",13,"CO","1",37.47,8.05,0.215,27.16,47.79,"ALL 3 RANGELAND HEALTH ATTRIBUTES HAD NONE-TO-SLIGHT DEPARTURE FROM REFERENCE CONDITIONS (=1)","2020"
"Estimated % of BLM range acres with all 3 rangeland health attributes = 1",13,"CO","2",55.66,12.09,0.217,40.16,71.15,"ALL 3 RANGELAND HEALTH ATTRIBUTES HAD NONE-TO-SLIGHT DEPARTURE FROM REFERENCE CONDITIONS (=1)","2020"
"Estimated % of BLM range acres with all 3 rangeland health attributes = 1",13,"ID","1",0,0,0,0,0,"ALL 3 RANGELAND HEALTH ATTRIBUTES HAD NONE-TO-SLIGHT DEPARTURE FROM REFERENCE CONDITIONS (=1)","2020"
"Estimated % of BLM range acres with all 3 rangeland health attributes = 1",13,"ID","2",0,0,0,0,0,"ALL 3 RANGELAND HEALTH ATTRIBUTES HAD NONE-TO-SLIGHT DEPARTURE FROM REFERENCE CONDITIONS (=1)","2020"
"Estimated % of BLM range acres with all 3 rangeland health attributes = 1",13,"MT","1",71.82,4.85,0.068,65.6,78.03,"ALL 3 RANGELAND HEALTH ATTRIBUTES HAD NONE-TO-SLIGHT DEPARTURE FROM REFERENCE CONDITIONS (=1)","2020"
"Estimated % of BLM range acres with all 3 rangeland health attributes = 1",13,"MT","2",24.17,34.99,1.448,0,69.02,"ALL 3 RANGELAND HEALTH ATTRIBUTES HAD NONE-TO-SLIGHT DEPARTURE FROM REFERENCE CONDITIONS (=1)","2020"
"Estimated % of BLM range acres with all 3 rangeland health attributes = 1",13,"NV","1",84.39,4.24,0.05,78.95,89.82,"ALL 3 RANGELAND HEALTH ATTRIBUTES HAD NONE-TO-SLIGHT DEPARTURE FROM REFERENCE CONDITIONS (=1)","2020"
"Estimated % of BLM range acres with all 3 rangeland health attributes = 1",13,"NV","2",79.3,4.92,0.062,72.99,85.61,"ALL 3 RANGELAND HEALTH ATTRIBUTES HAD NONE-TO-SLIGHT DEPARTURE FROM REFERENCE CONDITIONS (=1)","2020"
"Estimated % of BLM range acres with all 3 rangeland health attributes = 1",13,"NM","2",0,0,0,0,0,"ALL 3 RANGELAND HEALTH ATTRIBUTES HAD NONE-TO-SLIGHT DEPARTURE FROM REFERENCE CONDITIONS (=1)","2020"
"Estimated % of BLM range acres with all 3 rangeland health attributes = 1",13,"OR","1",72.22,3.77,0.052,67.39,77.05,"ALL 3 RANGELAND HEALTH ATTRIBUTES HAD NONE-TO-SLIGHT DEPARTURE FROM REFERENCE CONDITIONS (=1)","2020"
"Estimated % of BLM range acres with all 3 rangeland health attributes = 1",13,"OR","2",62.46,22.54,0.361,33.58,91.35,"ALL 3 RANGELAND HEALTH ATTRIBUTES HAD NONE-TO-SLIGHT DEPARTURE FROM REFERENCE CONDITIONS (=1)","2020"
"Estimated % of BLM range acres with all 3 rangeland health attributes = 1",13,"SD","2",100,98.26,0.983,0,100,"ALL 3 RANGELAND HEALTH ATTRIBUTES HAD NONE-TO-SLIGHT DEPARTURE FROM REFERENCE CONDITIONS (=1)","2020"
"Estimated % of BLM range acres with all 3 rangeland health attributes = 1",13,"UT","1",93.18,4.77,0.051,87.07,99.29,"ALL 3 RANGELAND HEALTH ATTRIBUTES HAD NONE-TO-SLIGHT DEPARTURE FROM REFERENCE CONDITIONS (=1)","2020"
"Estimated % of BLM range acres with all 3 rangeland health attributes = 1",13,"UT","2",75.44,8.86,0.117,64.08,86.8,"ALL 3 RANGELAND HEALTH ATTRIBUTES HAD NONE-TO-SLIGHT DEPARTURE FROM REFERENCE CONDITIONS (=1)","2020"
"Estimated % of BLM range acres with all 3 rangeland health attributes = 1",13,"WA","2",50,49.13,0.983,0,100,"ALL 3 RANGELAND HEALTH ATTRIBUTES HAD NONE-TO-SLIGHT DEPARTURE FROM REFERENCE CONDITIONS (=1)","2020"
"Estimated % of BLM range acres with all 3 rangeland health attributes = 1",13,"WY","1",51.93,2.86,0.055,48.26,55.59,"ALL 3 RANGELAND HEALTH ATTRIBUTES HAD NONE-TO-SLIGHT DEPARTURE FROM REFERENCE CONDITIONS (=1)","2020"
"Estimated % of BLM range acres with all 3 rangeland health attributes = 1",13,"WY","2",77.59,20.57,0.265,51.22,100,"ALL 3 RANGELAND HEALTH ATTRIBUTES HAD NONE-TO-SLIGHT DEPARTURE FROM REFERENCE CONDITIONS (=1)","2020"
"Estimated BLM range acres with all 3 rangeland health attributes = 1",13,"BLM","NA",96893512,4393187,0.045,91263417,102523608,"ALL 3 RANGELAND HEALTH ATTRIBUTES HAD NONE-TO-SLIGHT DEPARTURE FROM REFERENCE CONDITIONS (=1)","2020"
"Estimated BLM range acres with all 3 rangeland health attributes = 1",13,"AZ","2",9617874,1291491,0.134,7962761,11272986,"ALL 3 RANGELAND HEALTH ATTRIBUTES HAD NONE-TO-SLIGHT DEPARTURE FROM REFERENCE CONDITIONS (=1)","2020"
"Estimated BLM range acres with all 3 rangeland health attributes = 1",13,"CA","1",0,0,0,0,0,"ALL 3 RANGELAND HEALTH ATTRIBUTES HAD NONE-TO-SLIGHT DEPARTURE FROM REFERENCE CONDITIONS (=1)","2020"
"Estimated BLM range acres with all 3 rangeland health attributes = 1",13,"CA","2",0,0,0,0,0,"ALL 3 RANGELAND HEALTH ATTRIBUTES HAD NONE-TO-SLIGHT DEPARTURE FROM REFERENCE CONDITIONS (=1)","2020"
"Estimated BLM range acres with all 3 rangeland health attributes = 1",13,"CO","1",627588,147978,0.236,437947,817229,"ALL 3 RANGELAND HEALTH ATTRIBUTES HAD NONE-TO-SLIGHT DEPARTURE FROM REFERENCE CONDITIONS (=1)","2020"
"Estimated BLM range acres with all 3 rangeland health attributes = 1",13,"CO","2",3379658,768351,0.227,2394976,4364340,"ALL 3 RANGELAND HEALTH ATTRIBUTES HAD NONE-TO-SLIGHT DEPARTURE FROM REFERENCE CONDITIONS (=1)","2020"
"Estimated BLM range acres with all 3 rangeland health attributes = 1",13,"ID","1",0,0,0,0,0,"ALL 3 RANGELAND HEALTH ATTRIBUTES HAD NONE-TO-SLIGHT DEPARTURE FROM REFERENCE CONDITIONS (=1)","2020"
"Estimated BLM range acres with all 3 rangeland health attributes = 1",13,"ID","2",0,0,0,0,0,"ALL 3 RANGELAND HEALTH ATTRIBUTES HAD NONE-TO-SLIGHT DEPARTURE FROM REFERENCE CONDITIONS (=1)","2020"
"Estimated BLM range acres with all 3 rangeland health attributes = 1",13,"MT","1",5019758,402216,0.08,4504297,5535218,"ALL 3 RANGELAND HEALTH ATTRIBUTES HAD NONE-TO-SLIGHT DEPARTURE FROM REFERENCE CONDITIONS (=1)","2020"
"Estimated BLM range acres with all 3 rangeland health attributes = 1",13,"MT","2",265251,361880,1.364,0,729020,"ALL 3 RANGELAND HEALTH ATTRIBUTES HAD NONE-TO-SLIGHT DEPARTURE FROM REFERENCE CONDITIONS (=1)","2020"
"Estimated BLM range acres with all 3 rangeland health attributes = 1",13,"NV","1",12526892,642330,0.051,11703714,13350071,"ALL 3 RANGELAND HEALTH ATTRIBUTES HAD NONE-TO-SLIGHT DEPARTURE FROM REFERENCE CONDITIONS (=1)","2020"
"Estimated BLM range acres with all 3 rangeland health attributes = 1",13,"NV","2",27018169,2325232,0.086,24038264,29998073,"ALL 3 RANGELAND HEALTH ATTRIBUTES HAD NONE-TO-SLIGHT DEPARTURE FROM REFERENCE CONDITIONS (=1)","2020"
"Estimated BLM range acres with all 3 rangeland health attributes = 1",13,"NM","2",0,0,0,0,0,"ALL 3 RANGELAND HEALTH ATTRIBUTES HAD NONE-TO-SLIGHT DEPARTURE FROM REFERENCE CONDITIONS (=1)","2020"
"Estimated BLM range acres with all 3 rangeland health attributes = 1",13,"OR","1",7859132,457615,0.058,7272675,8445589,"ALL 3 RANGELAND HEALTH ATTRIBUTES HAD NONE-TO-SLIGHT DEPARTURE FROM REFERENCE CONDITIONS (=1)","2020"
"Estimated BLM range acres with all 3 rangeland health attributes = 1",13,"OR","2",2955268,1020092,0.345,1647967,4262569,"ALL 3 RANGELAND HEALTH ATTRIBUTES HAD NONE-TO-SLIGHT DEPARTURE FROM REFERENCE CONDITIONS (=1)","2020"
"Estimated BLM range acres with all 3 rangeland health attributes = 1",13,"SD","2",790060,776415,0.983,0,1785077,"ALL 3 RANGELAND HEALTH ATTRIBUTES HAD NONE-TO-SLIGHT DEPARTURE FROM REFERENCE CONDITIONS (=1)","2020"
"Estimated BLM range acres with all 3 rangeland health attributes = 1",13,"UT","1",1095676,153936,0.14,898398,1292953,"ALL 3 RANGELAND HEALTH ATTRIBUTES HAD NONE-TO-SLIGHT DEPARTURE FROM REFERENCE CONDITIONS (=1)","2020"
"Estimated BLM range acres with all 3 rangeland health attributes = 1",13,"UT","2",14729988,1953991,0.133,12225847,17234128,"ALL 3 RANGELAND HEALTH ATTRIBUTES HAD NONE-TO-SLIGHT DEPARTURE FROM REFERENCE CONDITIONS (=1)","2020"
"Estimated BLM range acres with all 3 rangeland health attributes = 1",13,"WA","2",173163,170152,0.983,0,391221,"ALL 3 RANGELAND HEALTH ATTRIBUTES HAD NONE-TO-SLIGHT DEPARTURE FROM REFERENCE CONDITIONS (=1)","2020"
"Estimated BLM range acres with all 3 rangeland health attributes = 1",13,"WY","1",8417986,513981,0.061,7759294,9076679,"ALL 3 RANGELAND HEALTH ATTRIBUTES HAD NONE-TO-SLIGHT DEPARTURE FROM REFERENCE CONDITIONS (=1)","2020"
"Estimated BLM range acres with all 3 rangeland health attributes = 1",13,"WY","2",2417050,771386,0.319,1428478,3405621,"ALL 3 RANGELAND HEALTH ATTRIBUTES HAD NONE-TO-SLIGHT DEPARTURE FROM REFERENCE CONDITIONS (=1)","2020"
"28. Estimated % of BLM range acres with all 3 rangeland health attributes <= 2",14,"BLM","NA",86.93,1.4,0.016,85.14,88.72,"ALL 3 RANGELAND HEALTH ATTRIBUTES HAD NONE-TO-SLIGHT OR SLIGHT-TO-MODERATE DEPARTURE FROM REFERENCE CONDITIONS (<=2)","2020"
"28. Estimated % of BLM range acres with all 3 rangeland health attributes <= 2",14,"AZ","2",100,0,0,100,100,"ALL 3 RANGELAND HEALTH ATTRIBUTES HAD NONE-TO-SLIGHT OR SLIGHT-TO-MODERATE DEPARTURE FROM REFERENCE CONDITIONS (<=2)","2020"
"28. Estimated % of BLM range acres with all 3 rangeland health attributes <= 2",14,"CA","1",0,0,0,0,0,"ALL 3 RANGELAND HEALTH ATTRIBUTES HAD NONE-TO-SLIGHT OR SLIGHT-TO-MODERATE DEPARTURE FROM REFERENCE CONDITIONS (<=2)","2020"
"28. Estimated % of BLM range acres with all 3 rangeland health attributes <= 2",14,"CA","2",0,0,0,0,0,"ALL 3 RANGELAND HEALTH ATTRIBUTES HAD NONE-TO-SLIGHT OR SLIGHT-TO-MODERATE DEPARTURE FROM REFERENCE CONDITIONS (<=2)","2020"
"28. Estimated % of BLM range acres with all 3 rangeland health attributes <= 2",14,"CO","1",91.25,5.14,0.056,84.66,97.84,"ALL 3 RANGELAND HEALTH ATTRIBUTES HAD NONE-TO-SLIGHT OR SLIGHT-TO-MODERATE DEPARTURE FROM REFERENCE CONDITIONS (<=2)","2020"
"28. Estimated % of BLM range acres with all 3 rangeland health attributes <= 2",14,"CO","2",94.56,3.87,0.041,89.6,99.52,"ALL 3 RANGELAND HEALTH ATTRIBUTES HAD NONE-TO-SLIGHT OR SLIGHT-TO-MODERATE DEPARTURE FROM REFERENCE CONDITIONS (<=2)","2020"
"28. Estimated % of BLM range acres with all 3 rangeland health attributes <= 2",14,"ID","1",0,0,0,0,0,"ALL 3 RANGELAND HEALTH ATTRIBUTES HAD NONE-TO-SLIGHT OR SLIGHT-TO-MODERATE DEPARTURE FROM REFERENCE CONDITIONS (<=2)","2020"
"28. Estimated % of BLM range acres with all 3 rangeland health attributes <= 2",14,"ID","2",0,0,0,0,0,"ALL 3 RANGELAND HEALTH ATTRIBUTES HAD NONE-TO-SLIGHT OR SLIGHT-TO-MODERATE DEPARTURE FROM REFERENCE CONDITIONS (<=2)","2020"
"28. Estimated % of BLM range acres with all 3 rangeland health attributes <= 2",14,"MT","1",96.38,1.88,0.019,93.97,98.79,"ALL 3 RANGELAND HEALTH ATTRIBUTES HAD NONE-TO-SLIGHT OR SLIGHT-TO-MODERATE DEPARTURE FROM REFERENCE CONDITIONS (<=2)","2020"
"28. Estimated % of BLM range acres with all 3 rangeland health attributes <= 2",14,"MT","2",24.17,34.99,1.448,0,69.02,"ALL 3 RANGELAND HEALTH ATTRIBUTES HAD NONE-TO-SLIGHT OR SLIGHT-TO-MODERATE DEPARTURE FROM REFERENCE CONDITIONS (<=2)","2020"
"28. Estimated % of BLM range acres with all 3 rangeland health attributes <= 2",14,"NV","1",95.45,2.29,0.024,92.51,98.39,"ALL 3 RANGELAND HEALTH ATTRIBUTES HAD NONE-TO-SLIGHT OR SLIGHT-TO-MODERATE DEPARTURE FROM REFERENCE CONDITIONS (<=2)","2020"
"28. Estimated % of BLM range acres with all 3 rangeland health attributes <= 2",14,"NV","2",94.68,2.39,0.025,91.61,97.75,"ALL 3 RANGELAND HEALTH ATTRIBUTES HAD NONE-TO-SLIGHT OR SLIGHT-TO-MODERATE DEPARTURE FROM REFERENCE CONDITIONS (<=2)","2020"
"28. Estimated % of BLM range acres with all 3 rangeland health attributes <= 2",14,"NM","2",19.35,6.78,0.351,10.65,28.04,"ALL 3 RANGELAND HEALTH ATTRIBUTES HAD NONE-TO-SLIGHT OR SLIGHT-TO-MODERATE DEPARTURE FROM REFERENCE CONDITIONS (<=2)","2020"
"28. Estimated % of BLM range acres with all 3 rangeland health attributes <= 2",14,"OR","1",91.27,2.62,0.029,87.91,94.63,"ALL 3 RANGELAND HEALTH ATTRIBUTES HAD NONE-TO-SLIGHT OR SLIGHT-TO-MODERATE DEPARTURE FROM REFERENCE CONDITIONS (<=2)","2020"
"28. Estimated % of BLM range acres with all 3 rangeland health attributes <= 2",14,"OR","2",100,0,0,100,100,"ALL 3 RANGELAND HEALTH ATTRIBUTES HAD NONE-TO-SLIGHT OR SLIGHT-TO-MODERATE DEPARTURE FROM REFERENCE CONDITIONS (<=2)","2020"
"28. Estimated % of BLM range acres with all 3 rangeland health attributes <= 2",14,"SD","2",100,98.26,0.983,0,100,"ALL 3 RANGELAND HEALTH ATTRIBUTES HAD NONE-TO-SLIGHT OR SLIGHT-TO-MODERATE DEPARTURE FROM REFERENCE CONDITIONS (<=2)","2020"
"28. Estimated % of BLM range acres with all 3 rangeland health attributes <= 2",14,"UT","1",95.55,3.97,0.042,90.46,100,"ALL 3 RANGELAND HEALTH ATTRIBUTES HAD NONE-TO-SLIGHT OR SLIGHT-TO-MODERATE DEPARTURE FROM REFERENCE CONDITIONS (<=2)","2020"
"28. Estimated % of BLM range acres with all 3 rangeland health attributes <= 2",14,"UT","2",95.85,3.22,0.034,91.72,99.98,"ALL 3 RANGELAND HEALTH ATTRIBUTES HAD NONE-TO-SLIGHT OR SLIGHT-TO-MODERATE DEPARTURE FROM REFERENCE CONDITIONS (<=2)","2020"
"28. Estimated % of BLM range acres with all 3 rangeland health attributes <= 2",14,"WA","2",100,98.26,0.983,0,100,"ALL 3 RANGELAND HEALTH ATTRIBUTES HAD NONE-TO-SLIGHT OR SLIGHT-TO-MODERATE DEPARTURE FROM REFERENCE CONDITIONS (<=2)","2020"
"28. Estimated % of BLM range acres with all 3 rangeland health attributes <= 2",14,"WY","1",91.91,2.11,0.023,89.21,94.6,"ALL 3 RANGELAND HEALTH ATTRIBUTES HAD NONE-TO-SLIGHT OR SLIGHT-TO-MODERATE DEPARTURE FROM REFERENCE CONDITIONS (<=2)","2020"
"28. Estimated % of BLM range acres with all 3 rangeland health attributes <= 2",14,"WY","2",88.55,16.03,0.181,68.01,100,"ALL 3 RANGELAND HEALTH ATTRIBUTES HAD NONE-TO-SLIGHT OR SLIGHT-TO-MODERATE DEPARTURE FROM REFERENCE CONDITIONS (<=2)","2020"
"30. Estimated BLM range acres with all 3 rangeland health attributes <= 2",14,"BLM","NA",129499591,2507223,0.019,126286456,132712727,"ALL 3 RANGELAND HEALTH ATTRIBUTES HAD NONE-TO-SLIGHT OR SLIGHT-TO-MODERATE DEPARTURE FROM REFERENCE CONDITIONS (<=2)","2020"
"30. Estimated BLM range acres with all 3 rangeland health attributes <= 2",14,"AZ","2",12639885,1312594,0.104,10957728,14322042,"ALL 3 RANGELAND HEALTH ATTRIBUTES HAD NONE-TO-SLIGHT OR SLIGHT-TO-MODERATE DEPARTURE FROM REFERENCE CONDITIONS (<=2)","2020"
"30. Estimated BLM range acres with all 3 rangeland health attributes <= 2",14,"CA","1",0,0,0,0,0,"ALL 3 RANGELAND HEALTH ATTRIBUTES HAD NONE-TO-SLIGHT OR SLIGHT-TO-MODERATE DEPARTURE FROM REFERENCE CONDITIONS (<=2)","2020"
"30. Estimated BLM range acres with all 3 rangeland health attributes <= 2",14,"CA","2",0,0,0,0,0,"ALL 3 RANGELAND HEALTH ATTRIBUTES HAD NONE-TO-SLIGHT OR SLIGHT-TO-MODERATE DEPARTURE FROM REFERENCE CONDITIONS (<=2)","2020"
"30. Estimated BLM range acres with all 3 rangeland health attributes <= 2",14,"CO","1",1528261,159613,0.104,1323709,1732813,"ALL 3 RANGELAND HEALTH ATTRIBUTES HAD NONE-TO-SLIGHT OR SLIGHT-TO-MODERATE DEPARTURE FROM REFERENCE CONDITIONS (<=2)","2020"
"30. Estimated BLM range acres with all 3 rangeland health attributes <= 2",14,"CO","2",5742030,515463,0.09,5081437,6402623,"ALL 3 RANGELAND HEALTH ATTRIBUTES HAD NONE-TO-SLIGHT OR SLIGHT-TO-MODERATE DEPARTURE FROM REFERENCE CONDITIONS (<=2)","2020"
"30. Estimated BLM range acres with all 3 rangeland health attributes <= 2",14,"ID","1",0,0,0,0,0,"ALL 3 RANGELAND HEALTH ATTRIBUTES HAD NONE-TO-SLIGHT OR SLIGHT-TO-MODERATE DEPARTURE FROM REFERENCE CONDITIONS (<=2)","2020"
"30. Estimated BLM range acres with all 3 rangeland health attributes <= 2",14,"ID","2",0,0,0,0,0,"ALL 3 RANGELAND HEALTH ATTRIBUTES HAD NONE-TO-SLIGHT OR SLIGHT-TO-MODERATE DEPARTURE FROM REFERENCE CONDITIONS (<=2)","2020"
"30. Estimated BLM range acres with all 3 rangeland health attributes <= 2",14,"MT","1",6736621,223866,0.033,6449725,7023518,"ALL 3 RANGELAND HEALTH ATTRIBUTES HAD NONE-TO-SLIGHT OR SLIGHT-TO-MODERATE DEPARTURE FROM REFERENCE CONDITIONS (<=2)","2020"
"30. Estimated BLM range acres with all 3 rangeland health attributes <= 2",14,"MT","2",265251,361880,1.364,0,729020,"ALL 3 RANGELAND HEALTH ATTRIBUTES HAD NONE-TO-SLIGHT OR SLIGHT-TO-MODERATE DEPARTURE FROM REFERENCE CONDITIONS (<=2)","2020"
"30. Estimated BLM range acres with all 3 rangeland health attributes <= 2",14,"NV","1",14168736,421627,0.03,13628399,14709072,"ALL 3 RANGELAND HEALTH ATTRIBUTES HAD NONE-TO-SLIGHT OR SLIGHT-TO-MODERATE DEPARTURE FROM REFERENCE CONDITIONS (<=2)","2020"
"30. Estimated BLM range acres with all 3 rangeland health attributes <= 2",14,"NV","2",32258354,2041226,0.063,29642418,34874291,"ALL 3 RANGELAND HEALTH ATTRIBUTES HAD NONE-TO-SLIGHT OR SLIGHT-TO-MODERATE DEPARTURE FROM REFERENCE CONDITIONS (<=2)","2020"
"30. Estimated BLM range acres with all 3 rangeland health attributes <= 2",14,"NM","2",2864050,963132,0.336,1629746,4098354,"ALL 3 RANGELAND HEALTH ATTRIBUTES HAD NONE-TO-SLIGHT OR SLIGHT-TO-MODERATE DEPARTURE FROM REFERENCE CONDITIONS (<=2)","2020"
"30. Estimated BLM range acres with all 3 rangeland health attributes <= 2",14,"OR","1",9932112,351863,0.035,9481181,10383043,"ALL 3 RANGELAND HEALTH ATTRIBUTES HAD NONE-TO-SLIGHT OR SLIGHT-TO-MODERATE DEPARTURE FROM REFERENCE CONDITIONS (<=2)","2020"
"30. Estimated BLM range acres with all 3 rangeland health attributes <= 2",14,"OR","2",4731325,645664,0.136,3903873,5558777,"ALL 3 RANGELAND HEALTH ATTRIBUTES HAD NONE-TO-SLIGHT OR SLIGHT-TO-MODERATE DEPARTURE FROM REFERENCE CONDITIONS (<=2)","2020"
"30. Estimated BLM range acres with all 3 rangeland health attributes <= 2",14,"SD","2",790060,776415,0.983,0,1785077,"ALL 3 RANGELAND HEALTH ATTRIBUTES HAD NONE-TO-SLIGHT OR SLIGHT-TO-MODERATE DEPARTURE FROM REFERENCE CONDITIONS (<=2)","2020"
"30. Estimated BLM range acres with all 3 rangeland health attributes <= 2",14,"UT","1",1123508,167395,0.149,908983,1338033,"ALL 3 RANGELAND HEALTH ATTRIBUTES HAD NONE-TO-SLIGHT OR SLIGHT-TO-MODERATE DEPARTURE FROM REFERENCE CONDITIONS (<=2)","2020"
"30. Estimated BLM range acres with all 3 rangeland health attributes <= 2",14,"UT","2",18715348,1294105,0.069,17056885,20373811,"ALL 3 RANGELAND HEALTH ATTRIBUTES HAD NONE-TO-SLIGHT OR SLIGHT-TO-MODERATE DEPARTURE FROM REFERENCE CONDITIONS (<=2)","2020"
"30. Estimated BLM range acres with all 3 rangeland health attributes <= 2",14,"WA","2",346327,340303,0.983,0,782442,"ALL 3 RANGELAND HEALTH ATTRIBUTES HAD NONE-TO-SLIGHT OR SLIGHT-TO-MODERATE DEPARTURE FROM REFERENCE CONDITIONS (<=2)","2020"
"30. Estimated BLM range acres with all 3 rangeland health attributes <= 2",14,"WY","1",14899249,365958,0.025,14430256,15368243,"ALL 3 RANGELAND HEALTH ATTRIBUTES HAD NONE-TO-SLIGHT OR SLIGHT-TO-MODERATE DEPARTURE FROM REFERENCE CONDITIONS (<=2)","2020"
"30. Estimated BLM range acres with all 3 rangeland health attributes <= 2",14,"WY","2",2758474,692877,0.251,1870517,3646431,"ALL 3 RANGELAND HEALTH ATTRIBUTES HAD NONE-TO-SLIGHT OR SLIGHT-TO-MODERATE DEPARTURE FROM REFERENCE CONDITIONS (<=2)","2020"
"31. Estimated % of BLM range acres with all 3 rangeland health attributes >= 4",15,"BLM","NA",1.94,0.67,0.343,1.09,2.8,"ALL 3 RANGELAND HEALTH ATTRIBUTES HAD MODERATE-TO-EXTREME OR EXTREME-TO-TOTAL DEPARTURE FROM REFERENCE CONDITIONS (>=4)","2020"
"31. Estimated % of BLM range acres with all 3 rangeland health attributes >= 4",15,"AZ","2",0,0,0,0,0,"ALL 3 RANGELAND HEALTH ATTRIBUTES HAD MODERATE-TO-EXTREME OR EXTREME-TO-TOTAL DEPARTURE FROM REFERENCE CONDITIONS (>=4)","2020"
"31. Estimated % of BLM range acres with all 3 rangeland health attributes >= 4",15,"CA","1",0,0,0,0,0,"ALL 3 RANGELAND HEALTH ATTRIBUTES HAD MODERATE-TO-EXTREME OR EXTREME-TO-TOTAL DEPARTURE FROM REFERENCE CONDITIONS (>=4)","2020"
"31. Estimated % of BLM range acres with all 3 rangeland health attributes >= 4",15,"CA","2",0,0,0,0,0,"ALL 3 RANGELAND HEALTH ATTRIBUTES HAD MODERATE-TO-EXTREME OR EXTREME-TO-TOTAL DEPARTURE FROM REFERENCE CONDITIONS (>=4)","2020"
"31. Estimated % of BLM range acres with all 3 rangeland health attributes >= 4",15,"CO","1",0,0,0,0,0,"ALL 3 RANGELAND HEALTH ATTRIBUTES HAD MODERATE-TO-EXTREME OR EXTREME-TO-TOTAL DEPARTURE FROM REFERENCE CONDITIONS (>=4)","2020"
"31. Estimated % of BLM range acres with all 3 rangeland health attributes >= 4",15,"CO","2",0,0,0,0,0,"ALL 3 RANGELAND HEALTH ATTRIBUTES HAD MODERATE-TO-EXTREME OR EXTREME-TO-TOTAL DEPARTURE FROM REFERENCE CONDITIONS (>=4)","2020"
"31. Estimated % of BLM range acres with all 3 rangeland health attributes >= 4",15,"ID","1",0,0,0,0,0,"ALL 3 RANGELAND HEALTH ATTRIBUTES HAD MODERATE-TO-EXTREME OR EXTREME-TO-TOTAL DEPARTURE FROM REFERENCE CONDITIONS (>=4)","2020"
"31. Estimated % of BLM range acres with all 3 rangeland health attributes >= 4",15,"ID","2",0,0,0,0,0,"ALL 3 RANGELAND HEALTH ATTRIBUTES HAD MODERATE-TO-EXTREME OR EXTREME-TO-TOTAL DEPARTURE FROM REFERENCE CONDITIONS (>=4)","2020"
"31. Estimated % of BLM range acres with all 3 rangeland health attributes >= 4",15,"MT","1",0,0,0,0,0,"ALL 3 RANGELAND HEALTH ATTRIBUTES HAD MODERATE-TO-EXTREME OR EXTREME-TO-TOTAL DEPARTURE FROM REFERENCE CONDITIONS (>=4)","2020"
"31. Estimated % of BLM range acres with all 3 rangeland health attributes >= 4",15,"MT","2",0,0,0,0,0,"ALL 3 RANGELAND HEALTH ATTRIBUTES HAD MODERATE-TO-EXTREME OR EXTREME-TO-TOTAL DEPARTURE FROM REFERENCE CONDITIONS (>=4)","2020"
"31. Estimated % of BLM range acres with all 3 rangeland health attributes >= 4",15,"NV","1",0,0,0,0,0,"ALL 3 RANGELAND HEALTH ATTRIBUTES HAD MODERATE-TO-EXTREME OR EXTREME-TO-TOTAL DEPARTURE FROM REFERENCE CONDITIONS (>=4)","2020"
"31. Estimated % of BLM range acres with all 3 rangeland health attributes >= 4",15,"NV","2",0,0,0,0,0,"ALL 3 RANGELAND HEALTH ATTRIBUTES HAD MODERATE-TO-EXTREME OR EXTREME-TO-TOTAL DEPARTURE FROM REFERENCE CONDITIONS (>=4)","2020"
"31. Estimated % of BLM range acres with all 3 rangeland health attributes >= 4",15,"NM","2",19.57,6.22,0.318,11.6,27.54,"ALL 3 RANGELAND HEALTH ATTRIBUTES HAD MODERATE-TO-EXTREME OR EXTREME-TO-TOTAL DEPARTURE FROM REFERENCE CONDITIONS (>=4)","2020"
"31. Estimated % of BLM range acres with all 3 rangeland health attributes >= 4",15,"OR","1",0,0,0,0,0,"ALL 3 RANGELAND HEALTH ATTRIBUTES HAD MODERATE-TO-EXTREME OR EXTREME-TO-TOTAL DEPARTURE FROM REFERENCE CONDITIONS (>=4)","2020"
"31. Estimated % of BLM range acres with all 3 rangeland health attributes >= 4",15,"OR","2",0,0,0,0,0,"ALL 3 RANGELAND HEALTH ATTRIBUTES HAD MODERATE-TO-EXTREME OR EXTREME-TO-TOTAL DEPARTURE FROM REFERENCE CONDITIONS (>=4)","2020"
"31. Estimated % of BLM range acres with all 3 rangeland health attributes >= 4",15,"SD","2",0,0,0,0,0,"ALL 3 RANGELAND HEALTH ATTRIBUTES HAD MODERATE-TO-EXTREME OR EXTREME-TO-TOTAL DEPARTURE FROM REFERENCE CONDITIONS (>=4)","2020"
"31. Estimated % of BLM range acres with all 3 rangeland health attributes >= 4",15,"UT","1",0,0,0,0,0,"ALL 3 RANGELAND HEALTH ATTRIBUTES HAD MODERATE-TO-EXTREME OR EXTREME-TO-TOTAL DEPARTURE FROM REFERENCE CONDITIONS (>=4)","2020"
"31. Estimated % of BLM range acres with all 3 rangeland health attributes >= 4",15,"UT","2",0,0,0,0,0,"ALL 3 RANGELAND HEALTH ATTRIBUTES HAD MODERATE-TO-EXTREME OR EXTREME-TO-TOTAL DEPARTURE FROM REFERENCE CONDITIONS (>=4)","2020"
"31. Estimated % of BLM range acres with all 3 rangeland health attributes >= 4",15,"WA","2",0,0,0,0,0,"ALL 3 RANGELAND HEALTH ATTRIBUTES HAD MODERATE-TO-EXTREME OR EXTREME-TO-TOTAL DEPARTURE FROM REFERENCE CONDITIONS (>=4)","2020"
"31. Estimated % of BLM range acres with all 3 rangeland health attributes >= 4",15,"WY","1",0,0,0,0,0,"ALL 3 RANGELAND HEALTH ATTRIBUTES HAD MODERATE-TO-EXTREME OR EXTREME-TO-TOTAL DEPARTURE FROM REFERENCE CONDITIONS (>=4)","2020"
"31. Estimated % of BLM range acres with all 3 rangeland health attributes >= 4",15,"WY","2",0,0,0,0,0,"ALL 3 RANGELAND HEALTH ATTRIBUTES HAD MODERATE-TO-EXTREME OR EXTREME-TO-TOTAL DEPARTURE FROM REFERENCE CONDITIONS (>=4)","2020"
"33. Estimated BLM range acres with all 3 rangeland health attributes >= 4",15,"BLM","NA",2897352,1000780,0.345,1614801,4179903,"ALL 3 RANGELAND HEALTH ATTRIBUTES HAD MODERATE-TO-EXTREME OR EXTREME-TO-TOTAL DEPARTURE FROM REFERENCE CONDITIONS (>=4)","2020"
"33. Estimated BLM range acres with all 3 rangeland health attributes >= 4",15,"AZ","2",0,0,0,0,0,"ALL 3 RANGELAND HEALTH ATTRIBUTES HAD MODERATE-TO-EXTREME OR EXTREME-TO-TOTAL DEPARTURE FROM REFERENCE CONDITIONS (>=4)","2020"
"33. Estimated BLM range acres with all 3 rangeland health attributes >= 4",15,"CA","1",0,0,0,0,0,"ALL 3 RANGELAND HEALTH ATTRIBUTES HAD MODERATE-TO-EXTREME OR EXTREME-TO-TOTAL DEPARTURE FROM REFERENCE CONDITIONS (>=4)","2020"
"33. Estimated BLM range acres with all 3 rangeland health attributes >= 4",15,"CA","2",0,0,0,0,0,"ALL 3 RANGELAND HEALTH ATTRIBUTES HAD MODERATE-TO-EXTREME OR EXTREME-TO-TOTAL DEPARTURE FROM REFERENCE CONDITIONS (>=4)","2020"
"33. Estimated BLM range acres with all 3 rangeland health attributes >= 4",15,"CO","1",0,0,0,0,0,"ALL 3 RANGELAND HEALTH ATTRIBUTES HAD MODERATE-TO-EXTREME OR EXTREME-TO-TOTAL DEPARTURE FROM REFERENCE CONDITIONS (>=4)","2020"
"33. Estimated BLM range acres with all 3 rangeland health attributes >= 4",15,"CO","2",0,0,0,0,0,"ALL 3 RANGELAND HEALTH ATTRIBUTES HAD MODERATE-TO-EXTREME OR EXTREME-TO-TOTAL DEPARTURE FROM REFERENCE CONDITIONS (>=4)","2020"
"33. Estimated BLM range acres with all 3 rangeland health attributes >= 4",15,"ID","1",0,0,0,0,0,"ALL 3 RANGELAND HEALTH ATTRIBUTES HAD MODERATE-TO-EXTREME OR EXTREME-TO-TOTAL DEPARTURE FROM REFERENCE CONDITIONS (>=4)","2020"
"33. Estimated BLM range acres with all 3 rangeland health attributes >= 4",15,"ID","2",0,0,0,0,0,"ALL 3 RANGELAND HEALTH ATTRIBUTES HAD MODERATE-TO-EXTREME OR EXTREME-TO-TOTAL DEPARTURE FROM REFERENCE CONDITIONS (>=4)","2020"
"33. Estimated BLM range acres with all 3 rangeland health attributes >= 4",15,"MT","1",0,0,0,0,0,"ALL 3 RANGELAND HEALTH ATTRIBUTES HAD MODERATE-TO-EXTREME OR EXTREME-TO-TOTAL DEPARTURE FROM REFERENCE CONDITIONS (>=4)","2020"
"33. Estimated BLM range acres with all 3 rangeland health attributes >= 4",15,"MT","2",0,0,0,0,0,"ALL 3 RANGELAND HEALTH ATTRIBUTES HAD MODERATE-TO-EXTREME OR EXTREME-TO-TOTAL DEPARTURE FROM REFERENCE CONDITIONS (>=4)","2020"
"33. Estimated BLM range acres with all 3 rangeland health attributes >= 4",15,"NV","1",0,0,0,0,0,"ALL 3 RANGELAND HEALTH ATTRIBUTES HAD MODERATE-TO-EXTREME OR EXTREME-TO-TOTAL DEPARTURE FROM REFERENCE CONDITIONS (>=4)","2020"
"33. Estimated BLM range acres with all 3 rangeland health attributes >= 4",15,"NV","2",0,0,0,0,0,"ALL 3 RANGELAND HEALTH ATTRIBUTES HAD MODERATE-TO-EXTREME OR EXTREME-TO-TOTAL DEPARTURE FROM REFERENCE CONDITIONS (>=4)","2020"
"33. Estimated BLM range acres with all 3 rangeland health attributes >= 4",15,"NM","2",2897352,1000780,0.345,1614801,4179903,"ALL 3 RANGELAND HEALTH ATTRIBUTES HAD MODERATE-TO-EXTREME OR EXTREME-TO-TOTAL DEPARTURE FROM REFERENCE CONDITIONS (>=4)","2020"
"33. Estimated BLM range acres with all 3 rangeland health attributes >= 4",15,"OR","1",0,0,0,0,0,"ALL 3 RANGELAND HEALTH ATTRIBUTES HAD MODERATE-TO-EXTREME OR EXTREME-TO-TOTAL DEPARTURE FROM REFERENCE CONDITIONS (>=4)","2020"
"33. Estimated BLM range acres with all 3 rangeland health attributes >= 4",15,"OR","2",0,0,0,0,0,"ALL 3 RANGELAND HEALTH ATTRIBUTES HAD MODERATE-TO-EXTREME OR EXTREME-TO-TOTAL DEPARTURE FROM REFERENCE CONDITIONS (>=4)","2020"
"33. Estimated BLM range acres with all 3 rangeland health attributes >= 4",15,"SD","2",0,0,0,0,0,"ALL 3 RANGELAND HEALTH ATTRIBUTES HAD MODERATE-TO-EXTREME OR EXTREME-TO-TOTAL DEPARTURE FROM REFERENCE CONDITIONS (>=4)","2020"
"33. Estimated BLM range acres with all 3 rangeland health attributes >= 4",15,"UT","1",0,0,0,0,0,"ALL 3 RANGELAND HEALTH ATTRIBUTES HAD MODERATE-TO-EXTREME OR EXTREME-TO-TOTAL DEPARTURE FROM REFERENCE CONDITIONS (>=4)","2020"
"33. Estimated BLM range acres with all 3 rangeland health attributes >= 4",15,"UT","2",0,0,0,0,0,"ALL 3 RANGELAND HEALTH ATTRIBUTES HAD MODERATE-TO-EXTREME OR EXTREME-TO-TOTAL DEPARTURE FROM REFERENCE CONDITIONS (>=4)","2020"
"33. Estimated BLM range acres with all 3 rangeland health attributes >= 4",15,"WA","2",0,0,0,0,0,"ALL 3 RANGELAND HEALTH ATTRIBUTES HAD MODERATE-TO-EXTREME OR EXTREME-TO-TOTAL DEPARTURE FROM REFERENCE CONDITIONS (>=4)","2020"
"33. Estimated BLM range acres with all 3 rangeland health attributes >= 4",15,"WY","1",0,0,0,0,0,"ALL 3 RANGELAND HEALTH ATTRIBUTES HAD MODERATE-TO-EXTREME OR EXTREME-TO-TOTAL DEPARTURE FROM REFERENCE CONDITIONS (>=4)","2020"
"33. Estimated BLM range acres with all 3 rangeland health attributes >= 4",15,"WY","2",0,0,0,0,0,"ALL 3 RANGELAND HEALTH ATTRIBUTES HAD MODERATE-TO-EXTREME OR EXTREME-TO-TOTAL DEPARTURE FROM REFERENCE CONDITIONS (>=4)","2020"
"34. Estimated % of BLM range acres with at least 1 rangeland health attribute = 3",16,"BLM","NA",10.63,1.36,0.128,8.88,12.38,"AT LEAST 1 RANGELAND HEALTH ATTRIBUTE HAD MODERATE DEPARTURE FROM REFERENCE CONDITIONS (=3)","2020"
"34. Estimated % of BLM range acres with at least 1 rangeland health attribute = 3",16,"AZ","2",0,0,0,0,0,"AT LEAST 1 RANGELAND HEALTH ATTRIBUTE HAD MODERATE DEPARTURE FROM REFERENCE CONDITIONS (=3)","2020"
"34. Estimated % of BLM range acres with at least 1 rangeland health attribute = 3",16,"CA","1",0,0,0,0,0,"AT LEAST 1 RANGELAND HEALTH ATTRIBUTE HAD MODERATE DEPARTURE FROM REFERENCE CONDITIONS (=3)","2020"
"34. Estimated % of BLM range acres with at least 1 rangeland health attribute = 3",16,"CA","2",0,0,0,0,0,"AT LEAST 1 RANGELAND HEALTH ATTRIBUTE HAD MODERATE DEPARTURE FROM REFERENCE CONDITIONS (=3)","2020"
"34. Estimated % of BLM range acres with at least 1 rangeland health attribute = 3",16,"CO","1",8.75,5.14,0.588,2.16,15.34,"AT LEAST 1 RANGELAND HEALTH ATTRIBUTE HAD MODERATE DEPARTURE FROM REFERENCE CONDITIONS (=3)","2020"
"34. Estimated % of BLM range acres with at least 1 rangeland health attribute = 3",16,"CO","2",5.44,3.87,0.712,0.48,10.4,"AT LEAST 1 RANGELAND HEALTH ATTRIBUTE HAD MODERATE DEPARTURE FROM REFERENCE CONDITIONS (=3)","2020"
"34. Estimated % of BLM range acres with at least 1 rangeland health attribute = 3",16,"ID","1",0,0,0,0,0,"AT LEAST 1 RANGELAND HEALTH ATTRIBUTE HAD MODERATE DEPARTURE FROM REFERENCE CONDITIONS (=3)","2020"
"34. Estimated % of BLM range acres with at least 1 rangeland health attribute = 3",16,"ID","2",0,0,0,0,0,"AT LEAST 1 RANGELAND HEALTH ATTRIBUTE HAD MODERATE DEPARTURE FROM REFERENCE CONDITIONS (=3)","2020"
"34. Estimated % of BLM range acres with at least 1 rangeland health attribute = 3",16,"MT","1",3.62,1.88,0.519,1.21,6.03,"AT LEAST 1 RANGELAND HEALTH ATTRIBUTE HAD MODERATE DEPARTURE FROM REFERENCE CONDITIONS (=3)","2020"
"34. Estimated % of BLM range acres with at least 1 rangeland health attribute = 3",16,"MT","2",75.83,34.99,0.461,30.98,100,"AT LEAST 1 RANGELAND HEALTH ATTRIBUTE HAD MODERATE DEPARTURE FROM REFERENCE CONDITIONS (=3)","2020"
"34. Estimated % of BLM range acres with at least 1 rangeland health attribute = 3",16,"NV","1",4.55,2.29,0.504,1.61,7.49,"AT LEAST 1 RANGELAND HEALTH ATTRIBUTE HAD MODERATE DEPARTURE FROM REFERENCE CONDITIONS (=3)","2020"
"34. Estimated % of BLM range acres with at least 1 rangeland health attribute = 3",16,"NV","2",5.32,2.39,0.45,2.25,8.39,"AT LEAST 1 RANGELAND HEALTH ATTRIBUTE HAD MODERATE DEPARTURE FROM REFERENCE CONDITIONS (=3)","2020"
"34. Estimated % of BLM range acres with at least 1 rangeland health attribute = 3",16,"NM","2",57.59,9.32,0.162,45.64,69.54,"AT LEAST 1 RANGELAND HEALTH ATTRIBUTE HAD MODERATE DEPARTURE FROM REFERENCE CONDITIONS (=3)","2020"
"34. Estimated % of BLM range acres with at least 1 rangeland health attribute = 3",16,"OR","1",7.31,2.2,0.301,4.5,10.13,"AT LEAST 1 RANGELAND HEALTH ATTRIBUTE HAD MODERATE DEPARTURE FROM REFERENCE CONDITIONS (=3)","2020"
"34. Estimated % of BLM range acres with at least 1 rangeland health attribute = 3",16,"OR","2",0,0,0,0,0,"AT LEAST 1 RANGELAND HEALTH ATTRIBUTE HAD MODERATE DEPARTURE FROM REFERENCE CONDITIONS (=3)","2020"
"34. Estimated % of BLM range acres with at least 1 rangeland health attribute = 3",16,"SD","2",0,0,0,0,0,"AT LEAST 1 RANGELAND HEALTH ATTRIBUTE HAD MODERATE DEPARTURE FROM REFERENCE CONDITIONS (=3)","2020"
"34. Estimated % of BLM range acres with at least 1 rangeland health attribute = 3",16,"UT","1",4.45,3.97,0.891,0,9.54,"AT LEAST 1 RANGELAND HEALTH ATTRIBUTE HAD MODERATE DEPARTURE FROM REFERENCE CONDITIONS (=3)","2020"
"34. Estimated % of BLM range acres with at least 1 rangeland health attribute = 3",16,"UT","2",4.15,3.22,0.777,0.02,8.28,"AT LEAST 1 RANGELAND HEALTH ATTRIBUTE HAD MODERATE DEPARTURE FROM REFERENCE CONDITIONS (=3)","2020"
"34. Estimated % of BLM range acres with at least 1 rangeland health attribute = 3",16,"WA","2",0,0,0,0,0,"AT LEAST 1 RANGELAND HEALTH ATTRIBUTE HAD MODERATE DEPARTURE FROM REFERENCE CONDITIONS (=3)","2020"
"34. Estimated % of BLM range acres with at least 1 rangeland health attribute = 3",16,"WY","1",7.68,2.06,0.268,5.04,10.31,"AT LEAST 1 RANGELAND HEALTH ATTRIBUTE HAD MODERATE DEPARTURE FROM REFERENCE CONDITIONS (=3)","2020"
"34. Estimated % of BLM range acres with at least 1 rangeland health attribute = 3",16,"WY","2",11.45,16.03,1.4,0,31.99,"AT LEAST 1 RANGELAND HEALTH ATTRIBUTE HAD MODERATE DEPARTURE FROM REFERENCE CONDITIONS (=3)","2020"
"36. Estimated BLM range acres with at least 1 rangeland health attribute = 3",16,"BLM","NA",15835704,2060297,0.13,13195327,18476082,"AT LEAST 1 RANGELAND HEALTH ATTRIBUTE HAD MODERATE DEPARTURE FROM REFERENCE CONDITIONS (=3)","2020"
"36. Estimated BLM range acres with at least 1 rangeland health attribute = 3",16,"AZ","2",0,0,0,0,0,"AT LEAST 1 RANGELAND HEALTH ATTRIBUTE HAD MODERATE DEPARTURE FROM REFERENCE CONDITIONS (=3)","2020"
"36. Estimated BLM range acres with at least 1 rangeland health attribute = 3",16,"CA","1",0,0,0,0,0,"AT LEAST 1 RANGELAND HEALTH ATTRIBUTE HAD MODERATE DEPARTURE FROM REFERENCE CONDITIONS (=3)","2020"
"36. Estimated BLM range acres with at least 1 rangeland health attribute = 3",16,"CA","2",0,0,0,0,0,"AT LEAST 1 RANGELAND HEALTH ATTRIBUTE HAD MODERATE DEPARTURE FROM REFERENCE CONDITIONS (=3)","2020"
"36. Estimated BLM range acres with at least 1 rangeland health attribute = 3",16,"CO","1",146541,88432,0.603,33210,259871,"AT LEAST 1 RANGELAND HEALTH ATTRIBUTE HAD MODERATE DEPARTURE FROM REFERENCE CONDITIONS (=3)","2020"
"36. Estimated BLM range acres with at least 1 rangeland health attribute = 3",16,"CO","2",330345,233188,0.706,31503,629187,"AT LEAST 1 RANGELAND HEALTH ATTRIBUTE HAD MODERATE DEPARTURE FROM REFERENCE CONDITIONS (=3)","2020"
"36. Estimated BLM range acres with at least 1 rangeland health attribute = 3",16,"ID","1",0,0,0,0,0,"AT LEAST 1 RANGELAND HEALTH ATTRIBUTE HAD MODERATE DEPARTURE FROM REFERENCE CONDITIONS (=3)","2020"
"36. Estimated BLM range acres with at least 1 rangeland health attribute = 3",16,"ID","2",0,0,0,0,0,"AT LEAST 1 RANGELAND HEALTH ATTRIBUTE HAD MODERATE DEPARTURE FROM REFERENCE CONDITIONS (=3)","2020"
"36. Estimated BLM range acres with at least 1 rangeland health attribute = 3",16,"MT","1",253146,130462,0.515,85952,420340,"AT LEAST 1 RANGELAND HEALTH ATTRIBUTE HAD MODERATE DEPARTURE FROM REFERENCE CONDITIONS (=3)","2020"
"36. Estimated BLM range acres with at least 1 rangeland health attribute = 3",16,"MT","2",832115,526108,0.632,157880,1506349,"AT LEAST 1 RANGELAND HEALTH ATTRIBUTE HAD MODERATE DEPARTURE FROM REFERENCE CONDITIONS (=3)","2020"
"36. Estimated BLM range acres with at least 1 rangeland health attribute = 3",16,"NV","1",675634,342114,0.506,237197,1114070,"AT LEAST 1 RANGELAND HEALTH ATTRIBUTE HAD MODERATE DEPARTURE FROM REFERENCE CONDITIONS (=3)","2020"
"36. Estimated BLM range acres with at least 1 rangeland health attribute = 3",16,"NV","2",1812343,787997,0.435,802484,2822202,"AT LEAST 1 RANGELAND HEALTH ATTRIBUTE HAD MODERATE DEPARTURE FROM REFERENCE CONDITIONS (=3)","2020"
"36. Estimated BLM range acres with at least 1 rangeland health attribute = 3",16,"NM","2",8525900,1561108,0.183,6525259,10526541,"AT LEAST 1 RANGELAND HEALTH ATTRIBUTE HAD MODERATE DEPARTURE FROM REFERENCE CONDITIONS (=3)","2020"
"36. Estimated BLM range acres with at least 1 rangeland health attribute = 3",16,"OR","1",795767,240767,0.303,487212,1104322,"AT LEAST 1 RANGELAND HEALTH ATTRIBUTE HAD MODERATE DEPARTURE FROM REFERENCE CONDITIONS (=3)","2020"
"36. Estimated BLM range acres with at least 1 rangeland health attribute = 3",16,"OR","2",0,0,0,0,0,"AT LEAST 1 RANGELAND HEALTH ATTRIBUTE HAD MODERATE DEPARTURE FROM REFERENCE CONDITIONS (=3)","2020"
"36. Estimated BLM range acres with at least 1 rangeland health attribute = 3",16,"SD","2",0,0,0,0,0,"AT LEAST 1 RANGELAND HEALTH ATTRIBUTE HAD MODERATE DEPARTURE FROM REFERENCE CONDITIONS (=3)","2020"
"36. Estimated BLM range acres with at least 1 rangeland health attribute = 3",16,"UT","1",52356,50416,0.963,0,116967,"AT LEAST 1 RANGELAND HEALTH ATTRIBUTE HAD MODERATE DEPARTURE FROM REFERENCE CONDITIONS (=3)","2020"
"36. Estimated BLM range acres with at least 1 rangeland health attribute = 3",16,"UT","2",810180,627777,0.775,5650,1614709,"AT LEAST 1 RANGELAND HEALTH ATTRIBUTE HAD MODERATE DEPARTURE FROM REFERENCE CONDITIONS (=3)","2020"
"36. Estimated BLM range acres with at least 1 rangeland health attribute = 3",16,"WA","2",0,0,0,0,0,"AT LEAST 1 RANGELAND HEALTH ATTRIBUTE HAD MODERATE DEPARTURE FROM REFERENCE CONDITIONS (=3)","2020"
"36. Estimated BLM range acres with at least 1 rangeland health attribute = 3",16,"WY","1",1244671,342691,0.275,805494,1683847,"AT LEAST 1 RANGELAND HEALTH ATTRIBUTE HAD MODERATE DEPARTURE FROM REFERENCE CONDITIONS (=3)","2020"
"36. Estimated BLM range acres with at least 1 rangeland health attribute = 3",16,"WY","2",356708,483802,1.356,0,976725,"AT LEAST 1 RANGELAND HEALTH ATTRIBUTE HAD MODERATE DEPARTURE FROM REFERENCE CONDITIONS (=3)","2020"
"37. Estimated % of BLM range acres that meet this condition",17,"BLM","NA",66.75,1.96,0.029,64.24,69.26,"NON-NATIVE INVASIVE SPECIES ARE PRESENT","2020"
"37. Estimated % of BLM range acres that meet this condition",17,"AZ","2",76.5,7.67,0.1,66.67,86.33,"NON-NATIVE INVASIVE SPECIES ARE PRESENT","2020"
"37. Estimated % of BLM range acres that meet this condition",17,"CA","1",0,0,0,0,0,"NON-NATIVE INVASIVE SPECIES ARE PRESENT","2020"
"37. Estimated % of BLM range acres that meet this condition",17,"CA","2",0,0,0,0,0,"NON-NATIVE INVASIVE SPECIES ARE PRESENT","2020"
"37. Estimated % of BLM range acres that meet this condition",17,"CO","1",60.41,8.61,0.143,49.38,71.45,"NON-NATIVE INVASIVE SPECIES ARE PRESENT","2020"
"37. Estimated % of BLM range acres that meet this condition",17,"CO","2",32.95,12.29,0.373,17.2,48.7,"NON-NATIVE INVASIVE SPECIES ARE PRESENT","2020"
"37. Estimated % of BLM range acres that meet this condition",17,"ID","1",0,0,0,0,0,"NON-NATIVE INVASIVE SPECIES ARE PRESENT","2020"
"37. Estimated % of BLM range acres that meet this condition",17,"ID","2",0,0,0,0,0,"NON-NATIVE INVASIVE SPECIES ARE PRESENT","2020"
"37. Estimated % of BLM range acres that meet this condition",17,"MT","1",69.32,3.48,0.05,64.87,73.78,"NON-NATIVE INVASIVE SPECIES ARE PRESENT","2020"
"37. Estimated % of BLM range acres that meet this condition",17,"MT","2",24.17,34.99,1.448,0,69.02,"NON-NATIVE INVASIVE SPECIES ARE PRESENT","2020"
"37. Estimated % of BLM range acres that meet this condition",17,"NV","1",85.89,4.14,0.048,80.59,91.19,"NON-NATIVE INVASIVE SPECIES ARE PRESENT","2020"
"37. Estimated % of BLM range acres that meet this condition",17,"NV","2",84.74,5.34,0.063,77.9,91.59,"NON-NATIVE INVASIVE SPECIES ARE PRESENT","2020"
"37. Estimated % of BLM range acres that meet this condition",17,"NM","2",12.17,4.87,0.401,5.92,18.41,"NON-NATIVE INVASIVE SPECIES ARE PRESENT","2020"
"37. Estimated % of BLM range acres that meet this condition",17,"OR","1",75.56,3.87,0.051,70.61,80.52,"NON-NATIVE INVASIVE SPECIES ARE PRESENT","2020"
"37. Estimated % of BLM range acres that meet this condition",17,"OR","2",69.32,18.77,0.271,45.27,93.37,"NON-NATIVE INVASIVE SPECIES ARE PRESENT","2020"
"37. Estimated % of BLM range acres that meet this condition",17,"SD","2",100,98.26,0.983,0,100,"NON-NATIVE INVASIVE SPECIES ARE PRESENT","2020"
"37. Estimated % of BLM range acres that meet this condition",17,"UT","1",61.81,17.92,0.29,38.84,84.77,"NON-NATIVE INVASIVE SPECIES ARE PRESENT","2020"
"37. Estimated % of BLM range acres that meet this condition",17,"UT","2",90.13,4.2,0.047,84.74,95.52,"NON-NATIVE INVASIVE SPECIES ARE PRESENT","2020"
"37. Estimated % of BLM range acres that meet this condition",17,"WA","2",100,98.26,0.983,0,100,"NON-NATIVE INVASIVE SPECIES ARE PRESENT","2020"
"37. Estimated % of BLM range acres that meet this condition",17,"WY","1",43.98,3.18,0.072,39.92,48.05,"NON-NATIVE INVASIVE SPECIES ARE PRESENT","2020"
"37. Estimated % of BLM range acres that meet this condition",17,"WY","2",24.05,23.3,0.969,0,53.91,"NON-NATIVE INVASIVE SPECIES ARE PRESENT","2020"
"39. Estimated BLM range acres that meet this condition",17,"BLM","NA",103036583,2875296,0.028,99351743,106721423,"NON-NATIVE INVASIVE SPECIES ARE PRESENT","2020"
"39. Estimated BLM range acres that meet this condition",17,"AZ","2",11674362,1499222,0.128,9753032,13595692,"NON-NATIVE INVASIVE SPECIES ARE PRESENT","2020"
"39. Estimated BLM range acres that meet this condition",17,"CA","1",0,0,0,0,0,"NON-NATIVE INVASIVE SPECIES ARE PRESENT","2020"
"39. Estimated BLM range acres that meet this condition",17,"CA","2",0,0,0,0,0,"NON-NATIVE INVASIVE SPECIES ARE PRESENT","2020"
"39. Estimated BLM range acres that meet this condition",17,"CO","1",1395743,197402,0.141,1142762,1648724,"NON-NATIVE INVASIVE SPECIES ARE PRESENT","2020"
"39. Estimated BLM range acres that meet this condition",17,"CO","2",2000815,771802,0.386,1011711,2989919,"NON-NATIVE INVASIVE SPECIES ARE PRESENT","2020"
"39. Estimated BLM range acres that meet this condition",17,"ID","1",0,0,0,0,0,"NON-NATIVE INVASIVE SPECIES ARE PRESENT","2020"
"39. Estimated BLM range acres that meet this condition",17,"ID","2",0,0,0,0,0,"NON-NATIVE INVASIVE SPECIES ARE PRESENT","2020"
"39. Estimated BLM range acres that meet this condition",17,"MT","1",4845489,260841,0.054,4511207,5179770,"NON-NATIVE INVASIVE SPECIES ARE PRESENT","2020"
"39. Estimated BLM range acres that meet this condition",17,"MT","2",265251,361880,1.364,0,729020,"NON-NATIVE INVASIVE SPECIES ARE PRESENT","2020"
"39. Estimated BLM range acres that meet this condition",17,"NV","1",12749404,695274,0.055,11858374,13640433,"NON-NATIVE INVASIVE SPECIES ARE PRESENT","2020"
"39. Estimated BLM range acres that meet this condition",17,"NV","2",29183990,1826713,0.063,26842963,31525017,"NON-NATIVE INVASIVE SPECIES ARE PRESENT","2020"
"39. Estimated BLM range acres that meet this condition",17,"NM","2",2004196,803860,0.401,974008,3034384,"NON-NATIVE INVASIVE SPECIES ARE PRESENT","2020"
"39. Estimated BLM range acres that meet this condition",17,"OR","1",8295593,451342,0.054,7717175,8874011,"NON-NATIVE INVASIVE SPECIES ARE PRESENT","2020"
"39. Estimated BLM range acres that meet this condition",17,"OR","2",3279793,861957,0.263,2175151,4384436,"NON-NATIVE INVASIVE SPECIES ARE PRESENT","2020"
"39. Estimated BLM range acres that meet this condition",17,"SD","2",790060,776415,0.983,0,1785077,"NON-NATIVE INVASIVE SPECIES ARE PRESENT","2020"
"39. Estimated BLM range acres that meet this condition",17,"UT","1",726752,209643,0.288,458084,995421,"NON-NATIVE INVASIVE SPECIES ARE PRESENT","2020"
"39. Estimated BLM range acres that meet this condition",17,"UT","2",17599003,1386206,0.079,15822509,19375498,"NON-NATIVE INVASIVE SPECIES ARE PRESENT","2020"
"39. Estimated BLM range acres that meet this condition",17,"WA","2",346327,340303,0.983,0,782442,"NON-NATIVE INVASIVE SPECIES ARE PRESENT","2020"
"39. Estimated BLM range acres that meet this condition",17,"WY","1",7130565,592366,0.083,6371417,7889712,"NON-NATIVE INVASIVE SPECIES ARE PRESENT","2020"
"39. Estimated BLM range acres that meet this condition",17,"WY","2",749239,699419,0.934,0,1645580,"NON-NATIVE INVASIVE SPECIES ARE PRESENT","2020"
"40. Estimated % of BLM range acres that meet this condition",18,"BLM","NA",23.04,2.46,0.107,19.88,26.19,"25% OR GREATER OF FOLIAGE COMPOSED OF NON-NATIVE INVASIVE SPECIES","2020"
"40. Estimated % of BLM range acres that meet this condition",18,"AZ","2",26.56,8.66,0.326,15.46,37.67,"25% OR GREATER OF FOLIAGE COMPOSED OF NON-NATIVE INVASIVE SPECIES","2020"
"40. Estimated % of BLM range acres that meet this condition",18,"CA","1",0,0,0,0,0,"25% OR GREATER OF FOLIAGE COMPOSED OF NON-NATIVE INVASIVE SPECIES","2020"
"40. Estimated % of BLM range acres that meet this condition",18,"CA","2",0,0,0,0,0,"25% OR GREATER OF FOLIAGE COMPOSED OF NON-NATIVE INVASIVE SPECIES","2020"
"40. Estimated % of BLM range acres that meet this condition",18,"CO","1",15.27,4.67,0.305,9.29,21.25,"25% OR GREATER OF FOLIAGE COMPOSED OF NON-NATIVE INVASIVE SPECIES","2020"
"40. Estimated % of BLM range acres that meet this condition",18,"CO","2",8.37,5.11,0.61,1.82,14.92,"25% OR GREATER OF FOLIAGE COMPOSED OF NON-NATIVE INVASIVE SPECIES","2020"
"40. Estimated % of BLM range acres that meet this condition",18,"ID","1",0,0,0,0,0,"25% OR GREATER OF FOLIAGE COMPOSED OF NON-NATIVE INVASIVE SPECIES","2020"
"40. Estimated % of BLM range acres that meet this condition",18,"ID","2",0,0,0,0,0,"25% OR GREATER OF FOLIAGE COMPOSED OF NON-NATIVE INVASIVE SPECIES","2020"
"40. Estimated % of BLM range acres that meet this condition",18,"MT","1",16.4,3.67,0.224,11.69,21.1,"25% OR GREATER OF FOLIAGE COMPOSED OF NON-NATIVE INVASIVE SPECIES","2020"
"40. Estimated % of BLM range acres that meet this condition",18,"MT","2",0,0,0,0,0,"25% OR GREATER OF FOLIAGE COMPOSED OF NON-NATIVE INVASIVE SPECIES","2020"
"40. Estimated % of BLM range acres that meet this condition",18,"NV","1",21.01,3.4,0.162,16.65,25.37,"25% OR GREATER OF FOLIAGE COMPOSED OF NON-NATIVE INVASIVE SPECIES","2020"
"40. Estimated % of BLM range acres that meet this condition",18,"NV","2",30.36,5.82,0.192,22.89,37.82,"25% OR GREATER OF FOLIAGE COMPOSED OF NON-NATIVE INVASIVE SPECIES","2020"
"40. Estimated % of BLM range acres that meet this condition",18,"NM","2",3.14,3.23,1.029,0,7.28,"25% OR GREATER OF FOLIAGE COMPOSED OF NON-NATIVE INVASIVE SPECIES","2020"
"40. Estimated % of BLM range acres that meet this condition",18,"OR","1",22.76,4.87,0.214,16.52,29,"25% OR GREATER OF FOLIAGE COMPOSED OF NON-NATIVE INVASIVE SPECIES","2020"
"40. Estimated % of BLM range acres that meet this condition",18,"OR","2",23.61,13.07,0.554,6.85,40.36,"25% OR GREATER OF FOLIAGE COMPOSED OF NON-NATIVE INVASIVE SPECIES","2020"
"40. Estimated % of BLM range acres that meet this condition",18,"SD","2",0,0,0,0,0,"25% OR GREATER OF FOLIAGE COMPOSED OF NON-NATIVE INVASIVE SPECIES","2020"
"40. Estimated % of BLM range acres that meet this condition",18,"UT","1",4.48,4.6,1.027,0,10.37,"25% OR GREATER OF FOLIAGE COMPOSED OF NON-NATIVE INVASIVE SPECIES","2020"
"40. Estimated % of BLM range acres that meet this condition",18,"UT","2",50.48,9.56,0.189,38.22,62.73,"25% OR GREATER OF FOLIAGE COMPOSED OF NON-NATIVE INVASIVE SPECIES","2020"
"40. Estimated % of BLM range acres that meet this condition",18,"WA","2",50,49.13,0.983,0,100,"25% OR GREATER OF FOLIAGE COMPOSED OF NON-NATIVE INVASIVE SPECIES","2020"
"40. Estimated % of BLM range acres that meet this condition",18,"WY","1",9.36,2.1,0.225,6.66,12.05,"25% OR GREATER OF FOLIAGE COMPOSED OF NON-NATIVE INVASIVE SPECIES","2020"
"40. Estimated % of BLM range acres that meet this condition",18,"WY","2",6.3,8.75,1.39,0,17.52,"25% OR GREATER OF FOLIAGE COMPOSED OF NON-NATIVE INVASIVE SPECIES","2020"
"42. Estimated BLM range acres that meet this condition",18,"BLM","NA",35561757,3782879,0.106,30713802,40409712,"25% OR GREATER OF FOLIAGE COMPOSED OF NON-NATIVE INVASIVE SPECIES","2020"
"42. Estimated BLM range acres that meet this condition",18,"AZ","2",4053417,1425555,0.352,2226495,5880340,"25% OR GREATER OF FOLIAGE COMPOSED OF NON-NATIVE INVASIVE SPECIES","2020"
"42. Estimated BLM range acres that meet this condition",18,"CA","1",0,0,0,0,0,"25% OR GREATER OF FOLIAGE COMPOSED OF NON-NATIVE INVASIVE SPECIES","2020"
"42. Estimated BLM range acres that meet this condition",18,"CA","2",0,0,0,0,0,"25% OR GREATER OF FOLIAGE COMPOSED OF NON-NATIVE INVASIVE SPECIES","2020"
"42. Estimated BLM range acres that meet this condition",18,"CO","1",352869,108561,0.308,213742,491995,"25% OR GREATER OF FOLIAGE COMPOSED OF NON-NATIVE INVASIVE SPECIES","2020"
"42. Estimated BLM range acres that meet this condition",18,"CO","2",508358,311894,0.614,108650,908066,"25% OR GREATER OF FOLIAGE COMPOSED OF NON-NATIVE INVASIVE SPECIES","2020"
"42. Estimated BLM range acres that meet this condition",18,"ID","1",0,0,0,0,0,"25% OR GREATER OF FOLIAGE COMPOSED OF NON-NATIVE INVASIVE SPECIES","2020"
"42. Estimated BLM range acres that meet this condition",18,"ID","2",0,0,0,0,0,"25% OR GREATER OF FOLIAGE COMPOSED OF NON-NATIVE INVASIVE SPECIES","2020"
"42. Estimated BLM range acres that meet this condition",18,"MT","1",1146053,266184,0.232,804924,1487182,"25% OR GREATER OF FOLIAGE COMPOSED OF NON-NATIVE INVASIVE SPECIES","2020"
"42. Estimated BLM range acres that meet this condition",18,"MT","2",0,0,0,0,0,"25% OR GREATER OF FOLIAGE COMPOSED OF NON-NATIVE INVASIVE SPECIES","2020"
"42. Estimated BLM range acres that meet this condition",18,"NV","1",3119292,501111,0.161,2477092,3761492,"25% OR GREATER OF FOLIAGE COMPOSED OF NON-NATIVE INVASIVE SPECIES","2020"
"42. Estimated BLM range acres that meet this condition",18,"NV","2",10453889,2085268,0.199,7781510,13126268,"25% OR GREATER OF FOLIAGE COMPOSED OF NON-NATIVE INVASIVE SPECIES","2020"
"42. Estimated BLM range acres that meet this condition",18,"NM","2",517173,532382,1.029,0,1199448,"25% OR GREATER OF FOLIAGE COMPOSED OF NON-NATIVE INVASIVE SPECIES","2020"
"42. Estimated BLM range acres that meet this condition",18,"OR","1",2498691,535639,0.214,1812242,3185140,"25% OR GREATER OF FOLIAGE COMPOSED OF NON-NATIVE INVASIVE SPECIES","2020"
"42. Estimated BLM range acres that meet this condition",18,"OR","2",1116907,635846,0.569,302037,1931776,"25% OR GREATER OF FOLIAGE COMPOSED OF NON-NATIVE INVASIVE SPECIES","2020"
"42. Estimated BLM range acres that meet this condition",18,"SD","2",0,0,0,0,0,"25% OR GREATER OF FOLIAGE COMPOSED OF NON-NATIVE INVASIVE SPECIES","2020"
"42. Estimated BLM range acres that meet this condition",18,"UT","1",52664,55845,1.06,0,124232,"25% OR GREATER OF FOLIAGE COMPOSED OF NON-NATIVE INVASIVE SPECIES","2020"
"42. Estimated BLM range acres that meet this condition",18,"UT","2",9856268,2041020,0.207,7240595,12471941,"25% OR GREATER OF FOLIAGE COMPOSED OF NON-NATIVE INVASIVE SPECIES","2020"
"42. Estimated BLM range acres that meet this condition",18,"WA","2",173163,170152,0.983,0,391221,"25% OR GREATER OF FOLIAGE COMPOSED OF NON-NATIVE INVASIVE SPECIES","2020"
"42. Estimated BLM range acres that meet this condition",18,"WY","1",1516748,341806,0.225,1078707,1954790,"25% OR GREATER OF FOLIAGE COMPOSED OF NON-NATIVE INVASIVE SPECIES","2020"
"42. Estimated BLM range acres that meet this condition",18,"WY","2",196265,264827,1.349,0,535654,"25% OR GREATER OF FOLIAGE COMPOSED OF NON-NATIVE INVASIVE SPECIES","2020"
"43. Estimated % of BLM range acres that meet this condition",19,"BLM","NA",30.18,2.13,0.071,27.45,32.92,"AT LEAST 20% OF THE LAND HAS INTERCANOPY GAPS OF AT LEAST 2 M","2020"
"43. Estimated % of BLM range acres that meet this condition",19,"AZ","2",37.98,7.75,0.204,28.05,47.92,"AT LEAST 20% OF THE LAND HAS INTERCANOPY GAPS OF AT LEAST 2 M","2020"
"43. Estimated % of BLM range acres that meet this condition",19,"CA","1",0,0,0,0,0,"AT LEAST 20% OF THE LAND HAS INTERCANOPY GAPS OF AT LEAST 2 M","2020"
"43. Estimated % of BLM range acres that meet this condition",19,"CA","2",0,0,0,0,0,"AT LEAST 20% OF THE LAND HAS INTERCANOPY GAPS OF AT LEAST 2 M","2020"
"43. Estimated % of BLM range acres that meet this condition",19,"CO","1",18.53,4.97,0.268,12.17,24.9,"AT LEAST 20% OF THE LAND HAS INTERCANOPY GAPS OF AT LEAST 2 M","2020"
"43. Estimated % of BLM range acres that meet this condition",19,"CO","2",12.1,7.45,0.616,2.55,21.64,"AT LEAST 20% OF THE LAND HAS INTERCANOPY GAPS OF AT LEAST 2 M","2020"
"43. Estimated % of BLM range acres that meet this condition",19,"ID","1",0,0,0,0,0,"AT LEAST 20% OF THE LAND HAS INTERCANOPY GAPS OF AT LEAST 2 M","2020"
"43. Estimated % of BLM range acres that meet this condition",19,"ID","2",0,0,0,0,0,"AT LEAST 20% OF THE LAND HAS INTERCANOPY GAPS OF AT LEAST 2 M","2020"
"43. Estimated % of BLM range acres that meet this condition",19,"MT","1",10.89,3.35,0.308,6.59,15.19,"AT LEAST 20% OF THE LAND HAS INTERCANOPY GAPS OF AT LEAST 2 M","2020"
"43. Estimated % of BLM range acres that meet this condition",19,"MT","2",0,0,0,0,0,"AT LEAST 20% OF THE LAND HAS INTERCANOPY GAPS OF AT LEAST 2 M","2020"
"43. Estimated % of BLM range acres that meet this condition",19,"NV","1",11.35,3.08,0.272,7.4,15.3,"AT LEAST 20% OF THE LAND HAS INTERCANOPY GAPS OF AT LEAST 2 M","2020"
"43. Estimated % of BLM range acres that meet this condition",19,"NV","2",46.19,7.03,0.152,37.18,55.2,"AT LEAST 20% OF THE LAND HAS INTERCANOPY GAPS OF AT LEAST 2 M","2020"
"43. Estimated % of BLM range acres that meet this condition",19,"NM","2",43.09,7.08,0.164,34.02,52.17,"AT LEAST 20% OF THE LAND HAS INTERCANOPY GAPS OF AT LEAST 2 M","2020"
"43. Estimated % of BLM range acres that meet this condition",19,"OR","1",15.13,2.98,0.197,11.32,18.94,"AT LEAST 20% OF THE LAND HAS INTERCANOPY GAPS OF AT LEAST 2 M","2020"
"43. Estimated % of BLM range acres that meet this condition",19,"OR","2",9.44,10.63,1.126,0,23.06,"AT LEAST 20% OF THE LAND HAS INTERCANOPY GAPS OF AT LEAST 2 M","2020"
"43. Estimated % of BLM range acres that meet this condition",19,"SD","2",0,0,0,0,0,"AT LEAST 20% OF THE LAND HAS INTERCANOPY GAPS OF AT LEAST 2 M","2020"
"43. Estimated % of BLM range acres that meet this condition",19,"UT","1",10.13,7.05,0.696,1.1,19.16,"AT LEAST 20% OF THE LAND HAS INTERCANOPY GAPS OF AT LEAST 2 M","2020"
"43. Estimated % of BLM range acres that meet this condition",19,"UT","2",49.2,8.21,0.167,38.68,59.71,"AT LEAST 20% OF THE LAND HAS INTERCANOPY GAPS OF AT LEAST 2 M","2020"
"43. Estimated % of BLM range acres that meet this condition",19,"WA","2",0,0,0,0,0,"AT LEAST 20% OF THE LAND HAS INTERCANOPY GAPS OF AT LEAST 2 M","2020"
"43. Estimated % of BLM range acres that meet this condition",19,"WY","1",14.45,1.9,0.131,12.02,16.88,"AT LEAST 20% OF THE LAND HAS INTERCANOPY GAPS OF AT LEAST 2 M","2020"
"43. Estimated % of BLM range acres that meet this condition",19,"WY","2",0,0,0,0,0,"AT LEAST 20% OF THE LAND HAS INTERCANOPY GAPS OF AT LEAST 2 M","2020"
"45. Estimated BLM range acres that meet this condition",19,"BLM","NA",46586882,3347511,0.072,42296875,50876890,"AT LEAST 20% OF THE LAND HAS INTERCANOPY GAPS OF AT LEAST 2 M","2020"
"45. Estimated BLM range acres that meet this condition",19,"AZ","2",5796143,1124224,0.194,4355391,7236894,"AT LEAST 20% OF THE LAND HAS INTERCANOPY GAPS OF AT LEAST 2 M","2020"
"45. Estimated BLM range acres that meet this condition",19,"CA","1",0,0,0,0,0,"AT LEAST 20% OF THE LAND HAS INTERCANOPY GAPS OF AT LEAST 2 M","2020"
"45. Estimated BLM range acres that meet this condition",19,"CA","2",0,0,0,0,0,"AT LEAST 20% OF THE LAND HAS INTERCANOPY GAPS OF AT LEAST 2 M","2020"
"45. Estimated BLM range acres that meet this condition",19,"CO","1",428204,110771,0.259,286246,570163,"AT LEAST 20% OF THE LAND HAS INTERCANOPY GAPS OF AT LEAST 2 M","2020"
"45. Estimated BLM range acres that meet this condition",19,"CO","2",734489,436199,0.594,175477,1293500,"AT LEAST 20% OF THE LAND HAS INTERCANOPY GAPS OF AT LEAST 2 M","2020"
"45. Estimated BLM range acres that meet this condition",19,"ID","1",0,0,0,0,0,"AT LEAST 20% OF THE LAND HAS INTERCANOPY GAPS OF AT LEAST 2 M","2020"
"45. Estimated BLM range acres that meet this condition",19,"ID","2",0,0,0,0,0,"AT LEAST 20% OF THE LAND HAS INTERCANOPY GAPS OF AT LEAST 2 M","2020"
"45. Estimated BLM range acres that meet this condition",19,"MT","1",761458,229494,0.301,467349,1055567,"AT LEAST 20% OF THE LAND HAS INTERCANOPY GAPS OF AT LEAST 2 M","2020"
"45. Estimated BLM range acres that meet this condition",19,"MT","2",0,0,0,0,0,"AT LEAST 20% OF THE LAND HAS INTERCANOPY GAPS OF AT LEAST 2 M","2020"
"45. Estimated BLM range acres that meet this condition",19,"NV","1",1684762,453437,0.269,1103659,2265865,"AT LEAST 20% OF THE LAND HAS INTERCANOPY GAPS OF AT LEAST 2 M","2020"
"45. Estimated BLM range acres that meet this condition",19,"NV","2",15907575,2724227,0.171,12416338,19398813,"AT LEAST 20% OF THE LAND HAS INTERCANOPY GAPS OF AT LEAST 2 M","2020"
"45. Estimated BLM range acres that meet this condition",19,"NM","2",7098295,1247344,0.176,5499760,8696830,"AT LEAST 20% OF THE LAND HAS INTERCANOPY GAPS OF AT LEAST 2 M","2020"
"45. Estimated BLM range acres that meet this condition",19,"OR","1",1661088,326062,0.196,1243223,2078953,"AT LEAST 20% OF THE LAND HAS INTERCANOPY GAPS OF AT LEAST 2 M","2020"
"45. Estimated BLM range acres that meet this condition",19,"OR","2",446614,494581,1.107,0,1080445,"AT LEAST 20% OF THE LAND HAS INTERCANOPY GAPS OF AT LEAST 2 M","2020"
"45. Estimated BLM range acres that meet this condition",19,"SD","2",0,0,0,0,0,"AT LEAST 20% OF THE LAND HAS INTERCANOPY GAPS OF AT LEAST 2 M","2020"
"45. Estimated BLM range acres that meet this condition",19,"UT","1",119085,89275,0.75,4674,233495,"AT LEAST 20% OF THE LAND HAS INTERCANOPY GAPS OF AT LEAST 2 M","2020"
"45. Estimated BLM range acres that meet this condition",19,"UT","2",9606150,1803536,0.188,7294826,11917474,"AT LEAST 20% OF THE LAND HAS INTERCANOPY GAPS OF AT LEAST 2 M","2020"
"45. Estimated BLM range acres that meet this condition",19,"WA","2",0,0,0,0,0,"AT LEAST 20% OF THE LAND HAS INTERCANOPY GAPS OF AT LEAST 2 M","2020"
"45. Estimated BLM range acres that meet this condition",19,"WY","1",2343019,308351,0.132,1947851,2738187,"AT LEAST 20% OF THE LAND HAS INTERCANOPY GAPS OF AT LEAST 2 M","2020"
"45. Estimated BLM range acres that meet this condition",19,"WY","2",0,0,0,0,0,"AT LEAST 20% OF THE LAND HAS INTERCANOPY GAPS OF AT LEAST 2 M","2020"
"46. Estimated % of BLM range acres that meet this condition",20,"BLM","NA",14.12,2.16,0.153,11.35,16.89,"AT LEAST 20% OF THE LAND HAS INTERCANOPY GAPS OF AT LEAST 2 M AND THE GAPS ARE AT LEAST 50% BARE GROUND","2020"
"46. Estimated % of BLM range acres that meet this condition",20,"AZ","2",5.28,3.9,0.739,0.28,10.29,"AT LEAST 20% OF THE LAND HAS INTERCANOPY GAPS OF AT LEAST 2 M AND THE GAPS ARE AT LEAST 50% BARE GROUND","2020"
"46. Estimated % of BLM range acres that meet this condition",20,"CA","1",0,0,0,0,0,"AT LEAST 20% OF THE LAND HAS INTERCANOPY GAPS OF AT LEAST 2 M AND THE GAPS ARE AT LEAST 50% BARE GROUND","2020"
"46. Estimated % of BLM range acres that meet this condition",20,"CA","2",0,0,0,0,0,"AT LEAST 20% OF THE LAND HAS INTERCANOPY GAPS OF AT LEAST 2 M AND THE GAPS ARE AT LEAST 50% BARE GROUND","2020"
"46. Estimated % of BLM range acres that meet this condition",20,"CO","1",14.73,4.87,0.331,8.49,20.96,"AT LEAST 20% OF THE LAND HAS INTERCANOPY GAPS OF AT LEAST 2 M AND THE GAPS ARE AT LEAST 50% BARE GROUND","2020"
"46. Estimated % of BLM range acres that meet this condition",20,"CO","2",2.63,2.79,1.059,0,6.21,"AT LEAST 20% OF THE LAND HAS INTERCANOPY GAPS OF AT LEAST 2 M AND THE GAPS ARE AT LEAST 50% BARE GROUND","2020"
"46. Estimated % of BLM range acres that meet this condition",20,"ID","1",0,0,0,0,0,"AT LEAST 20% OF THE LAND HAS INTERCANOPY GAPS OF AT LEAST 2 M AND THE GAPS ARE AT LEAST 50% BARE GROUND","2020"
"46. Estimated % of BLM range acres that meet this condition",20,"ID","2",0,0,0,0,0,"AT LEAST 20% OF THE LAND HAS INTERCANOPY GAPS OF AT LEAST 2 M AND THE GAPS ARE AT LEAST 50% BARE GROUND","2020"
"46. Estimated % of BLM range acres that meet this condition",20,"MT","1",8.38,2.37,0.282,5.35,11.42,"AT LEAST 20% OF THE LAND HAS INTERCANOPY GAPS OF AT LEAST 2 M AND THE GAPS ARE AT LEAST 50% BARE GROUND","2020"
"46. Estimated % of BLM range acres that meet this condition",20,"MT","2",0,0,0,0,0,"AT LEAST 20% OF THE LAND HAS INTERCANOPY GAPS OF AT LEAST 2 M AND THE GAPS ARE AT LEAST 50% BARE GROUND","2020"
"46. Estimated % of BLM range acres that meet this condition",20,"NV","1",4.26,2.33,0.548,1.27,7.25,"AT LEAST 20% OF THE LAND HAS INTERCANOPY GAPS OF AT LEAST 2 M AND THE GAPS ARE AT LEAST 50% BARE GROUND","2020"
"46. Estimated % of BLM range acres that meet this condition",20,"NV","2",19.42,5.48,0.282,12.41,26.44,"AT LEAST 20% OF THE LAND HAS INTERCANOPY GAPS OF AT LEAST 2 M AND THE GAPS ARE AT LEAST 50% BARE GROUND","2020"
"46. Estimated % of BLM range acres that meet this condition",20,"NM","2",29.69,7.74,0.261,19.78,39.6,"AT LEAST 20% OF THE LAND HAS INTERCANOPY GAPS OF AT LEAST 2 M AND THE GAPS ARE AT LEAST 50% BARE GROUND","2020"
"46. Estimated % of BLM range acres that meet this condition",20,"OR","1",11.76,2.89,0.245,8.06,15.45,"AT LEAST 20% OF THE LAND HAS INTERCANOPY GAPS OF AT LEAST 2 M AND THE GAPS ARE AT LEAST 50% BARE GROUND","2020"
"46. Estimated % of BLM range acres that meet this condition",20,"OR","2",9.44,10.63,1.126,0,23.06,"AT LEAST 20% OF THE LAND HAS INTERCANOPY GAPS OF AT LEAST 2 M AND THE GAPS ARE AT LEAST 50% BARE GROUND","2020"
"46. Estimated % of BLM range acres that meet this condition",20,"SD","2",0,0,0,0,0,"AT LEAST 20% OF THE LAND HAS INTERCANOPY GAPS OF AT LEAST 2 M AND THE GAPS ARE AT LEAST 50% BARE GROUND","2020"
"46. Estimated % of BLM range acres that meet this condition",20,"UT","1",3.58,3.91,1.091,0,8.6,"AT LEAST 20% OF THE LAND HAS INTERCANOPY GAPS OF AT LEAST 2 M AND THE GAPS ARE AT LEAST 50% BARE GROUND","2020"
"46. Estimated % of BLM range acres that meet this condition",20,"UT","2",22.97,7.75,0.338,13.03,32.91,"AT LEAST 20% OF THE LAND HAS INTERCANOPY GAPS OF AT LEAST 2 M AND THE GAPS ARE AT LEAST 50% BARE GROUND","2020"
"46. Estimated % of BLM range acres that meet this condition",20,"WA","2",0,0,0,0,0,"AT LEAST 20% OF THE LAND HAS INTERCANOPY GAPS OF AT LEAST 2 M AND THE GAPS ARE AT LEAST 50% BARE GROUND","2020"
"46. Estimated % of BLM range acres that meet this condition",20,"WY","1",8.81,1.67,0.19,6.67,10.94,"AT LEAST 20% OF THE LAND HAS INTERCANOPY GAPS OF AT LEAST 2 M AND THE GAPS ARE AT LEAST 50% BARE GROUND","2020"
"46. Estimated % of BLM range acres that meet this condition",20,"WY","2",0,0,0,0,0,"AT LEAST 20% OF THE LAND HAS INTERCANOPY GAPS OF AT LEAST 2 M AND THE GAPS ARE AT LEAST 50% BARE GROUND","2020"
"48. Estimated BLM range acres that meet this condition",20,"BLM","NA",21795792,3351055,0.154,17501242,26090341,"AT LEAST 20% OF THE LAND HAS INTERCANOPY GAPS OF AT LEAST 2 M AND THE GAPS ARE AT LEAST 50% BARE GROUND","2020"
"48. Estimated BLM range acres that meet this condition",20,"AZ","2",805968,605459,0.751,30042,1581895,"AT LEAST 20% OF THE LAND HAS INTERCANOPY GAPS OF AT LEAST 2 M AND THE GAPS ARE AT LEAST 50% BARE GROUND","2020"
"48. Estimated BLM range acres that meet this condition",20,"CA","1",0,0,0,0,0,"AT LEAST 20% OF THE LAND HAS INTERCANOPY GAPS OF AT LEAST 2 M AND THE GAPS ARE AT LEAST 50% BARE GROUND","2020"
"48. Estimated BLM range acres that meet this condition",20,"CA","2",0,0,0,0,0,"AT LEAST 20% OF THE LAND HAS INTERCANOPY GAPS OF AT LEAST 2 M AND THE GAPS ARE AT LEAST 50% BARE GROUND","2020"
"48. Estimated BLM range acres that meet this condition",20,"CO","1",340206,109524,0.322,199845,480566,"AT LEAST 20% OF THE LAND HAS INTERCANOPY GAPS OF AT LEAST 2 M AND THE GAPS ARE AT LEAST 50% BARE GROUND","2020"
"48. Estimated BLM range acres that meet this condition",20,"CO","2",159827,168551,1.055,0,375834,"AT LEAST 20% OF THE LAND HAS INTERCANOPY GAPS OF AT LEAST 2 M AND THE GAPS ARE AT LEAST 50% BARE GROUND","2020"
"48. Estimated BLM range acres that meet this condition",20,"ID","1",0,0,0,0,0,"AT LEAST 20% OF THE LAND HAS INTERCANOPY GAPS OF AT LEAST 2 M AND THE GAPS ARE AT LEAST 50% BARE GROUND","2020"
"48. Estimated BLM range acres that meet this condition",20,"ID","2",0,0,0,0,0,"AT LEAST 20% OF THE LAND HAS INTERCANOPY GAPS OF AT LEAST 2 M AND THE GAPS ARE AT LEAST 50% BARE GROUND","2020"
"48. Estimated BLM range acres that meet this condition",20,"MT","1",585836,162981,0.278,376967,794705,"AT LEAST 20% OF THE LAND HAS INTERCANOPY GAPS OF AT LEAST 2 M AND THE GAPS ARE AT LEAST 50% BARE GROUND","2020"
"48. Estimated BLM range acres that meet this condition",20,"MT","2",0,0,0,0,0,"AT LEAST 20% OF THE LAND HAS INTERCANOPY GAPS OF AT LEAST 2 M AND THE GAPS ARE AT LEAST 50% BARE GROUND","2020"
"48. Estimated BLM range acres that meet this condition",20,"NV","1",632256,344911,0.546,190235,1074278,"AT LEAST 20% OF THE LAND HAS INTERCANOPY GAPS OF AT LEAST 2 M AND THE GAPS ARE AT LEAST 50% BARE GROUND","2020"
"48. Estimated BLM range acres that meet this condition",20,"NV","2",6689144,1986730,0.297,4143047,9235241,"AT LEAST 20% OF THE LAND HAS INTERCANOPY GAPS OF AT LEAST 2 M AND THE GAPS ARE AT LEAST 50% BARE GROUND","2020"
"48. Estimated BLM range acres that meet this condition",20,"NM","2",4890200,1352801,0.277,3156517,6623884,"AT LEAST 20% OF THE LAND HAS INTERCANOPY GAPS OF AT LEAST 2 M AND THE GAPS ARE AT LEAST 50% BARE GROUND","2020"
"48. Estimated BLM range acres that meet this condition",20,"OR","1",1290670,318260,0.247,882804,1698537,"AT LEAST 20% OF THE LAND HAS INTERCANOPY GAPS OF AT LEAST 2 M AND THE GAPS ARE AT LEAST 50% BARE GROUND","2020"
"48. Estimated BLM range acres that meet this condition",20,"OR","2",446614,494581,1.107,0,1080445,"AT LEAST 20% OF THE LAND HAS INTERCANOPY GAPS OF AT LEAST 2 M AND THE GAPS ARE AT LEAST 50% BARE GROUND","2020"
"48. Estimated BLM range acres that meet this condition",20,"SD","2",0,0,0,0,0,"AT LEAST 20% OF THE LAND HAS INTERCANOPY GAPS OF AT LEAST 2 M AND THE GAPS ARE AT LEAST 50% BARE GROUND","2020"
"48. Estimated BLM range acres that meet this condition",20,"UT","1",42149,47989,1.139,0,103649,"AT LEAST 20% OF THE LAND HAS INTERCANOPY GAPS OF AT LEAST 2 M AND THE GAPS ARE AT LEAST 50% BARE GROUND","2020"
"48. Estimated BLM range acres that meet this condition",20,"UT","2",4485496,1494805,0.333,2569826,6401167,"AT LEAST 20% OF THE LAND HAS INTERCANOPY GAPS OF AT LEAST 2 M AND THE GAPS ARE AT LEAST 50% BARE GROUND","2020"
"48. Estimated BLM range acres that meet this condition",20,"WA","2",0,0,0,0,0,"AT LEAST 20% OF THE LAND HAS INTERCANOPY GAPS OF AT LEAST 2 M AND THE GAPS ARE AT LEAST 50% BARE GROUND","2020"
"48. Estimated BLM range acres that meet this condition",20,"WY","1",1427425,276101,0.193,1073587,1781262,"AT LEAST 20% OF THE LAND HAS INTERCANOPY GAPS OF AT LEAST 2 M AND THE GAPS ARE AT LEAST 50% BARE GROUND","2020"
"48. Estimated BLM range acres that meet this condition",20,"WY","2",0,0,0,0,0,"AT LEAST 20% OF THE LAND HAS INTERCANOPY GAPS OF AT LEAST 2 M AND THE GAPS ARE AT LEAST 50% BARE GROUND","2020"
"49. Percent of Bare Ground on BLM range",21,"BLM","NA",25.55,0.97,0.038,24.31,26.78," PERCENT OF BARE GROUND ON BLM RANGE","2020"
"49. Percent of Bare Ground on BLM range",21,"AZ","2",10.53,2.22,0.211,7.69,13.37," PERCENT OF BARE GROUND ON BLM RANGE","2020"
"49. Percent of Bare Ground on BLM range",21,"CA","1",0,0,0,0,0," PERCENT OF BARE GROUND ON BLM RANGE","2020"
"49. Percent of Bare Ground on BLM range",21,"CA","2",0,0,0,0,0," PERCENT OF BARE GROUND ON BLM RANGE","2020"
"49. Percent of Bare Ground on BLM range",21,"CO","1",28.95,2.43,0.084,25.83,32.07," PERCENT OF BARE GROUND ON BLM RANGE","2020"
"49. Percent of Bare Ground on BLM range",21,"CO","2",17.92,2.61,0.145,14.58,21.26," PERCENT OF BARE GROUND ON BLM RANGE","2020"
"49. Percent of Bare Ground on BLM range",21,"ID","1",0,0,0,0,0," PERCENT OF BARE GROUND ON BLM RANGE","2020"
"49. Percent of Bare Ground on BLM range",21,"ID","2",0,0,0,0,0," PERCENT OF BARE GROUND ON BLM RANGE","2020"
"49. Percent of Bare Ground on BLM range",21,"MT","1",11.71,1.24,0.106,10.12,13.3," PERCENT OF BARE GROUND ON BLM RANGE","2020"
"49. Percent of Bare Ground on BLM range",21,"MT","2",19.28,13,0.674,2.63,35.94," PERCENT OF BARE GROUND ON BLM RANGE","2020"
"49. Percent of Bare Ground on BLM range",21,"NV","1",21.18,2.34,0.111,18.18,24.18," PERCENT OF BARE GROUND ON BLM RANGE","2020"
"49. Percent of Bare Ground on BLM range",21,"NV","2",27.9,2.69,0.097,24.45,31.35," PERCENT OF BARE GROUND ON BLM RANGE","2020"
"49. Percent of Bare Ground on BLM range",21,"NM","2",45.04,3.94,0.087,39.99,50.08," PERCENT OF BARE GROUND ON BLM RANGE","2020"
"49. Percent of Bare Ground on BLM range",21,"OR","1",26.89,1.33,0.05,25.18,28.59," PERCENT OF BARE GROUND ON BLM RANGE","2020"
"49. Percent of Bare Ground on BLM range",21,"OR","2",17.78,3.33,0.187,13.51,22.06," PERCENT OF BARE GROUND ON BLM RANGE","2020"
"49. Percent of Bare Ground on BLM range",21,"SD","2",4.95,4.86,0.983,0,11.18," PERCENT OF BARE GROUND ON BLM RANGE","2020"
"49. Percent of Bare Ground on BLM range",21,"UT","1",18.04,4.97,0.276,11.67,24.41," PERCENT OF BARE GROUND ON BLM RANGE","2020"
"49. Percent of Bare Ground on BLM range",21,"UT","2",31.49,4.68,0.149,25.49,37.49," PERCENT OF BARE GROUND ON BLM RANGE","2020"
"49. Percent of Bare Ground on BLM range",21,"WA","2",16.83,16.54,0.983,0,38.03," PERCENT OF BARE GROUND ON BLM RANGE","2020"
"49. Percent of Bare Ground on BLM range",21,"WY","1",27.23,1.56,0.057,25.22,29.23," PERCENT OF BARE GROUND ON BLM RANGE","2020"
"49. Percent of Bare Ground on BLM range",21,"WY","2",6.49,2.12,0.327,3.78,9.21," PERCENT OF BARE GROUND ON BLM RANGE","2020"
"50. Estimated % of BLM range acres that meet this condition",22,"BLM","NA",50.94,2.55,0.05,47.67,54.21,"AT LEAST 20% OF THE LAND IS BARE GROUND","2020"
"50. Estimated % of BLM range acres that meet this condition",22,"AZ","2",16.19,6.27,0.387,8.16,24.23,"AT LEAST 20% OF THE LAND IS BARE GROUND","2020"
"50. Estimated % of BLM range acres that meet this condition",22,"CA","1",0,0,0,0,0,"AT LEAST 20% OF THE LAND IS BARE GROUND","2020"
"50. Estimated % of BLM range acres that meet this condition",22,"CA","2",0,0,0,0,0,"AT LEAST 20% OF THE LAND IS BARE GROUND","2020"
"50. Estimated % of BLM range acres that meet this condition",22,"CO","1",69.17,6.6,0.095,60.71,77.63,"AT LEAST 20% OF THE LAND IS BARE GROUND","2020"
"50. Estimated % of BLM range acres that meet this condition",22,"CO","2",43.32,13.46,0.311,26.07,60.58,"AT LEAST 20% OF THE LAND IS BARE GROUND","2020"
"50. Estimated % of BLM range acres that meet this condition",22,"ID","1",0,0,0,0,0,"AT LEAST 20% OF THE LAND IS BARE GROUND","2020"
"50. Estimated % of BLM range acres that meet this condition",22,"ID","2",0,0,0,0,0,"AT LEAST 20% OF THE LAND IS BARE GROUND","2020"
"50. Estimated % of BLM range acres that meet this condition",22,"MT","1",21.58,4.29,0.199,16.09,27.08,"AT LEAST 20% OF THE LAND IS BARE GROUND","2020"
"50. Estimated % of BLM range acres that meet this condition",22,"MT","2",50.7,54.9,1.083,0,100,"AT LEAST 20% OF THE LAND IS BARE GROUND","2020"
"50. Estimated % of BLM range acres that meet this condition",22,"NV","1",45.09,6.58,0.146,36.66,53.52,"AT LEAST 20% OF THE LAND IS BARE GROUND","2020"
"50. Estimated % of BLM range acres that meet this condition",22,"NV","2",58.67,5.65,0.096,51.43,65.92,"AT LEAST 20% OF THE LAND IS BARE GROUND","2020"
"50. Estimated % of BLM range acres that meet this condition",22,"NM","2",84.01,5.33,0.063,77.17,90.85,"AT LEAST 20% OF THE LAND IS BARE GROUND","2020"
"50. Estimated % of BLM range acres that meet this condition",22,"OR","1",60.32,5.2,0.086,53.65,66.99,"AT LEAST 20% OF THE LAND IS BARE GROUND","2020"
"50. Estimated % of BLM range acres that meet this condition",22,"OR","2",27.81,14.27,0.513,9.53,46.09,"AT LEAST 20% OF THE LAND IS BARE GROUND","2020"
"50. Estimated % of BLM range acres that meet this condition",22,"SD","2",0,0,0,0,0,"AT LEAST 20% OF THE LAND IS BARE GROUND","2020"
"50. Estimated % of BLM range acres that meet this condition",22,"UT","1",37.31,23.12,0.62,7.68,66.94,"AT LEAST 20% OF THE LAND IS BARE GROUND","2020"
"50. Estimated % of BLM range acres that meet this condition",22,"UT","2",56.72,8.97,0.158,45.22,68.22,"AT LEAST 20% OF THE LAND IS BARE GROUND","2020"
"50. Estimated % of BLM range acres that meet this condition",22,"WA","2",50,49.13,0.983,0,100,"AT LEAST 20% OF THE LAND IS BARE GROUND","2020"
"50. Estimated % of BLM range acres that meet this condition",22,"WY","1",58.65,4.28,0.073,53.16,64.14,"AT LEAST 20% OF THE LAND IS BARE GROUND","2020"
"50. Estimated % of BLM range acres that meet this condition",22,"WY","2",0,0,0,0,0,"AT LEAST 20% OF THE LAND IS BARE GROUND","2020"
"52. Estimated BLM range acres that meet this condition",22,"BLM","NA",78633720,4066253,0.052,73422608,83844833,"AT LEAST 20% OF THE LAND IS BARE GROUND","2020"
"52. Estimated BLM range acres that meet this condition",22,"AZ","2",2471137,947036,0.383,1257462,3684812,"AT LEAST 20% OF THE LAND IS BARE GROUND","2020"
"52. Estimated BLM range acres that meet this condition",22,"CA","1",0,0,0,0,0,"AT LEAST 20% OF THE LAND IS BARE GROUND","2020"
"52. Estimated BLM range acres that meet this condition",22,"CA","2",0,0,0,0,0,"AT LEAST 20% OF THE LAND IS BARE GROUND","2020"
"52. Estimated BLM range acres that meet this condition",22,"CO","1",1598130,143076,0.09,1414771,1781489,"AT LEAST 20% OF THE LAND IS BARE GROUND","2020"
"52. Estimated BLM range acres that meet this condition",22,"CO","2",2630710,870719,0.331,1514840,3746581,"AT LEAST 20% OF THE LAND IS BARE GROUND","2020"
"52. Estimated BLM range acres that meet this condition",22,"ID","1",0,0,0,0,0,"AT LEAST 20% OF THE LAND IS BARE GROUND","2020"
"52. Estimated BLM range acres that meet this condition",22,"ID","2",0,0,0,0,0,"AT LEAST 20% OF THE LAND IS BARE GROUND","2020"
"52. Estimated BLM range acres that meet this condition",22,"MT","1",1508538,297145,0.197,1127731,1889346,"AT LEAST 20% OF THE LAND IS BARE GROUND","2020"
"52. Estimated BLM range acres that meet this condition",22,"MT","2",556410,593454,1.067,0,1316952,"AT LEAST 20% OF THE LAND IS BARE GROUND","2020"
"52. Estimated BLM range acres that meet this condition",22,"NV","1",6693095,1027798,0.154,5375919,8010271,"AT LEAST 20% OF THE LAND IS BARE GROUND","2020"
"52. Estimated BLM range acres that meet this condition",22,"NV","2",20205828,2277105,0.113,17287601,23124055,"AT LEAST 20% OF THE LAND IS BARE GROUND","2020"
"52. Estimated BLM range acres that meet this condition",22,"NM","2",13837560,1159055,0.084,12352171,15322949,"AT LEAST 20% OF THE LAND IS BARE GROUND","2020"
"52. Estimated BLM range acres that meet this condition",22,"OR","1",6622418,587257,0.089,5869818,7375018,"AT LEAST 20% OF THE LAND IS BARE GROUND","2020"
"52. Estimated BLM range acres that meet this condition",22,"OR","2",1315766,667272,0.507,460623,2170910,"AT LEAST 20% OF THE LAND IS BARE GROUND","2020"
"52. Estimated BLM range acres that meet this condition",22,"SD","2",0,0,0,0,0,"AT LEAST 20% OF THE LAND IS BARE GROUND","2020"
"52. Estimated BLM range acres that meet this condition",22,"UT","1",438682,310432,0.708,40848,836517,"AT LEAST 20% OF THE LAND IS BARE GROUND","2020"
"52. Estimated BLM range acres that meet this condition",22,"UT","2",11074409,1767138,0.16,8809731,13339087,"AT LEAST 20% OF THE LAND IS BARE GROUND","2020"
"52. Estimated BLM range acres that meet this condition",22,"WA","2",173163,170152,0.983,0,391221,"AT LEAST 20% OF THE LAND IS BARE GROUND","2020"
"52. Estimated BLM range acres that meet this condition",22,"WY","1",9507873,696136,0.073,8615738,10400007,"AT LEAST 20% OF THE LAND IS BARE GROUND","2020"
"52. Estimated BLM range acres that meet this condition",22,"WY","2",0,0,0,0,0,"AT LEAST 20% OF THE LAND IS BARE GROUND","2020"
"53. Estimated % of BLM range acres that meet this condition",23,"BLM","NA",34.42,2.69,0.078,30.97,37.87,"AT LEAST 30% OF THE LAND IS BARE GROUND","2020"
"53. Estimated % of BLM range acres that meet this condition",23,"AZ","2",7.14,4.29,0.602,1.64,12.64,"AT LEAST 30% OF THE LAND IS BARE GROUND","2020"
"53. Estimated % of BLM range acres that meet this condition",23,"CA","1",0,0,0,0,0,"AT LEAST 30% OF THE LAND IS BARE GROUND","2020"
"53. Estimated % of BLM range acres that meet this condition",23,"CA","2",0,0,0,0,0,"AT LEAST 30% OF THE LAND IS BARE GROUND","2020"
"53. Estimated % of BLM range acres that meet this condition",23,"CO","1",47.78,7.99,0.167,37.53,58.02,"AT LEAST 30% OF THE LAND IS BARE GROUND","2020"
"53. Estimated % of BLM range acres that meet this condition",23,"CO","2",15.75,7.91,0.502,5.61,25.89,"AT LEAST 30% OF THE LAND IS BARE GROUND","2020"
"53. Estimated % of BLM range acres that meet this condition",23,"ID","1",0,0,0,0,0,"AT LEAST 30% OF THE LAND IS BARE GROUND","2020"
"53. Estimated % of BLM range acres that meet this condition",23,"ID","2",0,0,0,0,0,"AT LEAST 30% OF THE LAND IS BARE GROUND","2020"
"53. Estimated % of BLM range acres that meet this condition",23,"MT","1",11.52,2.74,0.238,8.01,15.03,"AT LEAST 30% OF THE LAND IS BARE GROUND","2020"
"53. Estimated % of BLM range acres that meet this condition",23,"MT","2",50.7,54.9,1.083,0,100,"AT LEAST 30% OF THE LAND IS BARE GROUND","2020"
"53. Estimated % of BLM range acres that meet this condition",23,"NV","1",27.16,5.61,0.206,19.98,34.35,"AT LEAST 30% OF THE LAND IS BARE GROUND","2020"
"53. Estimated % of BLM range acres that meet this condition",23,"NV","2",37.03,7.12,0.192,27.91,46.15,"AT LEAST 30% OF THE LAND IS BARE GROUND","2020"
"53. Estimated % of BLM range acres that meet this condition",23,"NM","2",70.22,7.1,0.101,61.12,79.32,"AT LEAST 30% OF THE LAND IS BARE GROUND","2020"
"53. Estimated % of BLM range acres that meet this condition",23,"OR","1",38.45,4.69,0.122,32.44,44.46,"AT LEAST 30% OF THE LAND IS BARE GROUND","2020"
"53. Estimated % of BLM range acres that meet this condition",23,"OR","2",9.44,10.63,1.126,0,23.06,"AT LEAST 30% OF THE LAND IS BARE GROUND","2020"
"53. Estimated % of BLM range acres that meet this condition",23,"SD","2",0,0,0,0,0,"AT LEAST 30% OF THE LAND IS BARE GROUND","2020"
"53. Estimated % of BLM range acres that meet this condition",23,"UT","1",28.79,17.82,0.619,5.95,51.62,"AT LEAST 30% OF THE LAND IS BARE GROUND","2020"
"53. Estimated % of BLM range acres that meet this condition",23,"UT","2",45.68,9.29,0.203,33.77,57.59,"AT LEAST 30% OF THE LAND IS BARE GROUND","2020"
"53. Estimated % of BLM range acres that meet this condition",23,"WA","2",0,0,0,0,0,"AT LEAST 30% OF THE LAND IS BARE GROUND","2020"
"53. Estimated % of BLM range acres that meet this condition",23,"WY","1",39.13,3.87,0.099,34.18,44.09,"AT LEAST 30% OF THE LAND IS BARE GROUND","2020"
"53. Estimated % of BLM range acres that meet this condition",23,"WY","2",0,0,0,0,0,"AT LEAST 30% OF THE LAND IS BARE GROUND","2020"
"55. Estimated BLM range acres that meet this condition",23,"BLM","NA",53132526,4171955,0.079,47785950,58479101,"AT LEAST 30% OF THE LAND IS BARE GROUND","2020"
"55. Estimated BLM range acres that meet this condition",23,"AZ","2",1089149,664267,0.61,237857,1940441,"AT LEAST 30% OF THE LAND IS BARE GROUND","2020"
"55. Estimated BLM range acres that meet this condition",23,"CA","1",0,0,0,0,0,"AT LEAST 30% OF THE LAND IS BARE GROUND","2020"
"55. Estimated BLM range acres that meet this condition",23,"CA","2",0,0,0,0,0,"AT LEAST 30% OF THE LAND IS BARE GROUND","2020"
"55. Estimated BLM range acres that meet this condition",23,"CO","1",1103786,176845,0.16,877151,1330422,"AT LEAST 30% OF THE LAND IS BARE GROUND","2020"
"55. Estimated BLM range acres that meet this condition",23,"CO","2",956348,486319,0.509,333105,1579590,"AT LEAST 30% OF THE LAND IS BARE GROUND","2020"
"55. Estimated BLM range acres that meet this condition",23,"ID","1",0,0,0,0,0,"AT LEAST 30% OF THE LAND IS BARE GROUND","2020"
"55. Estimated BLM range acres that meet this condition",23,"ID","2",0,0,0,0,0,"AT LEAST 30% OF THE LAND IS BARE GROUND","2020"
"55. Estimated BLM range acres that meet this condition",23,"MT","1",805163,189120,0.235,562795,1047530,"AT LEAST 30% OF THE LAND IS BARE GROUND","2020"
"55. Estimated BLM range acres that meet this condition",23,"MT","2",556410,593454,1.067,0,1316952,"AT LEAST 30% OF THE LAND IS BARE GROUND","2020"
"55. Estimated BLM range acres that meet this condition",23,"NV","1",4031927,852310,0.211,2939649,5124206,"AT LEAST 30% OF THE LAND IS BARE GROUND","2020"
"55. Estimated BLM range acres that meet this condition",23,"NV","2",12752876,2679634,0.21,9318787,16186965,"AT LEAST 30% OF THE LAND IS BARE GROUND","2020"
"55. Estimated BLM range acres that meet this condition",23,"NM","2",11566621,1333219,0.115,9858032,13275209,"AT LEAST 30% OF THE LAND IS BARE GROUND","2020"
"55. Estimated BLM range acres that meet this condition",23,"OR","1",4221408,516845,0.122,3559045,4883771,"AT LEAST 30% OF THE LAND IS BARE GROUND","2020"
"55. Estimated BLM range acres that meet this condition",23,"OR","2",446614,494581,1.107,0,1080445,"AT LEAST 30% OF THE LAND IS BARE GROUND","2020"
"55. Estimated BLM range acres that meet this condition",23,"SD","2",0,0,0,0,0,"AT LEAST 30% OF THE LAND IS BARE GROUND","2020"
"55. Estimated BLM range acres that meet this condition",23,"UT","1",338518,238399,0.704,32998,644038,"AT LEAST 30% OF THE LAND IS BARE GROUND","2020"
"55. Estimated BLM range acres that meet this condition",23,"UT","2",8919915,1805461,0.202,6606124,11233706,"AT LEAST 30% OF THE LAND IS BARE GROUND","2020"
"55. Estimated BLM range acres that meet this condition",23,"WA","2",0,0,0,0,0,"AT LEAST 30% OF THE LAND IS BARE GROUND","2020"
"55. Estimated BLM range acres that meet this condition",23,"WY","1",6343792,651188,0.103,5509261,7178322,"AT LEAST 30% OF THE LAND IS BARE GROUND","2020"
"55. Estimated BLM range acres that meet this condition",23,"WY","2",0,0,0,0,0,"AT LEAST 30% OF THE LAND IS BARE GROUND","2020"
"56. Estimated % of BLM range acres that meet this condition",24,"BLM","NA",22.19,1.98,0.089,19.65,24.72,"AT LEAST 40% OF THE LAND IS BARE GROUND","2020"
"56. Estimated % of BLM range acres that meet this condition",24,"AZ","2",3.45,3.49,1.011,0,7.92,"AT LEAST 40% OF THE LAND IS BARE GROUND","2020"
"56. Estimated % of BLM range acres that meet this condition",24,"CA","1",0,0,0,0,0,"AT LEAST 40% OF THE LAND IS BARE GROUND","2020"
"56. Estimated % of BLM range acres that meet this condition",24,"CA","2",0,0,0,0,0,"AT LEAST 40% OF THE LAND IS BARE GROUND","2020"
"56. Estimated % of BLM range acres that meet this condition",24,"CO","1",20.55,5.24,0.255,13.83,27.27,"AT LEAST 40% OF THE LAND IS BARE GROUND","2020"
"56. Estimated % of BLM range acres that meet this condition",24,"CO","2",2.63,2.78,1.058,0,6.2,"AT LEAST 40% OF THE LAND IS BARE GROUND","2020"
"56. Estimated % of BLM range acres that meet this condition",24,"ID","1",0,0,0,0,0,"AT LEAST 40% OF THE LAND IS BARE GROUND","2020"
"56. Estimated % of BLM range acres that meet this condition",24,"ID","2",0,0,0,0,0,"AT LEAST 40% OF THE LAND IS BARE GROUND","2020"
"56. Estimated % of BLM range acres that meet this condition",24,"MT","1",4.45,2.06,0.463,1.81,7.09,"AT LEAST 40% OF THE LAND IS BARE GROUND","2020"
"56. Estimated % of BLM range acres that meet this condition",24,"MT","2",0,0,0,0,0,"AT LEAST 40% OF THE LAND IS BARE GROUND","2020"
"56. Estimated % of BLM range acres that meet this condition",24,"NV","1",14.32,4.38,0.306,8.71,19.94,"AT LEAST 40% OF THE LAND IS BARE GROUND","2020"
"56. Estimated % of BLM range acres that meet this condition",24,"NV","2",25.63,6.01,0.234,17.93,33.33,"AT LEAST 40% OF THE LAND IS BARE GROUND","2020"
"56. Estimated % of BLM range acres that meet this condition",24,"NM","2",56.78,8.81,0.155,45.49,68.08,"AT LEAST 40% OF THE LAND IS BARE GROUND","2020"
"56. Estimated % of BLM range acres that meet this condition",24,"OR","1",18.91,3.22,0.17,14.78,23.04,"AT LEAST 40% OF THE LAND IS BARE GROUND","2020"
"56. Estimated % of BLM range acres that meet this condition",24,"OR","2",4.72,5.31,1.126,0,11.53,"AT LEAST 40% OF THE LAND IS BARE GROUND","2020"
"56. Estimated % of BLM range acres that meet this condition",24,"SD","2",0,0,0,0,0,"AT LEAST 40% OF THE LAND IS BARE GROUND","2020"
"56. Estimated % of BLM range acres that meet this condition",24,"UT","1",3.58,3.91,1.091,0,8.6,"AT LEAST 40% OF THE LAND IS BARE GROUND","2020"
"56. Estimated % of BLM range acres that meet this condition",24,"UT","2",34.1,9.07,0.266,22.48,45.72,"AT LEAST 40% OF THE LAND IS BARE GROUND","2020"
"56. Estimated % of BLM range acres that meet this condition",24,"WA","2",0,0,0,0,0,"AT LEAST 40% OF THE LAND IS BARE GROUND","2020"
"56. Estimated % of BLM range acres that meet this condition",24,"WY","1",21.41,3.25,0.152,17.25,25.58,"AT LEAST 40% OF THE LAND IS BARE GROUND","2020"
"56. Estimated % of BLM range acres that meet this condition",24,"WY","2",0,0,0,0,0,"AT LEAST 40% OF THE LAND IS BARE GROUND","2020"
"58. Estimated BLM range acres that meet this condition",24,"BLM","NA",34246250,3050012,0.089,30337502,38154999,"AT LEAST 40% OF THE LAND IS BARE GROUND","2020"
"58. Estimated BLM range acres that meet this condition",24,"AZ","2",526439,537759,1.022,0,1215605,"AT LEAST 40% OF THE LAND IS BARE GROUND","2020"
"58. Estimated BLM range acres that meet this condition",24,"CA","1",0,0,0,0,0,"AT LEAST 40% OF THE LAND IS BARE GROUND","2020"
"58. Estimated BLM range acres that meet this condition",24,"CA","2",0,0,0,0,0,"AT LEAST 40% OF THE LAND IS BARE GROUND","2020"
"58. Estimated BLM range acres that meet this condition",24,"CO","1",474742,116946,0.246,324870,624614,"AT LEAST 40% OF THE LAND IS BARE GROUND","2020"
"58. Estimated BLM range acres that meet this condition",24,"CO","2",159767,168282,1.053,0,375430,"AT LEAST 40% OF THE LAND IS BARE GROUND","2020"
"58. Estimated BLM range acres that meet this condition",24,"ID","1",0,0,0,0,0,"AT LEAST 40% OF THE LAND IS BARE GROUND","2020"
"58. Estimated BLM range acres that meet this condition",24,"ID","2",0,0,0,0,0,"AT LEAST 40% OF THE LAND IS BARE GROUND","2020"
"58. Estimated BLM range acres that meet this condition",24,"MT","1",310942,143532,0.462,126998,494886,"AT LEAST 40% OF THE LAND IS BARE GROUND","2020"
"58. Estimated BLM range acres that meet this condition",24,"MT","2",0,0,0,0,0,"AT LEAST 40% OF THE LAND IS BARE GROUND","2020"
"58. Estimated BLM range acres that meet this condition",24,"NV","1",2125793,656652,0.309,1284260,2967326,"AT LEAST 40% OF THE LAND IS BARE GROUND","2020"
"58. Estimated BLM range acres that meet this condition",24,"NV","2",8825402,2167963,0.246,6047045,11603758,"AT LEAST 40% OF THE LAND IS BARE GROUND","2020"
"58. Estimated BLM range acres that meet this condition",24,"NM","2",9353021,1520007,0.163,7405053,11300988,"AT LEAST 40% OF THE LAND IS BARE GROUND","2020"
"58. Estimated BLM range acres that meet this condition",24,"OR","1",2075886,356013,0.171,1619637,2532136,"AT LEAST 40% OF THE LAND IS BARE GROUND","2020"
"58. Estimated BLM range acres that meet this condition",24,"OR","2",223307,247291,1.107,0,540223,"AT LEAST 40% OF THE LAND IS BARE GROUND","2020"
"58. Estimated BLM range acres that meet this condition",24,"SD","2",0,0,0,0,0,"AT LEAST 40% OF THE LAND IS BARE GROUND","2020"
"58. Estimated BLM range acres that meet this condition",24,"UT","1",42149,47989,1.139,0,103649,"AT LEAST 40% OF THE LAND IS BARE GROUND","2020"
"58. Estimated BLM range acres that meet this condition",24,"UT","2",6657531,1753978,0.263,4409718,8905345,"AT LEAST 40% OF THE LAND IS BARE GROUND","2020"
"58. Estimated BLM range acres that meet this condition",24,"WA","2",0,0,0,0,0,"AT LEAST 40% OF THE LAND IS BARE GROUND","2020"
"58. Estimated BLM range acres that meet this condition",24,"WY","1",3471272,545992,0.157,2771555,4170989,"AT LEAST 40% OF THE LAND IS BARE GROUND","2020"
"58. Estimated BLM range acres that meet this condition",24,"WY","2",0,0,0,0,0,"AT LEAST 40% OF THE LAND IS BARE GROUND","2020"
"59. Estimated % of BLM range acres that meet this condition",25,"BLM","NA",15.24,1.8,0.118,12.93,17.55,"AT LEAST 50% OF THE LAND IS BARE GROUND","2020"
"59. Estimated % of BLM range acres that meet this condition",25,"AZ","2",0,0,0,0,0,"AT LEAST 50% OF THE LAND IS BARE GROUND","2020"
"59. Estimated % of BLM range acres that meet this condition",25,"CA","1",0,0,0,0,0,"AT LEAST 50% OF THE LAND IS BARE GROUND","2020"
"59. Estimated % of BLM range acres that meet this condition",25,"CA","2",0,0,0,0,0,"AT LEAST 50% OF THE LAND IS BARE GROUND","2020"
"59. Estimated % of BLM range acres that meet this condition",25,"CO","1",9.43,3.67,0.389,4.72,14.13,"AT LEAST 50% OF THE LAND IS BARE GROUND","2020"
"59. Estimated % of BLM range acres that meet this condition",25,"CO","2",0,0,0,0,0,"AT LEAST 50% OF THE LAND IS BARE GROUND","2020"
"59. Estimated % of BLM range acres that meet this condition",25,"ID","1",0,0,0,0,0,"AT LEAST 50% OF THE LAND IS BARE GROUND","2020"
"59. Estimated % of BLM range acres that meet this condition",25,"ID","2",0,0,0,0,0,"AT LEAST 50% OF THE LAND IS BARE GROUND","2020"
"59. Estimated % of BLM range acres that meet this condition",25,"MT","1",2.53,1.71,0.674,0.34,4.72,"AT LEAST 50% OF THE LAND IS BARE GROUND","2020"
"59. Estimated % of BLM range acres that meet this condition",25,"MT","2",0,0,0,0,0,"AT LEAST 50% OF THE LAND IS BARE GROUND","2020"
"59. Estimated % of BLM range acres that meet this condition",25,"NV","1",7.65,2.64,0.346,4.26,11.04,"AT LEAST 50% OF THE LAND IS BARE GROUND","2020"
"59. Estimated % of BLM range acres that meet this condition",25,"NV","2",18.49,5.37,0.29,11.61,25.36,"AT LEAST 50% OF THE LAND IS BARE GROUND","2020"
"59. Estimated % of BLM range acres that meet this condition",25,"NM","2",51.04,7.98,0.156,40.81,61.27,"AT LEAST 50% OF THE LAND IS BARE GROUND","2020"
"59. Estimated % of BLM range acres that meet this condition",25,"OR","1",6.66,1.91,0.287,4.21,9.11,"AT LEAST 50% OF THE LAND IS BARE GROUND","2020"
"59. Estimated % of BLM range acres that meet this condition",25,"OR","2",0,0,0,0,0,"AT LEAST 50% OF THE LAND IS BARE GROUND","2020"
"59. Estimated % of BLM range acres that meet this condition",25,"SD","2",0,0,0,0,0,"AT LEAST 50% OF THE LAND IS BARE GROUND","2020"
"59. Estimated % of BLM range acres that meet this condition",25,"UT","1",0,0,0,0,0,"AT LEAST 50% OF THE LAND IS BARE GROUND","2020"
"59. Estimated % of BLM range acres that meet this condition",25,"UT","2",23.78,8.58,0.361,12.78,34.77,"AT LEAST 50% OF THE LAND IS BARE GROUND","2020"
"59. Estimated % of BLM range acres that meet this condition",25,"WA","2",0,0,0,0,0,"AT LEAST 50% OF THE LAND IS BARE GROUND","2020"
"59. Estimated % of BLM range acres that meet this condition",25,"WY","1",11.37,2.07,0.182,8.72,14.03,"AT LEAST 50% OF THE LAND IS BARE GROUND","2020"
"59. Estimated % of BLM range acres that meet this condition",25,"WY","2",0,0,0,0,0,"AT LEAST 50% OF THE LAND IS BARE GROUND","2020"
"61. Estimated BLM range acres that meet this condition",25,"BLM","NA",23521117,2785649,0.118,19951165,27091070,"AT LEAST 50% OF THE LAND IS BARE GROUND","2020"
"61. Estimated BLM range acres that meet this condition",25,"AZ","2",0,0,0,0,0,"AT LEAST 50% OF THE LAND IS BARE GROUND","2020"
"61. Estimated BLM range acres that meet this condition",25,"CA","1",0,0,0,0,0,"AT LEAST 50% OF THE LAND IS BARE GROUND","2020"
"61. Estimated BLM range acres that meet this condition",25,"CA","2",0,0,0,0,0,"AT LEAST 50% OF THE LAND IS BARE GROUND","2020"
"61. Estimated BLM range acres that meet this condition",25,"CO","1",217795,82784,0.38,111703,323887,"AT LEAST 50% OF THE LAND IS BARE GROUND","2020"
"61. Estimated BLM range acres that meet this condition",25,"CO","2",0,0,0,0,0,"AT LEAST 50% OF THE LAND IS BARE GROUND","2020"
"61. Estimated BLM range acres that meet this condition",25,"ID","1",0,0,0,0,0,"AT LEAST 50% OF THE LAND IS BARE GROUND","2020"
"61. Estimated BLM range acres that meet this condition",25,"ID","2",0,0,0,0,0,"AT LEAST 50% OF THE LAND IS BARE GROUND","2020"
"61. Estimated BLM range acres that meet this condition",25,"MT","1",177077,119177,0.673,24345,329809,"AT LEAST 50% OF THE LAND IS BARE GROUND","2020"
"61. Estimated BLM range acres that meet this condition",25,"MT","2",0,0,0,0,0,"AT LEAST 50% OF THE LAND IS BARE GROUND","2020"
"61. Estimated BLM range acres that meet this condition",25,"NV","1",1134994,397006,0.35,626210,1643777,"AT LEAST 50% OF THE LAND IS BARE GROUND","2020"
"61. Estimated BLM range acres that meet this condition",25,"NV","2",6366332,1936277,0.304,3884893,8847771,"AT LEAST 50% OF THE LAND IS BARE GROUND","2020"
"61. Estimated BLM range acres that meet this condition",25,"NM","2",8407453,1348534,0.16,6679237,10135669,"AT LEAST 50% OF THE LAND IS BARE GROUND","2020"
"61. Estimated BLM range acres that meet this condition",25,"OR","1",730850,208567,0.285,463560,998139,"AT LEAST 50% OF THE LAND IS BARE GROUND","2020"
"61. Estimated BLM range acres that meet this condition",25,"OR","2",0,0,0,0,0,"AT LEAST 50% OF THE LAND IS BARE GROUND","2020"
"61. Estimated BLM range acres that meet this condition",25,"SD","2",0,0,0,0,0,"AT LEAST 50% OF THE LAND IS BARE GROUND","2020"
"61. Estimated BLM range acres that meet this condition",25,"UT","1",0,0,0,0,0,"AT LEAST 50% OF THE LAND IS BARE GROUND","2020"
"61. Estimated BLM range acres that meet this condition",25,"UT","2",4642810,1657150,0.357,2519087,6766533,"AT LEAST 50% OF THE LAND IS BARE GROUND","2020"
"61. Estimated BLM range acres that meet this condition",25,"WA","2",0,0,0,0,0,"AT LEAST 50% OF THE LAND IS BARE GROUND","2020"
"61. Estimated BLM range acres that meet this condition",25,"WY","1",1843807,349934,0.19,1395349,2292265,"AT LEAST 50% OF THE LAND IS BARE GROUND","2020"
"61. Estimated BLM range acres that meet this condition",25,"WY","2",0,0,0,0,0,"AT LEAST 50% OF THE LAND IS BARE GROUND","2020"
"63. Estimated % of BLM range acres that meet this condition",27,"BLM","NA",56.67,2.47,0.043,53.51,59.83,"SOIL AGGREGATE STABILITY IS 4 OR LESS (1=LOW; 6=HIGH RESISTANCE TO EROSION)","2020"
"63. Estimated % of BLM range acres that meet this condition",27,"AZ","2",58.29,8.51,0.146,47.39,69.2,"SOIL AGGREGATE STABILITY IS 4 OR LESS (1=LOW; 6=HIGH RESISTANCE TO EROSION)","2020"
"63. Estimated % of BLM range acres that meet this condition",27,"CA","1",0,0,0,0,0,"SOIL AGGREGATE STABILITY IS 4 OR LESS (1=LOW; 6=HIGH RESISTANCE TO EROSION)","2020"
"63. Estimated % of BLM range acres that meet this condition",27,"CA","2",0,0,0,0,0,"SOIL AGGREGATE STABILITY IS 4 OR LESS (1=LOW; 6=HIGH RESISTANCE TO EROSION)","2020"
"63. Estimated % of BLM range acres that meet this condition",27,"CO","1",60.56,7.41,0.122,51.06,70.06,"SOIL AGGREGATE STABILITY IS 4 OR LESS (1=LOW; 6=HIGH RESISTANCE TO EROSION)","2020"
"63. Estimated % of BLM range acres that meet this condition",27,"CO","2",52.34,11.45,0.219,37.66,67.02,"SOIL AGGREGATE STABILITY IS 4 OR LESS (1=LOW; 6=HIGH RESISTANCE TO EROSION)","2020"
"63. Estimated % of BLM range acres that meet this condition",27,"ID","1",0,0,0,0,0,"SOIL AGGREGATE STABILITY IS 4 OR LESS (1=LOW; 6=HIGH RESISTANCE TO EROSION)","2020"
"63. Estimated % of BLM range acres that meet this condition",27,"ID","2",0,0,0,0,0,"SOIL AGGREGATE STABILITY IS 4 OR LESS (1=LOW; 6=HIGH RESISTANCE TO EROSION)","2020"
"63. Estimated % of BLM range acres that meet this condition",27,"MT","1",31.51,4.05,0.129,26.32,36.7,"SOIL AGGREGATE STABILITY IS 4 OR LESS (1=LOW; 6=HIGH RESISTANCE TO EROSION)","2020"
"63. Estimated % of BLM range acres that meet this condition",27,"MT","2",25.12,36.28,1.444,0,71.62,"SOIL AGGREGATE STABILITY IS 4 OR LESS (1=LOW; 6=HIGH RESISTANCE TO EROSION)","2020"
"63. Estimated % of BLM range acres that meet this condition",27,"NV","1",60.34,4.79,0.079,54.21,66.48,"SOIL AGGREGATE STABILITY IS 4 OR LESS (1=LOW; 6=HIGH RESISTANCE TO EROSION)","2020"
"63. Estimated % of BLM range acres that meet this condition",27,"NV","2",60.3,5.28,0.088,53.53,67.07,"SOIL AGGREGATE STABILITY IS 4 OR LESS (1=LOW; 6=HIGH RESISTANCE TO EROSION)","2020"
"63. Estimated % of BLM range acres that meet this condition",27,"NM","2",92.8,4.11,0.044,87.53,98.06,"SOIL AGGREGATE STABILITY IS 4 OR LESS (1=LOW; 6=HIGH RESISTANCE TO EROSION)","2020"
"63. Estimated % of BLM range acres that meet this condition",27,"OR","1",37,5.15,0.139,30.41,43.59,"SOIL AGGREGATE STABILITY IS 4 OR LESS (1=LOW; 6=HIGH RESISTANCE TO EROSION)","2020"
"63. Estimated % of BLM range acres that meet this condition",27,"OR","2",9.44,10.63,1.126,0,23.06,"SOIL AGGREGATE STABILITY IS 4 OR LESS (1=LOW; 6=HIGH RESISTANCE TO EROSION)","2020"
"63. Estimated % of BLM range acres that meet this condition",27,"SD","2",50,49.13,0.983,0,100,"SOIL AGGREGATE STABILITY IS 4 OR LESS (1=LOW; 6=HIGH RESISTANCE TO EROSION)","2020"
"63. Estimated % of BLM range acres that meet this condition",27,"UT","1",60.62,19.52,0.322,35.6,85.64,"SOIL AGGREGATE STABILITY IS 4 OR LESS (1=LOW; 6=HIGH RESISTANCE TO EROSION)","2020"
"63. Estimated % of BLM range acres that meet this condition",27,"UT","2",34.92,8.85,0.254,23.57,46.26,"SOIL AGGREGATE STABILITY IS 4 OR LESS (1=LOW; 6=HIGH RESISTANCE TO EROSION)","2020"
"63. Estimated % of BLM range acres that meet this condition",27,"WA","2",0,0,0,0,0,"SOIL AGGREGATE STABILITY IS 4 OR LESS (1=LOW; 6=HIGH RESISTANCE TO EROSION)","2020"
"63. Estimated % of BLM range acres that meet this condition",27,"WY","1",70.09,2.93,0.042,66.34,73.85,"SOIL AGGREGATE STABILITY IS 4 OR LESS (1=LOW; 6=HIGH RESISTANCE TO EROSION)","2020"
"63. Estimated % of BLM range acres that meet this condition",27,"WY","2",87.4,17.51,0.2,64.96,100,"SOIL AGGREGATE STABILITY IS 4 OR LESS (1=LOW; 6=HIGH RESISTANCE TO EROSION)","2020"
"65. Estimated BLM range acres that meet this condition",27,"BLM","NA",87480071,4030973,0.046,82314171,92645970,"SOIL AGGREGATE STABILITY IS 4 OR LESS (1=LOW; 6=HIGH RESISTANCE TO EROSION)","2020"
"65. Estimated BLM range acres that meet this condition",27,"AZ","2",8895702,1299371,0.146,7230491,10560914,"SOIL AGGREGATE STABILITY IS 4 OR LESS (1=LOW; 6=HIGH RESISTANCE TO EROSION)","2020"
"65. Estimated BLM range acres that meet this condition",27,"CA","1",0,0,0,0,0,"SOIL AGGREGATE STABILITY IS 4 OR LESS (1=LOW; 6=HIGH RESISTANCE TO EROSION)","2020"
"65. Estimated BLM range acres that meet this condition",27,"CA","2",0,0,0,0,0,"SOIL AGGREGATE STABILITY IS 4 OR LESS (1=LOW; 6=HIGH RESISTANCE TO EROSION)","2020"
"65. Estimated BLM range acres that meet this condition",27,"CO","1",1399153,166460,0.119,1185826,1612480,"SOIL AGGREGATE STABILITY IS 4 OR LESS (1=LOW; 6=HIGH RESISTANCE TO EROSION)","2020"
"65. Estimated BLM range acres that meet this condition",27,"CO","2",3178401,697680,0.22,2284288,4072514,"SOIL AGGREGATE STABILITY IS 4 OR LESS (1=LOW; 6=HIGH RESISTANCE TO EROSION)","2020"
"65. Estimated BLM range acres that meet this condition",27,"ID","1",0,0,0,0,0,"SOIL AGGREGATE STABILITY IS 4 OR LESS (1=LOW; 6=HIGH RESISTANCE TO EROSION)","2020"
"65. Estimated BLM range acres that meet this condition",27,"ID","2",0,0,0,0,0,"SOIL AGGREGATE STABILITY IS 4 OR LESS (1=LOW; 6=HIGH RESISTANCE TO EROSION)","2020"
"65. Estimated BLM range acres that meet this condition",27,"MT","1",2202327,299263,0.136,1818807,2585848,"SOIL AGGREGATE STABILITY IS 4 OR LESS (1=LOW; 6=HIGH RESISTANCE TO EROSION)","2020"
"65. Estimated BLM range acres that meet this condition",27,"MT","2",275705,380745,1.381,0,763649,"SOIL AGGREGATE STABILITY IS 4 OR LESS (1=LOW; 6=HIGH RESISTANCE TO EROSION)","2020"
"65. Estimated BLM range acres that meet this condition",27,"NV","1",8957560,767240,0.086,7974302,9940817,"SOIL AGGREGATE STABILITY IS 4 OR LESS (1=LOW; 6=HIGH RESISTANCE TO EROSION)","2020"
"65. Estimated BLM range acres that meet this condition",27,"NV","2",20766305,2488752,0.12,17576841,23955768,"SOIL AGGREGATE STABILITY IS 4 OR LESS (1=LOW; 6=HIGH RESISTANCE TO EROSION)","2020"
"65. Estimated BLM range acres that meet this condition",27,"NM","2",15284840,980821,0.064,14027867,16541812,"SOIL AGGREGATE STABILITY IS 4 OR LESS (1=LOW; 6=HIGH RESISTANCE TO EROSION)","2020"
"65. Estimated BLM range acres that meet this condition",27,"OR","1",4062152,557961,0.137,3347096,4777207,"SOIL AGGREGATE STABILITY IS 4 OR LESS (1=LOW; 6=HIGH RESISTANCE TO EROSION)","2020"
"65. Estimated BLM range acres that meet this condition",27,"OR","2",446614,494581,1.107,0,1080445,"SOIL AGGREGATE STABILITY IS 4 OR LESS (1=LOW; 6=HIGH RESISTANCE TO EROSION)","2020"
"65. Estimated BLM range acres that meet this condition",27,"SD","2",395030,388208,0.983,0,892538,"SOIL AGGREGATE STABILITY IS 4 OR LESS (1=LOW; 6=HIGH RESISTANCE TO EROSION)","2020"
"65. Estimated BLM range acres that meet this condition",27,"UT","1",712838,286238,0.402,346009,1079667,"SOIL AGGREGATE STABILITY IS 4 OR LESS (1=LOW; 6=HIGH RESISTANCE TO EROSION)","2020"
"65. Estimated BLM range acres that meet this condition",27,"UT","2",6817526,1741034,0.255,4586301,9048751,"SOIL AGGREGATE STABILITY IS 4 OR LESS (1=LOW; 6=HIGH RESISTANCE TO EROSION)","2020"
"65. Estimated BLM range acres that meet this condition",27,"WA","2",0,0,0,0,0,"SOIL AGGREGATE STABILITY IS 4 OR LESS (1=LOW; 6=HIGH RESISTANCE TO EROSION)","2020"
"65. Estimated BLM range acres that meet this condition",27,"WY","1",11363267,466309,0.041,10765667,11960866,"SOIL AGGREGATE STABILITY IS 4 OR LESS (1=LOW; 6=HIGH RESISTANCE TO EROSION)","2020"
"65. Estimated BLM range acres that meet this condition",27,"WY","2",2722651,744297,0.273,1768797,3676505,"SOIL AGGREGATE STABILITY IS 4 OR LESS (1=LOW; 6=HIGH RESISTANCE TO EROSION)","2020"
"66. Percent Foliar Cover of Sagebrush on BLM range",28,"BLM","NA",7.31,0.43,0.059,6.76,7.87," PERCENT FOLIAR COVER OF SAGEBRUSH ON BLM RANGE","2020"
"66. Percent Foliar Cover of Sagebrush on BLM range",28,"AZ","2",1.57,0.91,0.584,0.39,2.74," PERCENT FOLIAR COVER OF SAGEBRUSH ON BLM RANGE","2020"
"66. Percent Foliar Cover of Sagebrush on BLM range",28,"CA","1",0,0,0,0,0," PERCENT FOLIAR COVER OF SAGEBRUSH ON BLM RANGE","2020"
"66. Percent Foliar Cover of Sagebrush on BLM range",28,"CA","2",0,0,0,0,0," PERCENT FOLIAR COVER OF SAGEBRUSH ON BLM RANGE","2020"
"66. Percent Foliar Cover of Sagebrush on BLM range",28,"CO","1",16.01,1.99,0.124,13.46,18.56," PERCENT FOLIAR COVER OF SAGEBRUSH ON BLM RANGE","2020"
"66. Percent Foliar Cover of Sagebrush on BLM range",28,"CO","2",7.95,3.07,0.386,4.01,11.89," PERCENT FOLIAR COVER OF SAGEBRUSH ON BLM RANGE","2020"
"66. Percent Foliar Cover of Sagebrush on BLM range",28,"ID","1",0,0,0,0,0," PERCENT FOLIAR COVER OF SAGEBRUSH ON BLM RANGE","2020"
"66. Percent Foliar Cover of Sagebrush on BLM range",28,"ID","2",0,0,0,0,0," PERCENT FOLIAR COVER OF SAGEBRUSH ON BLM RANGE","2020"
"66. Percent Foliar Cover of Sagebrush on BLM range",28,"MT","1",6.8,0.73,0.108,5.86,7.74," PERCENT FOLIAR COVER OF SAGEBRUSH ON BLM RANGE","2020"
"66. Percent Foliar Cover of Sagebrush on BLM range",28,"MT","2",23.32,2.08,0.089,20.65,25.98," PERCENT FOLIAR COVER OF SAGEBRUSH ON BLM RANGE","2020"
"66. Percent Foliar Cover of Sagebrush on BLM range",28,"NV","1",10.78,1.39,0.129,9,12.56," PERCENT FOLIAR COVER OF SAGEBRUSH ON BLM RANGE","2020"
"66. Percent Foliar Cover of Sagebrush on BLM range",28,"NV","2",6.43,1.13,0.175,4.98,7.88," PERCENT FOLIAR COVER OF SAGEBRUSH ON BLM RANGE","2020"
"66. Percent Foliar Cover of Sagebrush on BLM range",28,"NM","2",0.38,0.27,0.7,0.04,0.72," PERCENT FOLIAR COVER OF SAGEBRUSH ON BLM RANGE","2020"
"66. Percent Foliar Cover of Sagebrush on BLM range",28,"OR","1",10.68,1.18,0.11,9.17,12.19," PERCENT FOLIAR COVER OF SAGEBRUSH ON BLM RANGE","2020"
"66. Percent Foliar Cover of Sagebrush on BLM range",28,"OR","2",7.59,1.81,0.239,5.27,9.92," PERCENT FOLIAR COVER OF SAGEBRUSH ON BLM RANGE","2020"
"66. Percent Foliar Cover of Sagebrush on BLM range",28,"SD","2",3.47,3.41,0.983,0,7.83," PERCENT FOLIAR COVER OF SAGEBRUSH ON BLM RANGE","2020"
"66. Percent Foliar Cover of Sagebrush on BLM range",28,"UT","1",15.06,5.1,0.339,8.52,21.6," PERCENT FOLIAR COVER OF SAGEBRUSH ON BLM RANGE","2020"
"66. Percent Foliar Cover of Sagebrush on BLM range",28,"UT","2",3.82,1.24,0.326,2.22,5.41," PERCENT FOLIAR COVER OF SAGEBRUSH ON BLM RANGE","2020"
"66. Percent Foliar Cover of Sagebrush on BLM range",28,"WA","2",2.97,2.92,0.983,0,6.71," PERCENT FOLIAR COVER OF SAGEBRUSH ON BLM RANGE","2020"
"66. Percent Foliar Cover of Sagebrush on BLM range",28,"WY","1",15.94,0.93,0.059,14.75,17.14," PERCENT FOLIAR COVER OF SAGEBRUSH ON BLM RANGE","2020"
"66. Percent Foliar Cover of Sagebrush on BLM range",28,"WY","2",16.51,11.92,0.722,1.24,31.79," PERCENT FOLIAR COVER OF SAGEBRUSH ON BLM RANGE","2020"
"67. Mean Sagebrush Species Height in Inches on BLM range",29,"BLM","NA",14.38,0.33,0.023,13.96,14.8," MEAN SAGEBRUSH SPECIES HEIGHT IN INCHES ON BLM RANGE","2020"
"67. Mean Sagebrush Species Height in Inches on BLM range",29,"AZ","2",22.65,2.14,0.094,19.91,25.4," MEAN SAGEBRUSH SPECIES HEIGHT IN INCHES ON BLM RANGE","2020"
"67. Mean Sagebrush Species Height in Inches on BLM range",29,"CA","1",0,0,0,0,0," MEAN SAGEBRUSH SPECIES HEIGHT IN INCHES ON BLM RANGE","2020"
"67. Mean Sagebrush Species Height in Inches on BLM range",29,"CA","2",0,0,0,0,0," MEAN SAGEBRUSH SPECIES HEIGHT IN INCHES ON BLM RANGE","2020"
"67. Mean Sagebrush Species Height in Inches on BLM range",29,"CO","1",16.53,1.37,0.083,14.77,18.29," MEAN SAGEBRUSH SPECIES HEIGHT IN INCHES ON BLM RANGE","2020"
"67. Mean Sagebrush Species Height in Inches on BLM range",29,"CO","2",19.45,2.96,0.152,15.66,23.23," MEAN SAGEBRUSH SPECIES HEIGHT IN INCHES ON BLM RANGE","2020"
"67. Mean Sagebrush Species Height in Inches on BLM range",29,"ID","1",0,0,0,0,0," MEAN SAGEBRUSH SPECIES HEIGHT IN INCHES ON BLM RANGE","2020"
"67. Mean Sagebrush Species Height in Inches on BLM range",29,"ID","2",0,0,0,0,0," MEAN SAGEBRUSH SPECIES HEIGHT IN INCHES ON BLM RANGE","2020"
"67. Mean Sagebrush Species Height in Inches on BLM range",29,"MT","1",10.6,0.57,0.053,9.87,11.32," MEAN SAGEBRUSH SPECIES HEIGHT IN INCHES ON BLM RANGE","2020"
"67. Mean Sagebrush Species Height in Inches on BLM range",29,"MT","2",14.17,1.2,0.085,12.62,15.71," MEAN SAGEBRUSH SPECIES HEIGHT IN INCHES ON BLM RANGE","2020"
"67. Mean Sagebrush Species Height in Inches on BLM range",29,"NV","1",18.32,0.9,0.049,17.17,19.46," MEAN SAGEBRUSH SPECIES HEIGHT IN INCHES ON BLM RANGE","2020"
"67. Mean Sagebrush Species Height in Inches on BLM range",29,"NV","2",12.83,1.03,0.081,11.5,14.15," MEAN SAGEBRUSH SPECIES HEIGHT IN INCHES ON BLM RANGE","2020"
"67. Mean Sagebrush Species Height in Inches on BLM range",29,"NM","2",16.26,1.69,0.104,14.1,18.42," MEAN SAGEBRUSH SPECIES HEIGHT IN INCHES ON BLM RANGE","2020"
"67. Mean Sagebrush Species Height in Inches on BLM range",29,"OR","1",18.2,0.89,0.049,17.06,19.34," MEAN SAGEBRUSH SPECIES HEIGHT IN INCHES ON BLM RANGE","2020"
"67. Mean Sagebrush Species Height in Inches on BLM range",29,"OR","2",17.04,1.02,0.06,15.73,18.36," MEAN SAGEBRUSH SPECIES HEIGHT IN INCHES ON BLM RANGE","2020"
"67. Mean Sagebrush Species Height in Inches on BLM range",29,"SD","2",9.8,9.63,0.983,0,22.14," MEAN SAGEBRUSH SPECIES HEIGHT IN INCHES ON BLM RANGE","2020"
"67. Mean Sagebrush Species Height in Inches on BLM range",29,"UT","1",15.17,2.64,0.174,11.79,18.55," MEAN SAGEBRUSH SPECIES HEIGHT IN INCHES ON BLM RANGE","2020"
"67. Mean Sagebrush Species Height in Inches on BLM range",29,"UT","2",12.65,0.95,0.075,11.43,13.86," MEAN SAGEBRUSH SPECIES HEIGHT IN INCHES ON BLM RANGE","2020"
"67. Mean Sagebrush Species Height in Inches on BLM range",29,"WA","2",18.75,18.42,0.983,0,42.36," MEAN SAGEBRUSH SPECIES HEIGHT IN INCHES ON BLM RANGE","2020"
"67. Mean Sagebrush Species Height in Inches on BLM range",29,"WY","1",10.99,0.35,0.032,10.54,11.44," MEAN SAGEBRUSH SPECIES HEIGHT IN INCHES ON BLM RANGE","2020"
"67. Mean Sagebrush Species Height in Inches on BLM range",29,"WY","2",11.68,6.21,0.531,3.73,19.64," MEAN SAGEBRUSH SPECIES HEIGHT IN INCHES ON BLM RANGE","2020"
"68. Percent Columnar Shaped Sagebrush on BLM range",30,"BLM","NA",9.45,1.13,0.12,8,10.9," PERCENT COLUMNAR SHAPED SAGEBRUSH ON BLM RANGE","2020"
"68. Percent Columnar Shaped Sagebrush on BLM range",30,"AZ","2",60.59,12.31,0.203,44.82,76.37," PERCENT COLUMNAR SHAPED SAGEBRUSH ON BLM RANGE","2020"
"68. Percent Columnar Shaped Sagebrush on BLM range",30,"CA","1",0,0,0,0,0," PERCENT COLUMNAR SHAPED SAGEBRUSH ON BLM RANGE","2020"
"68. Percent Columnar Shaped Sagebrush on BLM range",30,"CA","2",0,0,0,0,0," PERCENT COLUMNAR SHAPED SAGEBRUSH ON BLM RANGE","2020"
"68. Percent Columnar Shaped Sagebrush on BLM range",30,"CO","1",37.96,5.21,0.137,31.28,44.64," PERCENT COLUMNAR SHAPED SAGEBRUSH ON BLM RANGE","2020"
"68. Percent Columnar Shaped Sagebrush on BLM range",30,"CO","2",44.56,11.47,0.257,29.86,59.26," PERCENT COLUMNAR SHAPED SAGEBRUSH ON BLM RANGE","2020"
"68. Percent Columnar Shaped Sagebrush on BLM range",30,"ID","1",0,0,0,0,0," PERCENT COLUMNAR SHAPED SAGEBRUSH ON BLM RANGE","2020"
"68. Percent Columnar Shaped Sagebrush on BLM range",30,"ID","2",0,0,0,0,0," PERCENT COLUMNAR SHAPED SAGEBRUSH ON BLM RANGE","2020"
"68. Percent Columnar Shaped Sagebrush on BLM range",30,"MT","1",2.11,1.07,0.505,0.75,3.48," PERCENT COLUMNAR SHAPED SAGEBRUSH ON BLM RANGE","2020"
"68. Percent Columnar Shaped Sagebrush on BLM range",30,"MT","2",30.15,12.48,0.414,14.16,46.14," PERCENT COLUMNAR SHAPED SAGEBRUSH ON BLM RANGE","2020"
"68. Percent Columnar Shaped Sagebrush on BLM range",30,"NV","1",6.69,2.13,0.318,3.96,9.42," PERCENT COLUMNAR SHAPED SAGEBRUSH ON BLM RANGE","2020"
"68. Percent Columnar Shaped Sagebrush on BLM range",30,"NV","2",0.82,0.65,0.788,0,1.65," PERCENT COLUMNAR SHAPED SAGEBRUSH ON BLM RANGE","2020"
"68. Percent Columnar Shaped Sagebrush on BLM range",30,"NM","2",100,0,0,100,100," PERCENT COLUMNAR SHAPED SAGEBRUSH ON BLM RANGE","2020"
"68. Percent Columnar Shaped Sagebrush on BLM range",30,"OR","1",19.45,4.03,0.207,14.28,24.62," PERCENT COLUMNAR SHAPED SAGEBRUSH ON BLM RANGE","2020"
"68. Percent Columnar Shaped Sagebrush on BLM range",30,"OR","2",0,0,0,0,0," PERCENT COLUMNAR SHAPED SAGEBRUSH ON BLM RANGE","2020"
"68. Percent Columnar Shaped Sagebrush on BLM range",30,"SD","2",0,0,0,0,0," PERCENT COLUMNAR SHAPED SAGEBRUSH ON BLM RANGE","2020"
"68. Percent Columnar Shaped Sagebrush on BLM range",30,"UT","1",0,0,0,0,0," PERCENT COLUMNAR SHAPED SAGEBRUSH ON BLM RANGE","2020"
"68. Percent Columnar Shaped Sagebrush on BLM range",30,"UT","2",0,0,0,0,0," PERCENT COLUMNAR SHAPED SAGEBRUSH ON BLM RANGE","2020"
"68. Percent Columnar Shaped Sagebrush on BLM range",30,"WA","2",0,0,0,0,0," PERCENT COLUMNAR SHAPED SAGEBRUSH ON BLM RANGE","2020"
"68. Percent Columnar Shaped Sagebrush on BLM range",30,"WY","1",0.75,0.44,0.586,0.19,1.32," PERCENT COLUMNAR SHAPED SAGEBRUSH ON BLM RANGE","2020"
"68. Percent Columnar Shaped Sagebrush on BLM range",30,"WY","2",0,0,0,0,0," PERCENT COLUMNAR SHAPED SAGEBRUSH ON BLM RANGE","2020"
"69. Percent Spreading Shaped Sagebrush on BLM range",31,"BLM","NA",90.55,1.13,0.013,89.1,92," PERCENT SPREADING SHAPED SAGEBRUSH ON BLM RANGE","2020"
"69. Percent Spreading Shaped Sagebrush on BLM range",31,"AZ","2",39.41,12.31,0.312,23.63,55.18," PERCENT SPREADING SHAPED SAGEBRUSH ON BLM RANGE","2020"
"69. Percent Spreading Shaped Sagebrush on BLM range",31,"CA","1",0,0,0,0,0," PERCENT SPREADING SHAPED SAGEBRUSH ON BLM RANGE","2020"
"69. Percent Spreading Shaped Sagebrush on BLM range",31,"CA","2",0,0,0,0,0," PERCENT SPREADING SHAPED SAGEBRUSH ON BLM RANGE","2020"
"69. Percent Spreading Shaped Sagebrush on BLM range",31,"CO","1",62.04,5.21,0.084,55.36,68.72," PERCENT SPREADING SHAPED SAGEBRUSH ON BLM RANGE","2020"
"69. Percent Spreading Shaped Sagebrush on BLM range",31,"CO","2",55.44,11.47,0.207,40.74,70.14," PERCENT SPREADING SHAPED SAGEBRUSH ON BLM RANGE","2020"
"69. Percent Spreading Shaped Sagebrush on BLM range",31,"ID","1",0,0,0,0,0," PERCENT SPREADING SHAPED SAGEBRUSH ON BLM RANGE","2020"
"69. Percent Spreading Shaped Sagebrush on BLM range",31,"ID","2",0,0,0,0,0," PERCENT SPREADING SHAPED SAGEBRUSH ON BLM RANGE","2020"
"69. Percent Spreading Shaped Sagebrush on BLM range",31,"MT","1",97.89,1.07,0.011,96.52,99.25," PERCENT SPREADING SHAPED SAGEBRUSH ON BLM RANGE","2020"
"69. Percent Spreading Shaped Sagebrush on BLM range",31,"MT","2",69.85,12.48,0.179,53.86,85.84," PERCENT SPREADING SHAPED SAGEBRUSH ON BLM RANGE","2020"
"69. Percent Spreading Shaped Sagebrush on BLM range",31,"NV","1",93.31,2.13,0.023,90.58,96.04," PERCENT SPREADING SHAPED SAGEBRUSH ON BLM RANGE","2020"
"69. Percent Spreading Shaped Sagebrush on BLM range",31,"NV","2",99.18,0.65,0.007,98.35,100," PERCENT SPREADING SHAPED SAGEBRUSH ON BLM RANGE","2020"
"69. Percent Spreading Shaped Sagebrush on BLM range",31,"NM","2",0,0,0,0,0," PERCENT SPREADING SHAPED SAGEBRUSH ON BLM RANGE","2020"
"69. Percent Spreading Shaped Sagebrush on BLM range",31,"OR","1",80.55,4.03,0.05,75.38,85.72," PERCENT SPREADING SHAPED SAGEBRUSH ON BLM RANGE","2020"
"69. Percent Spreading Shaped Sagebrush on BLM range",31,"OR","2",100,0,0,100,100," PERCENT SPREADING SHAPED SAGEBRUSH ON BLM RANGE","2020"
"69. Percent Spreading Shaped Sagebrush on BLM range",31,"SD","2",100,98.26,0.983,0,100," PERCENT SPREADING SHAPED SAGEBRUSH ON BLM RANGE","2020"
"69. Percent Spreading Shaped Sagebrush on BLM range",31,"UT","1",100,0,0,100,100," PERCENT SPREADING SHAPED SAGEBRUSH ON BLM RANGE","2020"
"69. Percent Spreading Shaped Sagebrush on BLM range",31,"UT","2",100,0,0,100,100," PERCENT SPREADING SHAPED SAGEBRUSH ON BLM RANGE","2020"
"69. Percent Spreading Shaped Sagebrush on BLM range",31,"WA","2",100,98.26,0.983,0,100," PERCENT SPREADING SHAPED SAGEBRUSH ON BLM RANGE","2020"
"69. Percent Spreading Shaped Sagebrush on BLM range",31,"WY","1",99.25,0.44,0.004,98.68,99.81," PERCENT SPREADING SHAPED SAGEBRUSH ON BLM RANGE","2020"
"69. Percent Spreading Shaped Sagebrush on BLM range",31,"WY","2",100,0,0,100,100," PERCENT SPREADING SHAPED SAGEBRUSH ON BLM RANGE","2020"
"70. Mean Herbaceous Species Height in Inches on BLM range",32,"BLM","NA",9.11,0.2,0.021,8.85,9.36," MEAN HERBACEOUS SPECIES HEIGHT IN INCHES ON BLM RANGE","2020"
"70. Mean Herbaceous Species Height in Inches on BLM range",32,"AZ","2",7.38,0.56,0.076,6.66,8.1," MEAN HERBACEOUS SPECIES HEIGHT IN INCHES ON BLM RANGE","2020"
"70. Mean Herbaceous Species Height in Inches on BLM range",32,"CA","1",0,0,0,0,0," MEAN HERBACEOUS SPECIES HEIGHT IN INCHES ON BLM RANGE","2020"
"70. Mean Herbaceous Species Height in Inches on BLM range",32,"CA","2",0,0,0,0,0," MEAN HERBACEOUS SPECIES HEIGHT IN INCHES ON BLM RANGE","2020"
"70. Mean Herbaceous Species Height in Inches on BLM range",32,"CO","1",8.17,0.33,0.04,7.76,8.59," MEAN HERBACEOUS SPECIES HEIGHT IN INCHES ON BLM RANGE","2020"
"70. Mean Herbaceous Species Height in Inches on BLM range",32,"CO","2",8.85,0.97,0.11,7.6,10.1," MEAN HERBACEOUS SPECIES HEIGHT IN INCHES ON BLM RANGE","2020"
"70. Mean Herbaceous Species Height in Inches on BLM range",32,"ID","1",0,0,0,0,0," MEAN HERBACEOUS SPECIES HEIGHT IN INCHES ON BLM RANGE","2020"
"70. Mean Herbaceous Species Height in Inches on BLM range",32,"ID","2",0,0,0,0,0," MEAN HERBACEOUS SPECIES HEIGHT IN INCHES ON BLM RANGE","2020"
"70. Mean Herbaceous Species Height in Inches on BLM range",32,"MT","1",13.64,0.4,0.029,13.12,14.15," MEAN HERBACEOUS SPECIES HEIGHT IN INCHES ON BLM RANGE","2020"
"70. Mean Herbaceous Species Height in Inches on BLM range",32,"MT","2",11.55,1.78,0.154,9.28,13.83," MEAN HERBACEOUS SPECIES HEIGHT IN INCHES ON BLM RANGE","2020"
"70. Mean Herbaceous Species Height in Inches on BLM range",32,"NV","1",11.33,0.48,0.043,10.71,11.95," MEAN HERBACEOUS SPECIES HEIGHT IN INCHES ON BLM RANGE","2020"
"70. Mean Herbaceous Species Height in Inches on BLM range",32,"NV","2",7.69,0.5,0.065,7.05,8.34," MEAN HERBACEOUS SPECIES HEIGHT IN INCHES ON BLM RANGE","2020"
"70. Mean Herbaceous Species Height in Inches on BLM range",32,"NM","2",7.49,0.49,0.065,6.87,8.11," MEAN HERBACEOUS SPECIES HEIGHT IN INCHES ON BLM RANGE","2020"
"70. Mean Herbaceous Species Height in Inches on BLM range",32,"OR","1",9.55,0.32,0.034,9.14,9.97," MEAN HERBACEOUS SPECIES HEIGHT IN INCHES ON BLM RANGE","2020"
"70. Mean Herbaceous Species Height in Inches on BLM range",32,"OR","2",14.31,2.18,0.152,11.51,17.1," MEAN HERBACEOUS SPECIES HEIGHT IN INCHES ON BLM RANGE","2020"
"70. Mean Herbaceous Species Height in Inches on BLM range",32,"SD","2",15.02,14.76,0.983,0,33.93," MEAN HERBACEOUS SPECIES HEIGHT IN INCHES ON BLM RANGE","2020"
"70. Mean Herbaceous Species Height in Inches on BLM range",32,"UT","1",10.45,2.89,0.276,6.75,14.15," MEAN HERBACEOUS SPECIES HEIGHT IN INCHES ON BLM RANGE","2020"
"70. Mean Herbaceous Species Height in Inches on BLM range",32,"UT","2",9.32,0.58,0.062,8.58,10.07," MEAN HERBACEOUS SPECIES HEIGHT IN INCHES ON BLM RANGE","2020"
"70. Mean Herbaceous Species Height in Inches on BLM range",32,"WA","2",6.44,6.33,0.983,0,14.55," MEAN HERBACEOUS SPECIES HEIGHT IN INCHES ON BLM RANGE","2020"
"70. Mean Herbaceous Species Height in Inches on BLM range",32,"WY","1",8.44,0.22,0.027,8.15,8.72," MEAN HERBACEOUS SPECIES HEIGHT IN INCHES ON BLM RANGE","2020"
"70. Mean Herbaceous Species Height in Inches on BLM range",32,"WY","2",11.65,1.21,0.104,10.1,13.21," MEAN HERBACEOUS SPECIES HEIGHT IN INCHES ON BLM RANGE","2020"
"71. Percent Foliar Cover of Perennial Grass and Perennial Forb on BLM range",33,"BLM","NA",21.78,0.81,0.037,20.74,22.82," PERCENT FOLIAR COVER OF PERENNIAL GRASS AND PERENNIAL FORB ON BLM RANGE","2020"
"71. Percent Foliar Cover of Perennial Grass and Perennial Forb on BLM range",33,"AZ","2",13.02,2.04,0.157,10.41,15.64," PERCENT FOLIAR COVER OF PERENNIAL GRASS AND PERENNIAL FORB ON BLM RANGE","2020"
"71. Percent Foliar Cover of Perennial Grass and Perennial Forb on BLM range",33,"CA","1",0,0,0,0,0," PERCENT FOLIAR COVER OF PERENNIAL GRASS AND PERENNIAL FORB ON BLM RANGE","2020"
"71. Percent Foliar Cover of Perennial Grass and Perennial Forb on BLM range",33,"CA","2",0,0,0,0,0," PERCENT FOLIAR COVER OF PERENNIAL GRASS AND PERENNIAL FORB ON BLM RANGE","2020"
"71. Percent Foliar Cover of Perennial Grass and Perennial Forb on BLM range",33,"CO","1",21.34,1.99,0.093,18.8,23.89," PERCENT FOLIAR COVER OF PERENNIAL GRASS AND PERENNIAL FORB ON BLM RANGE","2020"
"71. Percent Foliar Cover of Perennial Grass and Perennial Forb on BLM range",33,"CO","2",22.92,6.35,0.277,14.78,31.06," PERCENT FOLIAR COVER OF PERENNIAL GRASS AND PERENNIAL FORB ON BLM RANGE","2020"
"71. Percent Foliar Cover of Perennial Grass and Perennial Forb on BLM range",33,"ID","1",0,0,0,0,0," PERCENT FOLIAR COVER OF PERENNIAL GRASS AND PERENNIAL FORB ON BLM RANGE","2020"
"71. Percent Foliar Cover of Perennial Grass and Perennial Forb on BLM range",33,"ID","2",0,0,0,0,0," PERCENT FOLIAR COVER OF PERENNIAL GRASS AND PERENNIAL FORB ON BLM RANGE","2020"
"71. Percent Foliar Cover of Perennial Grass and Perennial Forb on BLM range",33,"MT","1",62.69,2.27,0.036,59.77,65.6," PERCENT FOLIAR COVER OF PERENNIAL GRASS AND PERENNIAL FORB ON BLM RANGE","2020"
"71. Percent Foliar Cover of Perennial Grass and Perennial Forb on BLM range",33,"MT","2",53.64,14.42,0.269,35.16,72.12," PERCENT FOLIAR COVER OF PERENNIAL GRASS AND PERENNIAL FORB ON BLM RANGE","2020"
"71. Percent Foliar Cover of Perennial Grass and Perennial Forb on BLM range",33,"NV","1",28.92,2.62,0.09,25.57,32.27," PERCENT FOLIAR COVER OF PERENNIAL GRASS AND PERENNIAL FORB ON BLM RANGE","2020"
"71. Percent Foliar Cover of Perennial Grass and Perennial Forb on BLM range",33,"NV","2",5.8,1.42,0.244,3.99,7.62," PERCENT FOLIAR COVER OF PERENNIAL GRASS AND PERENNIAL FORB ON BLM RANGE","2020"
"71. Percent Foliar Cover of Perennial Grass and Perennial Forb on BLM range",33,"NM","2",20.21,2.47,0.122,17.04,23.38," PERCENT FOLIAR COVER OF PERENNIAL GRASS AND PERENNIAL FORB ON BLM RANGE","2020"
"71. Percent Foliar Cover of Perennial Grass and Perennial Forb on BLM range",33,"OR","1",29.35,1.97,0.067,26.82,31.87," PERCENT FOLIAR COVER OF PERENNIAL GRASS AND PERENNIAL FORB ON BLM RANGE","2020"
"71. Percent Foliar Cover of Perennial Grass and Perennial Forb on BLM range",33,"OR","2",37.94,6.57,0.173,29.52,46.36," PERCENT FOLIAR COVER OF PERENNIAL GRASS AND PERENNIAL FORB ON BLM RANGE","2020"
"71. Percent Foliar Cover of Perennial Grass and Perennial Forb on BLM range",33,"SD","2",73.27,71.99,0.983,0,100," PERCENT FOLIAR COVER OF PERENNIAL GRASS AND PERENNIAL FORB ON BLM RANGE","2020"
"71. Percent Foliar Cover of Perennial Grass and Perennial Forb on BLM range",33,"UT","1",20.26,5.7,0.281,12.95,27.57," PERCENT FOLIAR COVER OF PERENNIAL GRASS AND PERENNIAL FORB ON BLM RANGE","2020"
"71. Percent Foliar Cover of Perennial Grass and Perennial Forb on BLM range",33,"UT","2",9.95,1.98,0.199,7.41,12.48," PERCENT FOLIAR COVER OF PERENNIAL GRASS AND PERENNIAL FORB ON BLM RANGE","2020"
"71. Percent Foliar Cover of Perennial Grass and Perennial Forb on BLM range",33,"WA","2",23.27,22.86,0.983,0,52.57," PERCENT FOLIAR COVER OF PERENNIAL GRASS AND PERENNIAL FORB ON BLM RANGE","2020"
"71. Percent Foliar Cover of Perennial Grass and Perennial Forb on BLM range",33,"WY","1",34.05,1.51,0.044,32.11,35.99," PERCENT FOLIAR COVER OF PERENNIAL GRASS AND PERENNIAL FORB ON BLM RANGE","2020"
"71. Percent Foliar Cover of Perennial Grass and Perennial Forb on BLM range",33,"WY","2",57.23,9.15,0.16,45.5,68.95," PERCENT FOLIAR COVER OF PERENNIAL GRASS AND PERENNIAL FORB ON BLM RANGE","2020"
"72. Percent of Bare Ground on BLM range",34,"BLM","NA",25.55,0.97,0.038,24.31,26.78," PERCENT OF BARE GROUND ON BLM RANGE","2020"
"72. Percent of Bare Ground on BLM range",34,"AZ","2",10.53,2.22,0.211,7.69,13.37," PERCENT OF BARE GROUND ON BLM RANGE","2020"
"72. Percent of Bare Ground on BLM range",34,"CA","1",0,0,0,0,0," PERCENT OF BARE GROUND ON BLM RANGE","2020"
"72. Percent of Bare Ground on BLM range",34,"CA","2",0,0,0,0,0," PERCENT OF BARE GROUND ON BLM RANGE","2020"
"72. Percent of Bare Ground on BLM range",34,"CO","1",28.95,2.43,0.084,25.83,32.07," PERCENT OF BARE GROUND ON BLM RANGE","2020"
"72. Percent of Bare Ground on BLM range",34,"CO","2",17.92,2.61,0.145,14.58,21.26," PERCENT OF BARE GROUND ON BLM RANGE","2020"
"72. Percent of Bare Ground on BLM range",34,"ID","1",0,0,0,0,0," PERCENT OF BARE GROUND ON BLM RANGE","2020"
"72. Percent of Bare Ground on BLM range",34,"ID","2",0,0,0,0,0," PERCENT OF BARE GROUND ON BLM RANGE","2020"
"72. Percent of Bare Ground on BLM range",34,"MT","1",11.71,1.24,0.106,10.12,13.3," PERCENT OF BARE GROUND ON BLM RANGE","2020"
"72. Percent of Bare Ground on BLM range",34,"MT","2",19.28,13,0.674,2.63,35.94," PERCENT OF BARE GROUND ON BLM RANGE","2020"
"72. Percent of Bare Ground on BLM range",34,"NV","1",21.18,2.34,0.111,18.18,24.18," PERCENT OF BARE GROUND ON BLM RANGE","2020"
"72. Percent of Bare Ground on BLM range",34,"NV","2",27.9,2.69,0.097,24.45,31.35," PERCENT OF BARE GROUND ON BLM RANGE","2020"
"72. Percent of Bare Ground on BLM range",34,"NM","2",45.04,3.94,0.087,39.99,50.08," PERCENT OF BARE GROUND ON BLM RANGE","2020"
"72. Percent of Bare Ground on BLM range",34,"OR","1",26.89,1.33,0.05,25.18,28.59," PERCENT OF BARE GROUND ON BLM RANGE","2020"
"72. Percent of Bare Ground on BLM range",34,"OR","2",17.78,3.33,0.187,13.51,22.06," PERCENT OF BARE GROUND ON BLM RANGE","2020"
"72. Percent of Bare Ground on BLM range",34,"SD","2",4.95,4.86,0.983,0,11.18," PERCENT OF BARE GROUND ON BLM RANGE","2020"
"72. Percent of Bare Ground on BLM range",34,"UT","1",18.04,4.97,0.276,11.67,24.41," PERCENT OF BARE GROUND ON BLM RANGE","2020"
"72. Percent of Bare Ground on BLM range",34,"UT","2",31.49,4.68,0.149,25.49,37.49," PERCENT OF BARE GROUND ON BLM RANGE","2020"
"72. Percent of Bare Ground on BLM range",34,"WA","2",16.83,16.54,0.983,0,38.03," PERCENT OF BARE GROUND ON BLM RANGE","2020"
"72. Percent of Bare Ground on BLM range",34,"WY","1",27.23,1.56,0.057,25.22,29.23," PERCENT OF BARE GROUND ON BLM RANGE","2020"
"72. Percent of Bare Ground on BLM range",34,"WY","2",6.49,2.12,0.327,3.78,9.21," PERCENT OF BARE GROUND ON BLM RANGE","2020"
"73. Percent Annual Grasses on BLM range",35,"BLM","NA",10.26,1.05,0.102,8.92,11.61," PERCENT ANNUAL GRASSES ON BLM RANGE","2020"
"73. Percent Annual Grasses on BLM range",35,"AZ","2",3.51,2.07,0.588,0.87,6.16," PERCENT ANNUAL GRASSES ON BLM RANGE","2020"
"73. Percent Annual Grasses on BLM range",35,"CA","1",0,0,0,0,0," PERCENT ANNUAL GRASSES ON BLM RANGE","2020"
"73. Percent Annual Grasses on BLM range",35,"CA","2",0,0,0,0,0," PERCENT ANNUAL GRASSES ON BLM RANGE","2020"
"73. Percent Annual Grasses on BLM range",35,"CO","1",8.52,2.3,0.27,5.57,11.46," PERCENT ANNUAL GRASSES ON BLM RANGE","2020"
"73. Percent Annual Grasses on BLM range",35,"CO","2",4.14,2.09,0.505,1.46,6.82," PERCENT ANNUAL GRASSES ON BLM RANGE","2020"
"73. Percent Annual Grasses on BLM range",35,"ID","1",0,0,0,0,0," PERCENT ANNUAL GRASSES ON BLM RANGE","2020"
"73. Percent Annual Grasses on BLM range",35,"ID","2",0,0,0,0,0," PERCENT ANNUAL GRASSES ON BLM RANGE","2020"
"73. Percent Annual Grasses on BLM range",35,"MT","1",2.79,1.74,0.623,0.56,5.02," PERCENT ANNUAL GRASSES ON BLM RANGE","2020"
"73. Percent Annual Grasses on BLM range",35,"MT","2",0,0,0,0,0," PERCENT ANNUAL GRASSES ON BLM RANGE","2020"
"73. Percent Annual Grasses on BLM range",35,"NV","1",13.85,2.18,0.157,11.06,16.65," PERCENT ANNUAL GRASSES ON BLM RANGE","2020"
"73. Percent Annual Grasses on BLM range",35,"NV","2",15.12,2.59,0.171,11.81,18.44," PERCENT ANNUAL GRASSES ON BLM RANGE","2020"
"73. Percent Annual Grasses on BLM range",35,"NM","2",1.67,1.66,0.994,0,3.8," PERCENT ANNUAL GRASSES ON BLM RANGE","2020"
"73. Percent Annual Grasses on BLM range",35,"OR","1",13.55,2.18,0.161,10.76,16.35," PERCENT ANNUAL GRASSES ON BLM RANGE","2020"
"73. Percent Annual Grasses on BLM range",35,"OR","2",11.55,6.02,0.522,3.83,19.27," PERCENT ANNUAL GRASSES ON BLM RANGE","2020"
"73. Percent Annual Grasses on BLM range",35,"SD","2",0,0,0,0,0," PERCENT ANNUAL GRASSES ON BLM RANGE","2020"
"73. Percent Annual Grasses on BLM range",35,"UT","1",7.62,4.14,0.544,2.31,12.92," PERCENT ANNUAL GRASSES ON BLM RANGE","2020"
"73. Percent Annual Grasses on BLM range",35,"UT","2",19.8,4.67,0.236,13.81,25.79," PERCENT ANNUAL GRASSES ON BLM RANGE","2020"
"73. Percent Annual Grasses on BLM range",35,"WA","2",36.55,35.91,0.983,0,82.57," PERCENT ANNUAL GRASSES ON BLM RANGE","2020"
"73. Percent Annual Grasses on BLM range",35,"WY","1",5.5,0.83,0.152,4.43,6.57," PERCENT ANNUAL GRASSES ON BLM RANGE","2020"
"73. Percent Annual Grasses on BLM range",35,"WY","2",3.8,5.16,1.358,0,10.4," PERCENT ANNUAL GRASSES ON BLM RANGE","2020"
"74. Percent Non-Native Invasive Plant Species on BLM range",36,"BLM","NA",14.63,1.21,0.083,13.08,16.19," PERCENT NON-NATIVE INVASIVE PLANT SPECIES ON BLM RANGE","2020"
"74. Percent Non-Native Invasive Plant Species on BLM range",36,"AZ","2",17.39,4.45,0.256,11.69,23.1," PERCENT NON-NATIVE INVASIVE PLANT SPECIES ON BLM RANGE","2020"
"74. Percent Non-Native Invasive Plant Species on BLM range",36,"CA","1",0,0,0,0,0," PERCENT NON-NATIVE INVASIVE PLANT SPECIES ON BLM RANGE","2020"
"74. Percent Non-Native Invasive Plant Species on BLM range",36,"CA","2",0,0,0,0,0," PERCENT NON-NATIVE INVASIVE PLANT SPECIES ON BLM RANGE","2020"
"74. Percent Non-Native Invasive Plant Species on BLM range",36,"CO","1",9.93,2.44,0.246,6.8,13.06," PERCENT NON-NATIVE INVASIVE PLANT SPECIES ON BLM RANGE","2020"
"74. Percent Non-Native Invasive Plant Species on BLM range",36,"CO","2",4.45,2.19,0.492,1.65,7.25," PERCENT NON-NATIVE INVASIVE PLANT SPECIES ON BLM RANGE","2020"
"74. Percent Non-Native Invasive Plant Species on BLM range",36,"ID","1",0,0,0,0,0," PERCENT NON-NATIVE INVASIVE PLANT SPECIES ON BLM RANGE","2020"
"74. Percent Non-Native Invasive Plant Species on BLM range",36,"ID","2",0,0,0,0,0," PERCENT NON-NATIVE INVASIVE PLANT SPECIES ON BLM RANGE","2020"
"74. Percent Non-Native Invasive Plant Species on BLM range",36,"MT","1",9.95,1.57,0.158,7.94,11.96," PERCENT NON-NATIVE INVASIVE PLANT SPECIES ON BLM RANGE","2020"
"74. Percent Non-Native Invasive Plant Species on BLM range",36,"MT","2",1.39,2.01,1.448,0,3.97," PERCENT NON-NATIVE INVASIVE PLANT SPECIES ON BLM RANGE","2020"
"74. Percent Non-Native Invasive Plant Species on BLM range",36,"NV","1",14.59,2.13,0.146,11.86,17.31," PERCENT NON-NATIVE INVASIVE PLANT SPECIES ON BLM RANGE","2020"
"74. Percent Non-Native Invasive Plant Species on BLM range",36,"NV","2",20.49,2.96,0.145,16.7,24.29," PERCENT NON-NATIVE INVASIVE PLANT SPECIES ON BLM RANGE","2020"
"74. Percent Non-Native Invasive Plant Species on BLM range",36,"NM","2",1.67,1.66,0.994,0,3.8," PERCENT NON-NATIVE INVASIVE PLANT SPECIES ON BLM RANGE","2020"
"74. Percent Non-Native Invasive Plant Species on BLM range",36,"OR","1",14.01,2.14,0.152,11.27,16.75," PERCENT NON-NATIVE INVASIVE PLANT SPECIES ON BLM RANGE","2020"
"74. Percent Non-Native Invasive Plant Species on BLM range",36,"OR","2",11.59,6.02,0.519,3.88,19.3," PERCENT NON-NATIVE INVASIVE PLANT SPECIES ON BLM RANGE","2020"
"74. Percent Non-Native Invasive Plant Species on BLM range",36,"SD","2",6.88,6.76,0.983,0,15.55," PERCENT NON-NATIVE INVASIVE PLANT SPECIES ON BLM RANGE","2020"
"74. Percent Non-Native Invasive Plant Species on BLM range",36,"UT","1",7.62,4.14,0.544,2.31,12.92," PERCENT NON-NATIVE INVASIVE PLANT SPECIES ON BLM RANGE","2020"
"74. Percent Non-Native Invasive Plant Species on BLM range",36,"UT","2",29.6,5.08,0.172,23.09,36.1," PERCENT NON-NATIVE INVASIVE PLANT SPECIES ON BLM RANGE","2020"
"74. Percent Non-Native Invasive Plant Species on BLM range",36,"WA","2",36.55,35.91,0.983,0,82.57," PERCENT NON-NATIVE INVASIVE PLANT SPECIES ON BLM RANGE","2020"
"74. Percent Non-Native Invasive Plant Species on BLM range",36,"WY","1",5.98,0.97,0.162,4.74,7.22," PERCENT NON-NATIVE INVASIVE PLANT SPECIES ON BLM RANGE","2020"
"74. Percent Non-Native Invasive Plant Species on BLM range",36,"WY","2",3.8,5.16,1.358,0,10.4," PERCENT NON-NATIVE INVASIVE PLANT SPECIES ON BLM RANGE","2020"
