Indicator_Name,Indicator_Number,State,Type,Value,SE,CV,CI_Lower,CI_Upper,Indicator,Year,xlab,ylab,var_type,figure_title,Index,figure_title_edit,caption
1. Estimated % of BLM range acres with BI <= 2,1,BLM,NA,88.36,0.91,0.01,87.20,89.52,BIOTIC INTEGRITY HAD NONE-TO-SLIGHT OR SLIGHT-TO-MODERATE DEPARTURE FROM REFERENCE CONDITIONS (BI <= 2),2018,Year,Percent of rangeland acres on BLM-administered lands,percent,Proportion of BLM rangelands with none-to-slight or slight-to-moderate departure from biotic integrity reference conditions (BI <=2) (80% confidence interval) ,1,Proportion of BLM rangelands with none-to-slight or slight-to-moderate departure from biotic integrity reference conditions (BI <=2) (80% confidence interval) ,
1. Estimated % of BLM range acres with BI <= 2,1,BLM,NA,88.52,1.07,0.01,87.15,89.89,BIOTIC INTEGRITY HAD NONE-TO-SLIGHT OR SLIGHT-TO-MODERATE DEPARTURE FROM REFERENCE CONDITIONS (BI <= 2),2011,Year,Percent of rangeland acres on BLM-administered lands,percent,Proportion of BLM rangelands with none-to-slight or slight-to-moderate departure from biotic integrity reference conditions (BI <=2) (80% confidence interval) ,1,Proportion of BLM rangelands with none-to-slight or slight-to-moderate departure from biotic integrity reference conditions (BI <=2) (80% confidence interval) ,
1. Estimated % of BLM range acres with BI <= 2,1,BLM,1,92.50,1.73,0.02,90.28,94.71,BIOTIC INTEGRITY HAD NONE-TO-SLIGHT OR SLIGHT-TO-MODERATE DEPARTURE FROM REFERENCE CONDITIONS (BI <= 2),2011,Year,Percent of rangeland acres on BLM-administered lands,percent,Proportion of BLM rangelands with none-to-slight or slight-to-moderate departure from biotic integrity reference conditions (BI <=2) (80% confidence interval) ,1,Proportion of BLM rangelands with none-to-slight or slight-to-moderate departure from biotic integrity reference conditions (BI <=2) (80% confidence interval) ,
1. Estimated % of BLM range acres with BI <= 2,1,BLM,2,86.30,1.60,0.02,84.25,88.34,BIOTIC INTEGRITY HAD NONE-TO-SLIGHT OR SLIGHT-TO-MODERATE DEPARTURE FROM REFERENCE CONDITIONS (BI <= 2),2011,Year,Percent of rangeland acres on BLM-administered lands,percent,Proportion of BLM rangelands with none-to-slight or slight-to-moderate departure from biotic integrity reference conditions (BI <=2) (80% confidence interval) ,1,Proportion of BLM rangelands with none-to-slight or slight-to-moderate departure from biotic integrity reference conditions (BI <=2) (80% confidence interval) ,
1. Estimated % of BLM range acres with BI <= 2,1,BLM,1,90.82,1.03,0.01,89.50,92.14,BIOTIC INTEGRITY HAD NONE-TO-SLIGHT OR SLIGHT-TO-MODERATE DEPARTURE FROM REFERENCE CONDITIONS (BI <= 2),2015,Year,Percent of rangeland acres on BLM-administered lands,percent,Proportion of BLM rangelands with none-to-slight or slight-to-moderate departure from biotic integrity reference conditions (BI <=2) (80% confidence interval) ,1,Proportion of BLM rangelands with none-to-slight or slight-to-moderate departure from biotic integrity reference conditions (BI <=2) (80% confidence interval) ,
1. Estimated % of BLM range acres with BI <= 2,1,BLM,2,81.84,1.68,0.02,79.69,83.99,BIOTIC INTEGRITY HAD NONE-TO-SLIGHT OR SLIGHT-TO-MODERATE DEPARTURE FROM REFERENCE CONDITIONS (BI <= 2),2015,Year,Percent of rangeland acres on BLM-administered lands,percent,Proportion of BLM rangelands with none-to-slight or slight-to-moderate departure from biotic integrity reference conditions (BI <=2) (80% confidence interval) ,1,Proportion of BLM rangelands with none-to-slight or slight-to-moderate departure from biotic integrity reference conditions (BI <=2) (80% confidence interval) ,
1. Estimated % of BLM range acres with BI <= 2,1,BLM,NA,83.06,1.83,0.02,80.71,85.41,BIOTIC INTEGRITY HAD NONE-TO-SLIGHT OR SLIGHT-TO-MODERATE DEPARTURE FROM REFERENCE CONDITIONS (BI <= 2),2012,Year,Percent of rangeland acres on BLM-administered lands,percent,Proportion of BLM rangelands with none-to-slight or slight-to-moderate departure from biotic integrity reference conditions (BI <=2) (80% confidence interval) ,1,Proportion of BLM rangelands with none-to-slight or slight-to-moderate departure from biotic integrity reference conditions (BI <=2) (80% confidence interval) ,
1. Estimated % of BLM range acres with BI <= 2,1,BLM,NA,94.12,1.19,0.01,92.60,95.64,BIOTIC INTEGRITY HAD NONE-TO-SLIGHT OR SLIGHT-TO-MODERATE DEPARTURE FROM REFERENCE CONDITIONS (BI <= 2),2019,Year,Percent of rangeland acres on BLM-administered lands,percent,Proportion of BLM rangelands with none-to-slight or slight-to-moderate departure from biotic integrity reference conditions (BI <=2) (80% confidence interval) ,1,Proportion of BLM rangelands with none-to-slight or slight-to-moderate departure from biotic integrity reference conditions (BI <=2) (80% confidence interval) ,
1. Estimated % of BLM range acres with BI <= 2,1,BLM,2,78.10,2.95,0.04,74.32,81.88,BIOTIC INTEGRITY HAD NONE-TO-SLIGHT OR SLIGHT-TO-MODERATE DEPARTURE FROM REFERENCE CONDITIONS (BI <= 2),2012,Year,Percent of rangeland acres on BLM-administered lands,percent,Proportion of BLM rangelands with none-to-slight or slight-to-moderate departure from biotic integrity reference conditions (BI <=2) (80% confidence interval) ,1,Proportion of BLM rangelands with none-to-slight or slight-to-moderate departure from biotic integrity reference conditions (BI <=2) (80% confidence interval) ,
1. Estimated % of BLM range acres with BI <= 2,1,BLM,1,96.71,0.74,0.01,95.76,97.66,BIOTIC INTEGRITY HAD NONE-TO-SLIGHT OR SLIGHT-TO-MODERATE DEPARTURE FROM REFERENCE CONDITIONS (BI <= 2),2019,Year,Percent of rangeland acres on BLM-administered lands,percent,Proportion of BLM rangelands with none-to-slight or slight-to-moderate departure from biotic integrity reference conditions (BI <=2) (80% confidence interval) ,1,Proportion of BLM rangelands with none-to-slight or slight-to-moderate departure from biotic integrity reference conditions (BI <=2) (80% confidence interval) ,
1. Estimated % of BLM range acres with BI <= 2,1,BLM,1,87.86,1.27,0.01,86.23,89.48,BIOTIC INTEGRITY HAD NONE-TO-SLIGHT OR SLIGHT-TO-MODERATE DEPARTURE FROM REFERENCE CONDITIONS (BI <= 2),2018,Year,Percent of rangeland acres on BLM-administered lands,percent,Proportion of BLM rangelands with none-to-slight or slight-to-moderate departure from biotic integrity reference conditions (BI <=2) (80% confidence interval) ,1,Proportion of BLM rangelands with none-to-slight or slight-to-moderate departure from biotic integrity reference conditions (BI <=2) (80% confidence interval) ,
1. Estimated % of BLM range acres with BI <= 2,1,BLM,1,91.10,0.80,0.01,90.08,92.12,BIOTIC INTEGRITY HAD NONE-TO-SLIGHT OR SLIGHT-TO-MODERATE DEPARTURE FROM REFERENCE CONDITIONS (BI <= 2),2012,Year,Percent of rangeland acres on BLM-administered lands,percent,Proportion of BLM rangelands with none-to-slight or slight-to-moderate departure from biotic integrity reference conditions (BI <=2) (80% confidence interval) ,1,Proportion of BLM rangelands with none-to-slight or slight-to-moderate departure from biotic integrity reference conditions (BI <=2) (80% confidence interval) ,
1. Estimated % of BLM range acres with BI <= 2,1,BLM,NA,84.82,1.25,0.02,83.23,86.42,BIOTIC INTEGRITY HAD NONE-TO-SLIGHT OR SLIGHT-TO-MODERATE DEPARTURE FROM REFERENCE CONDITIONS (BI <= 2),2015,Year,Percent of rangeland acres on BLM-administered lands,percent,Proportion of BLM rangelands with none-to-slight or slight-to-moderate departure from biotic integrity reference conditions (BI <=2) (80% confidence interval) ,1,Proportion of BLM rangelands with none-to-slight or slight-to-moderate departure from biotic integrity reference conditions (BI <=2) (80% confidence interval) ,
1. Estimated % of BLM range acres with BI <= 2,1,BLM,1,90.04,0.94,0.01,88.84,91.24,BIOTIC INTEGRITY HAD NONE-TO-SLIGHT OR SLIGHT-TO-MODERATE DEPARTURE FROM REFERENCE CONDITIONS (BI <= 2),2016,Year,Percent of rangeland acres on BLM-administered lands,percent,Proportion of BLM rangelands with none-to-slight or slight-to-moderate departure from biotic integrity reference conditions (BI <=2) (80% confidence interval) ,1,Proportion of BLM rangelands with none-to-slight or slight-to-moderate departure from biotic integrity reference conditions (BI <=2) (80% confidence interval) ,
1. Estimated % of BLM range acres with BI <= 2,1,BLM,2,82.64,1.65,0.02,80.53,84.75,BIOTIC INTEGRITY HAD NONE-TO-SLIGHT OR SLIGHT-TO-MODERATE DEPARTURE FROM REFERENCE CONDITIONS (BI <= 2),2016,Year,Percent of rangeland acres on BLM-administered lands,percent,Proportion of BLM rangelands with none-to-slight or slight-to-moderate departure from biotic integrity reference conditions (BI <=2) (80% confidence interval) ,1,Proportion of BLM rangelands with none-to-slight or slight-to-moderate departure from biotic integrity reference conditions (BI <=2) (80% confidence interval) ,
1. Estimated % of BLM range acres with BI <= 2,1,BLM,2,88.66,1.48,0.02,86.77,90.56,BIOTIC INTEGRITY HAD NONE-TO-SLIGHT OR SLIGHT-TO-MODERATE DEPARTURE FROM REFERENCE CONDITIONS (BI <= 2),2018,Year,Percent of rangeland acres on BLM-administered lands,percent,Proportion of BLM rangelands with none-to-slight or slight-to-moderate departure from biotic integrity reference conditions (BI <=2) (80% confidence interval) ,1,Proportion of BLM rangelands with none-to-slight or slight-to-moderate departure from biotic integrity reference conditions (BI <=2) (80% confidence interval) ,
1. Estimated % of BLM range acres with BI <= 2,1,BLM,1,93.99,0.51,0.01,93.34,94.64,BIOTIC INTEGRITY HAD NONE-TO-SLIGHT OR SLIGHT-TO-MODERATE DEPARTURE FROM REFERENCE CONDITIONS (BI <= 2),2014,Year,Percent of rangeland acres on BLM-administered lands,percent,Proportion of BLM rangelands with none-to-slight or slight-to-moderate departure from biotic integrity reference conditions (BI <=2) (80% confidence interval) ,1,Proportion of BLM rangelands with none-to-slight or slight-to-moderate departure from biotic integrity reference conditions (BI <=2) (80% confidence interval) ,
1. Estimated % of BLM range acres with BI <= 2,1,BLM,2,79.47,1.82,0.02,77.15,81.80,BIOTIC INTEGRITY HAD NONE-TO-SLIGHT OR SLIGHT-TO-MODERATE DEPARTURE FROM REFERENCE CONDITIONS (BI <= 2),2014,Year,Percent of rangeland acres on BLM-administered lands,percent,Proportion of BLM rangelands with none-to-slight or slight-to-moderate departure from biotic integrity reference conditions (BI <=2) (80% confidence interval) ,1,Proportion of BLM rangelands with none-to-slight or slight-to-moderate departure from biotic integrity reference conditions (BI <=2) (80% confidence interval) ,
1. Estimated % of BLM range acres with BI <= 2,1,BLM,2,82.38,2.20,0.03,79.56,85.20,BIOTIC INTEGRITY HAD NONE-TO-SLIGHT OR SLIGHT-TO-MODERATE DEPARTURE FROM REFERENCE CONDITIONS (BI <= 2),2017,Year,Percent of rangeland acres on BLM-administered lands,percent,Proportion of BLM rangelands with none-to-slight or slight-to-moderate departure from biotic integrity reference conditions (BI <=2) (80% confidence interval) ,1,Proportion of BLM rangelands with none-to-slight or slight-to-moderate departure from biotic integrity reference conditions (BI <=2) (80% confidence interval) ,
1. Estimated % of BLM range acres with BI <= 2,1,BLM,NA,84.57,1.20,0.01,83.04,86.10,BIOTIC INTEGRITY HAD NONE-TO-SLIGHT OR SLIGHT-TO-MODERATE DEPARTURE FROM REFERENCE CONDITIONS (BI <= 2),2014,Year,Percent of rangeland acres on BLM-administered lands,percent,Proportion of BLM rangelands with none-to-slight or slight-to-moderate departure from biotic integrity reference conditions (BI <=2) (80% confidence interval) ,1,Proportion of BLM rangelands with none-to-slight or slight-to-moderate departure from biotic integrity reference conditions (BI <=2) (80% confidence interval) ,
1. Estimated % of BLM range acres with BI <= 2,1,BLM,NA,85.88,1.42,0.02,84.07,87.70,BIOTIC INTEGRITY HAD NONE-TO-SLIGHT OR SLIGHT-TO-MODERATE DEPARTURE FROM REFERENCE CONDITIONS (BI <= 2),2017,Year,Percent of rangeland acres on BLM-administered lands,percent,Proportion of BLM rangelands with none-to-slight or slight-to-moderate departure from biotic integrity reference conditions (BI <=2) (80% confidence interval) ,1,Proportion of BLM rangelands with none-to-slight or slight-to-moderate departure from biotic integrity reference conditions (BI <=2) (80% confidence interval) ,
1. Estimated % of BLM range acres with BI <= 2,1,BLM,NA,85.41,1.04,0.01,84.08,86.75,BIOTIC INTEGRITY HAD NONE-TO-SLIGHT OR SLIGHT-TO-MODERATE DEPARTURE FROM REFERENCE CONDITIONS (BI <= 2),2016,Year,Percent of rangeland acres on BLM-administered lands,percent,Proportion of BLM rangelands with none-to-slight or slight-to-moderate departure from biotic integrity reference conditions (BI <=2) (80% confidence interval) ,1,Proportion of BLM rangelands with none-to-slight or slight-to-moderate departure from biotic integrity reference conditions (BI <=2) (80% confidence interval) ,
1. Estimated % of BLM range acres with BI <= 2,1,BLM,2,92.52,1.85,0.02,90.14,94.89,BIOTIC INTEGRITY HAD NONE-TO-SLIGHT OR SLIGHT-TO-MODERATE DEPARTURE FROM REFERENCE CONDITIONS (BI <= 2),2019,Year,Percent of rangeland acres on BLM-administered lands,percent,Proportion of BLM rangelands with none-to-slight or slight-to-moderate departure from biotic integrity reference conditions (BI <=2) (80% confidence interval) ,1,Proportion of BLM rangelands with none-to-slight or slight-to-moderate departure from biotic integrity reference conditions (BI <=2) (80% confidence interval) ,
1. Estimated % of BLM range acres with BI <= 2,1,BLM,1,91.58,1.07,0.01,90.21,92.95,BIOTIC INTEGRITY HAD NONE-TO-SLIGHT OR SLIGHT-TO-MODERATE DEPARTURE FROM REFERENCE CONDITIONS (BI <= 2),2017,Year,Percent of rangeland acres on BLM-administered lands,percent,Proportion of BLM rangelands with none-to-slight or slight-to-moderate departure from biotic integrity reference conditions (BI <=2) (80% confidence interval) ,1,Proportion of BLM rangelands with none-to-slight or slight-to-moderate departure from biotic integrity reference conditions (BI <=2) (80% confidence interval) ,
10. Estimated % of BLM range acres with HF <= 2,5,BLM,1,90.11,1.07,0.01,88.74,91.48,HYDROLOGIC FUNCTION HAD NONE-TO-SLIGHT OR SLIGHT-TO-MODERATE DEPARTURE FROM REFERENCE CONDITIONS (HF <= 2),2012,Year,Percent of rangeland acres on BLM-administered lands ,percent,Proportion of BLM rangelands with none-to-slight or slight-to-moderate departure from hydrologic function reference conditions (HF <=2) (80% confidence interval) ,9,Proportion of BLM rangelands with none-to-slight or slight-to-moderate departure from hydrologic function reference conditions (HF <=2) (80% confidence interval) ,
10. Estimated % of BLM range acres with HF <= 2,5,BLM,NA,89.66,0.94,0.01,88.45,90.86,HYDROLOGIC FUNCTION HAD NONE-TO-SLIGHT OR SLIGHT-TO-MODERATE DEPARTURE FROM REFERENCE CONDITIONS (HF <= 2),2011,Year,Percent of rangeland acres on BLM-administered lands ,percent,Proportion of BLM rangelands with none-to-slight or slight-to-moderate departure from hydrologic function reference conditions (HF <=2) (80% confidence interval) ,9,Proportion of BLM rangelands with none-to-slight or slight-to-moderate departure from hydrologic function reference conditions (HF <=2) (80% confidence interval) ,
10. Estimated % of BLM range acres with HF <= 2,5,BLM,NA,89.97,1.15,0.01,88.50,91.44,HYDROLOGIC FUNCTION HAD NONE-TO-SLIGHT OR SLIGHT-TO-MODERATE DEPARTURE FROM REFERENCE CONDITIONS (HF <= 2),2014,Year,Percent of rangeland acres on BLM-administered lands ,percent,Proportion of BLM rangelands with none-to-slight or slight-to-moderate departure from hydrologic function reference conditions (HF <=2) (80% confidence interval) ,9,Proportion of BLM rangelands with none-to-slight or slight-to-moderate departure from hydrologic function reference conditions (HF <=2) (80% confidence interval) ,
10. Estimated % of BLM range acres with HF <= 2,5,BLM,NA,92.09,0.77,0.01,91.10,93.07,HYDROLOGIC FUNCTION HAD NONE-TO-SLIGHT OR SLIGHT-TO-MODERATE DEPARTURE FROM REFERENCE CONDITIONS (HF <= 2),2018,Year,Percent of rangeland acres on BLM-administered lands ,percent,Proportion of BLM rangelands with none-to-slight or slight-to-moderate departure from hydrologic function reference conditions (HF <=2) (80% confidence interval) ,9,Proportion of BLM rangelands with none-to-slight or slight-to-moderate departure from hydrologic function reference conditions (HF <=2) (80% confidence interval) ,
10. Estimated % of BLM range acres with HF <= 2,5,BLM,NA,85.16,1.50,0.02,83.23,87.09,HYDROLOGIC FUNCTION HAD NONE-TO-SLIGHT OR SLIGHT-TO-MODERATE DEPARTURE FROM REFERENCE CONDITIONS (HF <= 2),2012,Year,Percent of rangeland acres on BLM-administered lands ,percent,Proportion of BLM rangelands with none-to-slight or slight-to-moderate departure from hydrologic function reference conditions (HF <=2) (80% confidence interval) ,9,Proportion of BLM rangelands with none-to-slight or slight-to-moderate departure from hydrologic function reference conditions (HF <=2) (80% confidence interval) ,
10. Estimated % of BLM range acres with HF <= 2,5,BLM,NA,89.62,0.92,0.01,88.44,90.80,HYDROLOGIC FUNCTION HAD NONE-TO-SLIGHT OR SLIGHT-TO-MODERATE DEPARTURE FROM REFERENCE CONDITIONS (HF <= 2),2015,Year,Percent of rangeland acres on BLM-administered lands ,percent,Proportion of BLM rangelands with none-to-slight or slight-to-moderate departure from hydrologic function reference conditions (HF <=2) (80% confidence interval) ,9,Proportion of BLM rangelands with none-to-slight or slight-to-moderate departure from hydrologic function reference conditions (HF <=2) (80% confidence interval) ,
10. Estimated % of BLM range acres with HF <= 2,5,BLM,1,92.27,0.64,0.01,91.45,93.10,HYDROLOGIC FUNCTION HAD NONE-TO-SLIGHT OR SLIGHT-TO-MODERATE DEPARTURE FROM REFERENCE CONDITIONS (HF <= 2),2015,Year,Percent of rangeland acres on BLM-administered lands ,percent,Proportion of BLM rangelands with none-to-slight or slight-to-moderate departure from hydrologic function reference conditions (HF <=2) (80% confidence interval) ,9,Proportion of BLM rangelands with none-to-slight or slight-to-moderate departure from hydrologic function reference conditions (HF <=2) (80% confidence interval) ,
10. Estimated % of BLM range acres with HF <= 2,5,BLM,2,88.30,1.33,0.02,86.59,90.01,HYDROLOGIC FUNCTION HAD NONE-TO-SLIGHT OR SLIGHT-TO-MODERATE DEPARTURE FROM REFERENCE CONDITIONS (HF <= 2),2015,Year,Percent of rangeland acres on BLM-administered lands ,percent,Proportion of BLM rangelands with none-to-slight or slight-to-moderate departure from hydrologic function reference conditions (HF <=2) (80% confidence interval) ,9,Proportion of BLM rangelands with none-to-slight or slight-to-moderate departure from hydrologic function reference conditions (HF <=2) (80% confidence interval) ,
10. Estimated % of BLM range acres with HF <= 2,5,BLM,1,93.22,1.58,0.02,91.20,95.25,HYDROLOGIC FUNCTION HAD NONE-TO-SLIGHT OR SLIGHT-TO-MODERATE DEPARTURE FROM REFERENCE CONDITIONS (HF <= 2),2011,Year,Percent of rangeland acres on BLM-administered lands ,percent,Proportion of BLM rangelands with none-to-slight or slight-to-moderate departure from hydrologic function reference conditions (HF <=2) (80% confidence interval) ,9,Proportion of BLM rangelands with none-to-slight or slight-to-moderate departure from hydrologic function reference conditions (HF <=2) (80% confidence interval) ,
10. Estimated % of BLM range acres with HF <= 2,5,BLM,2,87.66,1.68,0.02,85.51,89.81,HYDROLOGIC FUNCTION HAD NONE-TO-SLIGHT OR SLIGHT-TO-MODERATE DEPARTURE FROM REFERENCE CONDITIONS (HF <= 2),2011,Year,Percent of rangeland acres on BLM-administered lands ,percent,Proportion of BLM rangelands with none-to-slight or slight-to-moderate departure from hydrologic function reference conditions (HF <=2) (80% confidence interval) ,9,Proportion of BLM rangelands with none-to-slight or slight-to-moderate departure from hydrologic function reference conditions (HF <=2) (80% confidence interval) ,
10. Estimated % of BLM range acres with HF <= 2,5,BLM,NA,94.48,0.89,0.01,93.34,95.62,HYDROLOGIC FUNCTION HAD NONE-TO-SLIGHT OR SLIGHT-TO-MODERATE DEPARTURE FROM REFERENCE CONDITIONS (HF <= 2),2019,Year,Percent of rangeland acres on BLM-administered lands ,percent,Proportion of BLM rangelands with none-to-slight or slight-to-moderate departure from hydrologic function reference conditions (HF <=2) (80% confidence interval) ,9,Proportion of BLM rangelands with none-to-slight or slight-to-moderate departure from hydrologic function reference conditions (HF <=2) (80% confidence interval) ,
10. Estimated % of BLM range acres with HF <= 2,5,BLM,1,98.35,0.63,0.01,97.55,99.15,HYDROLOGIC FUNCTION HAD NONE-TO-SLIGHT OR SLIGHT-TO-MODERATE DEPARTURE FROM REFERENCE CONDITIONS (HF <= 2),2019,Year,Percent of rangeland acres on BLM-administered lands ,percent,Proportion of BLM rangelands with none-to-slight or slight-to-moderate departure from hydrologic function reference conditions (HF <=2) (80% confidence interval) ,9,Proportion of BLM rangelands with none-to-slight or slight-to-moderate departure from hydrologic function reference conditions (HF <=2) (80% confidence interval) ,
10. Estimated % of BLM range acres with HF <= 2,5,BLM,1,93.11,0.81,0.01,92.08,94.15,HYDROLOGIC FUNCTION HAD NONE-TO-SLIGHT OR SLIGHT-TO-MODERATE DEPARTURE FROM REFERENCE CONDITIONS (HF <= 2),2018,Year,Percent of rangeland acres on BLM-administered lands ,percent,Proportion of BLM rangelands with none-to-slight or slight-to-moderate departure from hydrologic function reference conditions (HF <=2) (80% confidence interval) ,9,Proportion of BLM rangelands with none-to-slight or slight-to-moderate departure from hydrologic function reference conditions (HF <=2) (80% confidence interval) ,
10. Estimated % of BLM range acres with HF <= 2,5,BLM,2,91.47,1.27,0.01,89.85,93.09,HYDROLOGIC FUNCTION HAD NONE-TO-SLIGHT OR SLIGHT-TO-MODERATE DEPARTURE FROM REFERENCE CONDITIONS (HF <= 2),2018,Year,Percent of rangeland acres on BLM-administered lands ,percent,Proportion of BLM rangelands with none-to-slight or slight-to-moderate departure from hydrologic function reference conditions (HF <=2) (80% confidence interval) ,9,Proportion of BLM rangelands with none-to-slight or slight-to-moderate departure from hydrologic function reference conditions (HF <=2) (80% confidence interval) ,
10. Estimated % of BLM range acres with HF <= 2,5,BLM,NA,90.29,0.90,0.01,89.14,91.45,HYDROLOGIC FUNCTION HAD NONE-TO-SLIGHT OR SLIGHT-TO-MODERATE DEPARTURE FROM REFERENCE CONDITIONS (HF <= 2),2016,Year,Percent of rangeland acres on BLM-administered lands ,percent,Proportion of BLM rangelands with none-to-slight or slight-to-moderate departure from hydrologic function reference conditions (HF <=2) (80% confidence interval) ,9,Proportion of BLM rangelands with none-to-slight or slight-to-moderate departure from hydrologic function reference conditions (HF <=2) (80% confidence interval) ,
10. Estimated % of BLM range acres with HF <= 2,5,BLM,1,93.34,0.79,0.01,92.32,94.35,HYDROLOGIC FUNCTION HAD NONE-TO-SLIGHT OR SLIGHT-TO-MODERATE DEPARTURE FROM REFERENCE CONDITIONS (HF <= 2),2016,Year,Percent of rangeland acres on BLM-administered lands ,percent,Proportion of BLM rangelands with none-to-slight or slight-to-moderate departure from hydrologic function reference conditions (HF <=2) (80% confidence interval) ,9,Proportion of BLM rangelands with none-to-slight or slight-to-moderate departure from hydrologic function reference conditions (HF <=2) (80% confidence interval) ,
10. Estimated % of BLM range acres with HF <= 2,5,BLM,2,88.47,1.52,0.02,86.52,90.42,HYDROLOGIC FUNCTION HAD NONE-TO-SLIGHT OR SLIGHT-TO-MODERATE DEPARTURE FROM REFERENCE CONDITIONS (HF <= 2),2016,Year,Percent of rangeland acres on BLM-administered lands ,percent,Proportion of BLM rangelands with none-to-slight or slight-to-moderate departure from hydrologic function reference conditions (HF <=2) (80% confidence interval) ,9,Proportion of BLM rangelands with none-to-slight or slight-to-moderate departure from hydrologic function reference conditions (HF <=2) (80% confidence interval) ,
10. Estimated % of BLM range acres with HF <= 2,5,BLM,1,94.28,0.72,0.01,93.35,95.20,HYDROLOGIC FUNCTION HAD NONE-TO-SLIGHT OR SLIGHT-TO-MODERATE DEPARTURE FROM REFERENCE CONDITIONS (HF <= 2),2014,Year,Percent of rangeland acres on BLM-administered lands ,percent,Proportion of BLM rangelands with none-to-slight or slight-to-moderate departure from hydrologic function reference conditions (HF <=2) (80% confidence interval) ,9,Proportion of BLM rangelands with none-to-slight or slight-to-moderate departure from hydrologic function reference conditions (HF <=2) (80% confidence interval) ,
10. Estimated % of BLM range acres with HF <= 2,5,BLM,2,82.10,2.23,0.03,79.25,84.96,HYDROLOGIC FUNCTION HAD NONE-TO-SLIGHT OR SLIGHT-TO-MODERATE DEPARTURE FROM REFERENCE CONDITIONS (HF <= 2),2012,Year,Percent of rangeland acres on BLM-administered lands ,percent,Proportion of BLM rangelands with none-to-slight or slight-to-moderate departure from hydrologic function reference conditions (HF <=2) (80% confidence interval) ,9,Proportion of BLM rangelands with none-to-slight or slight-to-moderate departure from hydrologic function reference conditions (HF <=2) (80% confidence interval) ,
10. Estimated % of BLM range acres with HF <= 2,5,BLM,1,96.56,0.76,0.01,95.59,97.53,HYDROLOGIC FUNCTION HAD NONE-TO-SLIGHT OR SLIGHT-TO-MODERATE DEPARTURE FROM REFERENCE CONDITIONS (HF <= 2),2017,Year,Percent of rangeland acres on BLM-administered lands ,percent,Proportion of BLM rangelands with none-to-slight or slight-to-moderate departure from hydrologic function reference conditions (HF <=2) (80% confidence interval) ,9,Proportion of BLM rangelands with none-to-slight or slight-to-moderate departure from hydrologic function reference conditions (HF <=2) (80% confidence interval) ,
10. Estimated % of BLM range acres with HF <= 2,5,BLM,2,90.98,1.72,0.02,88.78,93.19,HYDROLOGIC FUNCTION HAD NONE-TO-SLIGHT OR SLIGHT-TO-MODERATE DEPARTURE FROM REFERENCE CONDITIONS (HF <= 2),2017,Year,Percent of rangeland acres on BLM-administered lands ,percent,Proportion of BLM rangelands with none-to-slight or slight-to-moderate departure from hydrologic function reference conditions (HF <=2) (80% confidence interval) ,9,Proportion of BLM rangelands with none-to-slight or slight-to-moderate departure from hydrologic function reference conditions (HF <=2) (80% confidence interval) ,
10. Estimated % of BLM range acres with HF <= 2,5,BLM,2,92.09,1.31,0.01,90.40,93.77,HYDROLOGIC FUNCTION HAD NONE-TO-SLIGHT OR SLIGHT-TO-MODERATE DEPARTURE FROM REFERENCE CONDITIONS (HF <= 2),2019,Year,Percent of rangeland acres on BLM-administered lands ,percent,Proportion of BLM rangelands with none-to-slight or slight-to-moderate departure from hydrologic function reference conditions (HF <=2) (80% confidence interval) ,9,Proportion of BLM rangelands with none-to-slight or slight-to-moderate departure from hydrologic function reference conditions (HF <=2) (80% confidence interval) ,
10. Estimated % of BLM range acres with HF <= 2,5,BLM,NA,93.10,1.17,0.01,91.61,94.60,HYDROLOGIC FUNCTION HAD NONE-TO-SLIGHT OR SLIGHT-TO-MODERATE DEPARTURE FROM REFERENCE CONDITIONS (HF <= 2),2017,Year,Percent of rangeland acres on BLM-administered lands ,percent,Proportion of BLM rangelands with none-to-slight or slight-to-moderate departure from hydrologic function reference conditions (HF <=2) (80% confidence interval) ,9,Proportion of BLM rangelands with none-to-slight or slight-to-moderate departure from hydrologic function reference conditions (HF <=2) (80% confidence interval) ,
10. Estimated % of BLM range acres with HF <= 2,5,BLM,2,87.64,1.81,0.02,85.32,89.96,HYDROLOGIC FUNCTION HAD NONE-TO-SLIGHT OR SLIGHT-TO-MODERATE DEPARTURE FROM REFERENCE CONDITIONS (HF <= 2),2014,Year,Percent of rangeland acres on BLM-administered lands ,percent,Proportion of BLM rangelands with none-to-slight or slight-to-moderate departure from hydrologic function reference conditions (HF <=2) (80% confidence interval) ,9,Proportion of BLM rangelands with none-to-slight or slight-to-moderate departure from hydrologic function reference conditions (HF <=2) (80% confidence interval) ,
12. Estimated BLM range acres with HF <= 2,5,BLM,1,47189911.00,860460.00,0.02,46087186.00,48292635.00,HYDROLOGIC FUNCTION HAD NONE-TO-SLIGHT OR SLIGHT-TO-MODERATE DEPARTURE FROM REFERENCE CONDITIONS (HF <= 2),2012,Year,BLM rangeland acres (millions),acres,BLM rangeland acres (millions) with none-to-slight or slight-to-moderate departure from hydrologic function reference conditions (HF <=2) ,10,BLM rangeland acres (millions) with none-to-slight or slight-to-moderate departure from hydrologic function reference conditions (HF <=2) ,
12. Estimated BLM range acres with HF <= 2,5,BLM,2,69650068.00,2396871.00,0.03,66578355.00,72721782.00,HYDROLOGIC FUNCTION HAD NONE-TO-SLIGHT OR SLIGHT-TO-MODERATE DEPARTURE FROM REFERENCE CONDITIONS (HF <= 2),2012,Year,BLM rangeland acres (millions),acres,BLM rangeland acres (millions) with none-to-slight or slight-to-moderate departure from hydrologic function reference conditions (HF <=2) ,10,BLM rangeland acres (millions) with none-to-slight or slight-to-moderate departure from hydrologic function reference conditions (HF <=2) ,
12. Estimated BLM range acres with HF <= 2,5,BLM,1,45660044.00,2941357.00,0.06,41889224.00,49430864.00,HYDROLOGIC FUNCTION HAD NONE-TO-SLIGHT OR SLIGHT-TO-MODERATE DEPARTURE FROM REFERENCE CONDITIONS (HF <= 2),2011,Year,BLM rangeland acres (millions),acres,BLM rangeland acres (millions) with none-to-slight or slight-to-moderate departure from hydrologic function reference conditions (HF <=2) ,10,BLM rangeland acres (millions) with none-to-slight or slight-to-moderate departure from hydrologic function reference conditions (HF <=2) ,
12. Estimated BLM range acres with HF <= 2,5,BLM,NA,116839979.00,2438159.00,0.02,113715352.00,119964606.00,HYDROLOGIC FUNCTION HAD NONE-TO-SLIGHT OR SLIGHT-TO-MODERATE DEPARTURE FROM REFERENCE CONDITIONS (HF <= 2),2012,Year,BLM rangeland acres (millions),acres,BLM rangeland acres (millions) with none-to-slight or slight-to-moderate departure from hydrologic function reference conditions (HF <=2) ,10,BLM rangeland acres (millions) with none-to-slight or slight-to-moderate departure from hydrologic function reference conditions (HF <=2) ,
12. Estimated BLM range acres with HF <= 2,5,BLM,NA,133065648.00,2171289.00,0.02,130283030.00,135848267.00,HYDROLOGIC FUNCTION HAD NONE-TO-SLIGHT OR SLIGHT-TO-MODERATE DEPARTURE FROM REFERENCE CONDITIONS (HF <= 2),2014,Year,BLM rangeland acres (millions),acres,BLM rangeland acres (millions) with none-to-slight or slight-to-moderate departure from hydrologic function reference conditions (HF <=2) ,10,BLM rangeland acres (millions) with none-to-slight or slight-to-moderate departure from hydrologic function reference conditions (HF <=2) ,
12. Estimated BLM range acres with HF <= 2,5,BLM,NA,128209516.00,2946183.00,0.02,124433831.00,131985202.00,HYDROLOGIC FUNCTION HAD NONE-TO-SLIGHT OR SLIGHT-TO-MODERATE DEPARTURE FROM REFERENCE CONDITIONS (HF <= 2),2017,Year,BLM rangeland acres (millions),acres,BLM rangeland acres (millions) with none-to-slight or slight-to-moderate departure from hydrologic function reference conditions (HF <=2) ,10,BLM rangeland acres (millions) with none-to-slight or slight-to-moderate departure from hydrologic function reference conditions (HF <=2) ,
12. Estimated BLM range acres with HF <= 2,5,BLM,NA,125629681.00,1848742.00,0.02,123260422.00,127998939.00,HYDROLOGIC FUNCTION HAD NONE-TO-SLIGHT OR SLIGHT-TO-MODERATE DEPARTURE FROM REFERENCE CONDITIONS (HF <= 2),2016,Year,BLM rangeland acres (millions),acres,BLM rangeland acres (millions) with none-to-slight or slight-to-moderate departure from hydrologic function reference conditions (HF <=2) ,10,BLM rangeland acres (millions) with none-to-slight or slight-to-moderate departure from hydrologic function reference conditions (HF <=2) ,
12. Estimated BLM range acres with HF <= 2,5,BLM,2,76643133.00,4503534.00,0.06,70869602.00,82416664.00,HYDROLOGIC FUNCTION HAD NONE-TO-SLIGHT OR SLIGHT-TO-MODERATE DEPARTURE FROM REFERENCE CONDITIONS (HF <= 2),2011,Year,BLM rangeland acres (millions),acres,BLM rangeland acres (millions) with none-to-slight or slight-to-moderate departure from hydrologic function reference conditions (HF <=2) ,10,BLM rangeland acres (millions) with none-to-slight or slight-to-moderate departure from hydrologic function reference conditions (HF <=2) ,
12. Estimated BLM range acres with HF <= 2,5,BLM,NA,129098766.00,2042987.00,0.02,126480573.00,131716959.00,HYDROLOGIC FUNCTION HAD NONE-TO-SLIGHT OR SLIGHT-TO-MODERATE DEPARTURE FROM REFERENCE CONDITIONS (HF <= 2),2019,Year,BLM rangeland acres (millions),acres,BLM rangeland acres (millions) with none-to-slight or slight-to-moderate departure from hydrologic function reference conditions (HF <=2) ,10,BLM rangeland acres (millions) with none-to-slight or slight-to-moderate departure from hydrologic function reference conditions (HF <=2) ,
12. Estimated BLM range acres with HF <= 2,5,BLM,1,48928746.00,535570.00,0.01,48242386.00,49615106.00,HYDROLOGIC FUNCTION HAD NONE-TO-SLIGHT OR SLIGHT-TO-MODERATE DEPARTURE FROM REFERENCE CONDITIONS (HF <= 2),2014,Year,BLM rangeland acres (millions),acres,BLM rangeland acres (millions) with none-to-slight or slight-to-moderate departure from hydrologic function reference conditions (HF <=2) ,10,BLM rangeland acres (millions) with none-to-slight or slight-to-moderate departure from hydrologic function reference conditions (HF <=2) ,
12. Estimated BLM range acres with HF <= 2,5,BLM,2,84136902.00,2137967.00,0.03,81396988.00,86876817.00,HYDROLOGIC FUNCTION HAD NONE-TO-SLIGHT OR SLIGHT-TO-MODERATE DEPARTURE FROM REFERENCE CONDITIONS (HF <= 2),2014,Year,BLM rangeland acres (millions),acres,BLM rangeland acres (millions) with none-to-slight or slight-to-moderate departure from hydrologic function reference conditions (HF <=2) ,10,BLM rangeland acres (millions) with none-to-slight or slight-to-moderate departure from hydrologic function reference conditions (HF <=2) ,
12. Estimated BLM range acres with HF <= 2,5,BLM,NA,122303177.00,3587728.00,0.03,117703710.00,126902645.00,HYDROLOGIC FUNCTION HAD NONE-TO-SLIGHT OR SLIGHT-TO-MODERATE DEPARTURE FROM REFERENCE CONDITIONS (HF <= 2),2011,Year,BLM rangeland acres (millions),acres,BLM rangeland acres (millions) with none-to-slight or slight-to-moderate departure from hydrologic function reference conditions (HF <=2) ,10,BLM rangeland acres (millions) with none-to-slight or slight-to-moderate departure from hydrologic function reference conditions (HF <=2) ,
12. Estimated BLM range acres with HF <= 2,5,BLM,NA,120022162.00,1965609.00,0.02,117503132.00,122541191.00,HYDROLOGIC FUNCTION HAD NONE-TO-SLIGHT OR SLIGHT-TO-MODERATE DEPARTURE FROM REFERENCE CONDITIONS (HF <= 2),2015,Year,BLM rangeland acres (millions),acres,BLM rangeland acres (millions) with none-to-slight or slight-to-moderate departure from hydrologic function reference conditions (HF <=2) ,10,BLM rangeland acres (millions) with none-to-slight or slight-to-moderate departure from hydrologic function reference conditions (HF <=2) ,
12. Estimated BLM range acres with HF <= 2,5,BLM,NA,127344839.00,2675420.00,0.02,123916150.00,130773529.00,HYDROLOGIC FUNCTION HAD NONE-TO-SLIGHT OR SLIGHT-TO-MODERATE DEPARTURE FROM REFERENCE CONDITIONS (HF <= 2),2018,Year,BLM rangeland acres (millions),acres,BLM rangeland acres (millions) with none-to-slight or slight-to-moderate departure from hydrologic function reference conditions (HF <=2) ,10,BLM rangeland acres (millions) with none-to-slight or slight-to-moderate departure from hydrologic function reference conditions (HF <=2) ,
12. Estimated BLM range acres with HF <= 2,5,BLM,1,48342502.00,630813.00,0.01,47534083.00,49150921.00,HYDROLOGIC FUNCTION HAD NONE-TO-SLIGHT OR SLIGHT-TO-MODERATE DEPARTURE FROM REFERENCE CONDITIONS (HF <= 2),2018,Year,BLM rangeland acres (millions),acres,BLM rangeland acres (millions) with none-to-slight or slight-to-moderate departure from hydrologic function reference conditions (HF <=2) ,10,BLM rangeland acres (millions) with none-to-slight or slight-to-moderate departure from hydrologic function reference conditions (HF <=2) ,
12. Estimated BLM range acres with HF <= 2,5,BLM,2,79002338.00,2777460.00,0.04,75442879.00,82561796.00,HYDROLOGIC FUNCTION HAD NONE-TO-SLIGHT OR SLIGHT-TO-MODERATE DEPARTURE FROM REFERENCE CONDITIONS (HF <= 2),2018,Year,BLM rangeland acres (millions),acres,BLM rangeland acres (millions) with none-to-slight or slight-to-moderate departure from hydrologic function reference conditions (HF <=2) ,10,BLM rangeland acres (millions) with none-to-slight or slight-to-moderate departure from hydrologic function reference conditions (HF <=2) ,
12. Estimated BLM range acres with HF <= 2,5,BLM,1,41090488.00,526741.00,0.01,40415443.00,41765534.00,HYDROLOGIC FUNCTION HAD NONE-TO-SLIGHT OR SLIGHT-TO-MODERATE DEPARTURE FROM REFERENCE CONDITIONS (HF <= 2),2015,Year,BLM rangeland acres (millions),acres,BLM rangeland acres (millions) with none-to-slight or slight-to-moderate departure from hydrologic function reference conditions (HF <=2) ,10,BLM rangeland acres (millions) with none-to-slight or slight-to-moderate departure from hydrologic function reference conditions (HF <=2) ,
12. Estimated BLM range acres with HF <= 2,5,BLM,2,78931673.00,1853307.00,0.02,76556565.00,81306781.00,HYDROLOGIC FUNCTION HAD NONE-TO-SLIGHT OR SLIGHT-TO-MODERATE DEPARTURE FROM REFERENCE CONDITIONS (HF <= 2),2015,Year,BLM rangeland acres (millions),acres,BLM rangeland acres (millions) with none-to-slight or slight-to-moderate departure from hydrologic function reference conditions (HF <=2) ,10,BLM rangeland acres (millions) with none-to-slight or slight-to-moderate departure from hydrologic function reference conditions (HF <=2) ,
12. Estimated BLM range acres with HF <= 2,5,BLM,2,77812882.00,2005800.00,0.03,75242346.00,80383418.00,HYDROLOGIC FUNCTION HAD NONE-TO-SLIGHT OR SLIGHT-TO-MODERATE DEPARTURE FROM REFERENCE CONDITIONS (HF <= 2),2019,Year,BLM rangeland acres (millions),acres,BLM rangeland acres (millions) with none-to-slight or slight-to-moderate departure from hydrologic function reference conditions (HF <=2) ,10,BLM rangeland acres (millions) with none-to-slight or slight-to-moderate departure from hydrologic function reference conditions (HF <=2) ,
12. Estimated BLM range acres with HF <= 2,5,BLM,1,50613182.00,491230.00,0.01,49983645.00,51242719.00,HYDROLOGIC FUNCTION HAD NONE-TO-SLIGHT OR SLIGHT-TO-MODERATE DEPARTURE FROM REFERENCE CONDITIONS (HF <= 2),2017,Year,BLM rangeland acres (millions),acres,BLM rangeland acres (millions) with none-to-slight or slight-to-moderate departure from hydrologic function reference conditions (HF <=2) ,10,BLM rangeland acres (millions) with none-to-slight or slight-to-moderate departure from hydrologic function reference conditions (HF <=2) ,
12. Estimated BLM range acres with HF <= 2,5,BLM,1,51285884.00,831447.00,0.02,50220342.00,52351426.00,HYDROLOGIC FUNCTION HAD NONE-TO-SLIGHT OR SLIGHT-TO-MODERATE DEPARTURE FROM REFERENCE CONDITIONS (HF <= 2),2019,Year,BLM rangeland acres (millions),acres,BLM rangeland acres (millions) with none-to-slight or slight-to-moderate departure from hydrologic function reference conditions (HF <=2) ,10,BLM rangeland acres (millions) with none-to-slight or slight-to-moderate departure from hydrologic function reference conditions (HF <=2) ,
12. Estimated BLM range acres with HF <= 2,5,BLM,2,76990598.00,1666946.00,0.02,74854320.00,79126876.00,HYDROLOGIC FUNCTION HAD NONE-TO-SLIGHT OR SLIGHT-TO-MODERATE DEPARTURE FROM REFERENCE CONDITIONS (HF <= 2),2016,Year,BLM rangeland acres (millions),acres,BLM rangeland acres (millions) with none-to-slight or slight-to-moderate departure from hydrologic function reference conditions (HF <=2) ,10,BLM rangeland acres (millions) with none-to-slight or slight-to-moderate departure from hydrologic function reference conditions (HF <=2) ,
12. Estimated BLM range acres with HF <= 2,5,BLM,1,48639082.00,661976.00,0.01,47790726.00,49487439.00,HYDROLOGIC FUNCTION HAD NONE-TO-SLIGHT OR SLIGHT-TO-MODERATE DEPARTURE FROM REFERENCE CONDITIONS (HF <= 2),2016,Year,BLM rangeland acres (millions),acres,BLM rangeland acres (millions) with none-to-slight or slight-to-moderate departure from hydrologic function reference conditions (HF <=2) ,10,BLM rangeland acres (millions) with none-to-slight or slight-to-moderate departure from hydrologic function reference conditions (HF <=2) ,
12. Estimated BLM range acres with HF <= 2,5,BLM,2,77596335.00,2937581.00,0.04,73831673.00,81360996.00,HYDROLOGIC FUNCTION HAD NONE-TO-SLIGHT OR SLIGHT-TO-MODERATE DEPARTURE FROM REFERENCE CONDITIONS (HF <= 2),2017,Year,BLM rangeland acres (millions),acres,BLM rangeland acres (millions) with none-to-slight or slight-to-moderate departure from hydrologic function reference conditions (HF <=2) ,10,BLM rangeland acres (millions) with none-to-slight or slight-to-moderate departure from hydrologic function reference conditions (HF <=2) ,
13. Estimated % of BLM range acres with HF = 3,6,BLM,2,13.50,2.37,0.18,10.46,16.53,HYDROLOGIC FUNCTION HAD MODERATE DEPARTURE FROM REFERENCE CONDITIONS (HF = 3),2012,Year,Percent of rangeland acres on BLM-administered lands ,percent,Proportion of BLM rangelands with moderate departure from hydrologic function reference conditions (HF = 3) (80% confidence interval) ,11,Proportion of BLM rangelands with moderate departure from hydrologic function reference conditions (HF = 3) (80% confidence interval) ,
13. Estimated % of BLM range acres with HF = 3,6,BLM,1,7.93,1.06,0.13,6.57,9.29,HYDROLOGIC FUNCTION HAD MODERATE DEPARTURE FROM REFERENCE CONDITIONS (HF = 3),2012,Year,Percent of rangeland acres on BLM-administered lands ,percent,Proportion of BLM rangelands with moderate departure from hydrologic function reference conditions (HF = 3) (80% confidence interval) ,11,Proportion of BLM rangelands with moderate departure from hydrologic function reference conditions (HF = 3) (80% confidence interval) ,
13. Estimated % of BLM range acres with HF = 3,6,BLM,NA,11.37,1.59,0.14,9.33,13.41,HYDROLOGIC FUNCTION HAD MODERATE DEPARTURE FROM REFERENCE CONDITIONS (HF = 3),2012,Year,Percent of rangeland acres on BLM-administered lands ,percent,Proportion of BLM rangelands with moderate departure from hydrologic function reference conditions (HF = 3) (80% confidence interval) ,11,Proportion of BLM rangelands with moderate departure from hydrologic function reference conditions (HF = 3) (80% confidence interval) ,
13. Estimated % of BLM range acres with HF = 3,6,BLM,2,10.11,1.42,0.14,8.28,11.93,HYDROLOGIC FUNCTION HAD MODERATE DEPARTURE FROM REFERENCE CONDITIONS (HF = 3),2014,Year,Percent of rangeland acres on BLM-administered lands ,percent,Proportion of BLM rangelands with moderate departure from hydrologic function reference conditions (HF = 3) (80% confidence interval) ,11,Proportion of BLM rangelands with moderate departure from hydrologic function reference conditions (HF = 3) (80% confidence interval) ,
13. Estimated % of BLM range acres with HF = 3,6,BLM,NA,4.08,0.88,0.22,2.95,5.21,HYDROLOGIC FUNCTION HAD MODERATE DEPARTURE FROM REFERENCE CONDITIONS (HF = 3),2019,Year,Percent of rangeland acres on BLM-administered lands ,percent,Proportion of BLM rangelands with moderate departure from hydrologic function reference conditions (HF = 3) (80% confidence interval) ,11,Proportion of BLM rangelands with moderate departure from hydrologic function reference conditions (HF = 3) (80% confidence interval) ,
13. Estimated % of BLM range acres with HF = 3,6,BLM,2,8.66,1.22,0.14,7.10,10.22,HYDROLOGIC FUNCTION HAD MODERATE DEPARTURE FROM REFERENCE CONDITIONS (HF = 3),2015,Year,Percent of rangeland acres on BLM-administered lands ,percent,Proportion of BLM rangelands with moderate departure from hydrologic function reference conditions (HF = 3) (80% confidence interval) ,11,Proportion of BLM rangelands with moderate departure from hydrologic function reference conditions (HF = 3) (80% confidence interval) ,
13. Estimated % of BLM range acres with HF = 3,6,BLM,1,6.56,1.48,0.23,4.66,8.46,HYDROLOGIC FUNCTION HAD MODERATE DEPARTURE FROM REFERENCE CONDITIONS (HF = 3),2011,Year,Percent of rangeland acres on BLM-administered lands ,percent,Proportion of BLM rangelands with moderate departure from hydrologic function reference conditions (HF = 3) (80% confidence interval) ,11,Proportion of BLM rangelands with moderate departure from hydrologic function reference conditions (HF = 3) (80% confidence interval) ,
13. Estimated % of BLM range acres with HF = 3,6,BLM,2,7.79,1.55,0.20,5.80,9.78,HYDROLOGIC FUNCTION HAD MODERATE DEPARTURE FROM REFERENCE CONDITIONS (HF = 3),2011,Year,Percent of rangeland acres on BLM-administered lands ,percent,Proportion of BLM rangelands with moderate departure from hydrologic function reference conditions (HF = 3) (80% confidence interval) ,11,Proportion of BLM rangelands with moderate departure from hydrologic function reference conditions (HF = 3) (80% confidence interval) ,
13. Estimated % of BLM range acres with HF = 3,6,BLM,NA,7.20,0.66,0.09,6.36,8.05,HYDROLOGIC FUNCTION HAD MODERATE DEPARTURE FROM REFERENCE CONDITIONS (HF = 3),2016,Year,Percent of rangeland acres on BLM-administered lands ,percent,Proportion of BLM rangelands with moderate departure from hydrologic function reference conditions (HF = 3) (80% confidence interval) ,11,Proportion of BLM rangelands with moderate departure from hydrologic function reference conditions (HF = 3) (80% confidence interval) ,
13. Estimated % of BLM range acres with HF = 3,6,BLM,1,6.23,0.63,0.10,5.42,7.05,HYDROLOGIC FUNCTION HAD MODERATE DEPARTURE FROM REFERENCE CONDITIONS (HF = 3),2015,Year,Percent of rangeland acres on BLM-administered lands ,percent,Proportion of BLM rangelands with moderate departure from hydrologic function reference conditions (HF = 3) (80% confidence interval) ,11,Proportion of BLM rangelands with moderate departure from hydrologic function reference conditions (HF = 3) (80% confidence interval) ,
13. Estimated % of BLM range acres with HF = 3,6,BLM,1,4.62,0.61,0.13,3.85,5.40,HYDROLOGIC FUNCTION HAD MODERATE DEPARTURE FROM REFERENCE CONDITIONS (HF = 3),2014,Year,Percent of rangeland acres on BLM-administered lands ,percent,Proportion of BLM rangelands with moderate departure from hydrologic function reference conditions (HF = 3) (80% confidence interval) ,11,Proportion of BLM rangelands with moderate departure from hydrologic function reference conditions (HF = 3) (80% confidence interval) ,
13. Estimated % of BLM range acres with HF = 3,6,BLM,NA,7.85,0.88,0.11,6.72,8.98,HYDROLOGIC FUNCTION HAD MODERATE DEPARTURE FROM REFERENCE CONDITIONS (HF = 3),2015,Year,Percent of rangeland acres on BLM-administered lands ,percent,Proportion of BLM rangelands with moderate departure from hydrologic function reference conditions (HF = 3) (80% confidence interval) ,11,Proportion of BLM rangelands with moderate departure from hydrologic function reference conditions (HF = 3) (80% confidence interval) ,
13. Estimated % of BLM range acres with HF = 3,6,BLM,2,5.45,1.30,0.24,3.79,7.12,HYDROLOGIC FUNCTION HAD MODERATE DEPARTURE FROM REFERENCE CONDITIONS (HF = 3),2017,Year,Percent of rangeland acres on BLM-administered lands ,percent,Proportion of BLM rangelands with moderate departure from hydrologic function reference conditions (HF = 3) (80% confidence interval) ,11,Proportion of BLM rangelands with moderate departure from hydrologic function reference conditions (HF = 3) (80% confidence interval) ,
13. Estimated % of BLM range acres with HF = 3,6,BLM,1,3.34,0.72,0.22,2.42,4.26,HYDROLOGIC FUNCTION HAD MODERATE DEPARTURE FROM REFERENCE CONDITIONS (HF = 3),2017,Year,Percent of rangeland acres on BLM-administered lands ,percent,Proportion of BLM rangelands with moderate departure from hydrologic function reference conditions (HF = 3) (80% confidence interval) ,11,Proportion of BLM rangelands with moderate departure from hydrologic function reference conditions (HF = 3) (80% confidence interval) ,
13. Estimated % of BLM range acres with HF = 3,6,BLM,2,8.04,1.10,0.14,6.64,9.45,HYDROLOGIC FUNCTION HAD MODERATE DEPARTURE FROM REFERENCE CONDITIONS (HF = 3),2016,Year,Percent of rangeland acres on BLM-administered lands ,percent,Proportion of BLM rangelands with moderate departure from hydrologic function reference conditions (HF = 3) (80% confidence interval) ,11,Proportion of BLM rangelands with moderate departure from hydrologic function reference conditions (HF = 3) (80% confidence interval) ,
13. Estimated % of BLM range acres with HF = 3,6,BLM,NA,7.35,0.94,0.13,6.14,8.56,HYDROLOGIC FUNCTION HAD MODERATE DEPARTURE FROM REFERENCE CONDITIONS (HF = 3),2011,Year,Percent of rangeland acres on BLM-administered lands ,percent,Proportion of BLM rangelands with moderate departure from hydrologic function reference conditions (HF = 3) (80% confidence interval) ,11,Proportion of BLM rangelands with moderate departure from hydrologic function reference conditions (HF = 3) (80% confidence interval) ,
13. Estimated % of BLM range acres with HF = 3,6,BLM,NA,4.65,0.87,0.19,3.53,5.76,HYDROLOGIC FUNCTION HAD MODERATE DEPARTURE FROM REFERENCE CONDITIONS (HF = 3),2017,Year,Percent of rangeland acres on BLM-administered lands ,percent,Proportion of BLM rangelands with moderate departure from hydrologic function reference conditions (HF = 3) (80% confidence interval) ,11,Proportion of BLM rangelands with moderate departure from hydrologic function reference conditions (HF = 3) (80% confidence interval) ,
13. Estimated % of BLM range acres with HF = 3,6,BLM,1,6.69,0.83,0.12,5.62,7.75,HYDROLOGIC FUNCTION HAD MODERATE DEPARTURE FROM REFERENCE CONDITIONS (HF = 3),2018,Year,Percent of rangeland acres on BLM-administered lands ,percent,Proportion of BLM rangelands with moderate departure from hydrologic function reference conditions (HF = 3) (80% confidence interval) ,11,Proportion of BLM rangelands with moderate departure from hydrologic function reference conditions (HF = 3) (80% confidence interval) ,
13. Estimated % of BLM range acres with HF = 3,6,BLM,1,1.65,0.63,0.38,0.85,2.45,HYDROLOGIC FUNCTION HAD MODERATE DEPARTURE FROM REFERENCE CONDITIONS (HF = 3),2019,Year,Percent of rangeland acres on BLM-administered lands ,percent,Proportion of BLM rangelands with moderate departure from hydrologic function reference conditions (HF = 3) (80% confidence interval) ,11,Proportion of BLM rangelands with moderate departure from hydrologic function reference conditions (HF = 3) (80% confidence interval) ,
13. Estimated % of BLM range acres with HF = 3,6,BLM,NA,8.18,0.93,0.11,6.99,9.37,HYDROLOGIC FUNCTION HAD MODERATE DEPARTURE FROM REFERENCE CONDITIONS (HF = 3),2014,Year,Percent of rangeland acres on BLM-administered lands ,percent,Proportion of BLM rangelands with moderate departure from hydrologic function reference conditions (HF = 3) (80% confidence interval) ,11,Proportion of BLM rangelands with moderate departure from hydrologic function reference conditions (HF = 3) (80% confidence interval) ,
13. Estimated % of BLM range acres with HF = 3,6,BLM,NA,6.74,0.64,0.10,5.92,7.56,HYDROLOGIC FUNCTION HAD MODERATE DEPARTURE FROM REFERENCE CONDITIONS (HF = 3),2018,Year,Percent of rangeland acres on BLM-administered lands ,percent,Proportion of BLM rangelands with moderate departure from hydrologic function reference conditions (HF = 3) (80% confidence interval) ,11,Proportion of BLM rangelands with moderate departure from hydrologic function reference conditions (HF = 3) (80% confidence interval) ,
13. Estimated % of BLM range acres with HF = 3,6,BLM,1,5.81,0.80,0.14,4.79,6.83,HYDROLOGIC FUNCTION HAD MODERATE DEPARTURE FROM REFERENCE CONDITIONS (HF = 3),2016,Year,Percent of rangeland acres on BLM-administered lands ,percent,Proportion of BLM rangelands with moderate departure from hydrologic function reference conditions (HF = 3) (80% confidence interval) ,11,Proportion of BLM rangelands with moderate departure from hydrologic function reference conditions (HF = 3) (80% confidence interval) ,
13. Estimated % of BLM range acres with HF = 3,6,BLM,2,5.58,1.32,0.24,3.89,7.27,HYDROLOGIC FUNCTION HAD MODERATE DEPARTURE FROM REFERENCE CONDITIONS (HF = 3),2019,Year,Percent of rangeland acres on BLM-administered lands ,percent,Proportion of BLM rangelands with moderate departure from hydrologic function reference conditions (HF = 3) (80% confidence interval) ,11,Proportion of BLM rangelands with moderate departure from hydrologic function reference conditions (HF = 3) (80% confidence interval) ,
13. Estimated % of BLM range acres with HF = 3,6,BLM,2,6.77,0.97,0.14,5.53,8.01,HYDROLOGIC FUNCTION HAD MODERATE DEPARTURE FROM REFERENCE CONDITIONS (HF = 3),2018,Year,Percent of rangeland acres on BLM-administered lands ,percent,Proportion of BLM rangelands with moderate departure from hydrologic function reference conditions (HF = 3) (80% confidence interval) ,11,Proportion of BLM rangelands with moderate departure from hydrologic function reference conditions (HF = 3) (80% confidence interval) ,
15. Estimated BLM range acres with HF = 3,6,BLM,2,9702001.00,1374314.00,0.14,7940747.00,11463255.00,HYDROLOGIC FUNCTION HAD MODERATE DEPARTURE FROM REFERENCE CONDITIONS (HF = 3),2014,Year,BLM rangeland acres (millions),acres,BLM rangeland acres (millions) with moderate departure from hydrologic function reference conditions (HF = 3),12,BLM rangeland acres (millions) with moderate departure from hydrologic function reference conditions (HF = 3),
15. Estimated BLM range acres with HF = 3,6,BLM,NA,15600769.00,2280383.00,0.15,12678341.00,18523197.00,HYDROLOGIC FUNCTION HAD MODERATE DEPARTURE FROM REFERENCE CONDITIONS (HF = 3),2012,Year,BLM rangeland acres (millions),acres,BLM rangeland acres (millions) with moderate departure from hydrologic function reference conditions (HF = 3),12,BLM rangeland acres (millions) with moderate departure from hydrologic function reference conditions (HF = 3),
15. Estimated BLM range acres with HF = 3,6,BLM,1,4151924.00,571713.00,0.14,3419245.00,4884604.00,HYDROLOGIC FUNCTION HAD MODERATE DEPARTURE FROM REFERENCE CONDITIONS (HF = 3),2012,Year,BLM rangeland acres (millions),acres,BLM rangeland acres (millions) with moderate departure from hydrologic function reference conditions (HF = 3),12,BLM rangeland acres (millions) with moderate departure from hydrologic function reference conditions (HF = 3),
15. Estimated BLM range acres with HF = 3,6,BLM,NA,10515249.00,1211070.00,0.12,8963201.00,12067297.00,HYDROLOGIC FUNCTION HAD MODERATE DEPARTURE FROM REFERENCE CONDITIONS (HF = 3),2015,Year,BLM rangeland acres (millions),acres,BLM rangeland acres (millions) with moderate departure from hydrologic function reference conditions (HF = 3),12,BLM rangeland acres (millions) with moderate departure from hydrologic function reference conditions (HF = 3),
15. Estimated BLM range acres with HF = 3,6,BLM,2,7739198.00,1138849.00,0.15,6279704.00,9198691.00,HYDROLOGIC FUNCTION HAD MODERATE DEPARTURE FROM REFERENCE CONDITIONS (HF = 3),2015,Year,BLM rangeland acres (millions),acres,BLM rangeland acres (millions) with moderate departure from hydrologic function reference conditions (HF = 3),12,BLM rangeland acres (millions) with moderate departure from hydrologic function reference conditions (HF = 3),
15. Estimated BLM range acres with HF = 3,6,BLM,2,6812216.00,1217225.00,0.18,5251734.00,8372699.00,HYDROLOGIC FUNCTION HAD MODERATE DEPARTURE FROM REFERENCE CONDITIONS (HF = 3),2011,Year,BLM rangeland acres (millions),acres,BLM rangeland acres (millions) with moderate departure from hydrologic function reference conditions (HF = 3),12,BLM rangeland acres (millions) with moderate departure from hydrologic function reference conditions (HF = 3),
15. Estimated BLM range acres with HF = 3,6,BLM,NA,12101123.00,1384491.00,0.11,10326826.00,13875420.00,HYDROLOGIC FUNCTION HAD MODERATE DEPARTURE FROM REFERENCE CONDITIONS (HF = 3),2014,Year,BLM rangeland acres (millions),acres,BLM rangeland acres (millions) with moderate departure from hydrologic function reference conditions (HF = 3),12,BLM rangeland acres (millions) with moderate departure from hydrologic function reference conditions (HF = 3),
15. Estimated BLM range acres with HF = 3,6,BLM,2,11448845.00,2111049.00,0.18,8743427.00,14154262.00,HYDROLOGIC FUNCTION HAD MODERATE DEPARTURE FROM REFERENCE CONDITIONS (HF = 3),2012,Year,BLM rangeland acres (millions),acres,BLM rangeland acres (millions) with moderate departure from hydrologic function reference conditions (HF = 3),12,BLM rangeland acres (millions) with moderate departure from hydrologic function reference conditions (HF = 3),
15. Estimated BLM range acres with HF = 3,6,BLM,1,3214355.00,672443.00,0.21,2352283.00,4076427.00,HYDROLOGIC FUNCTION HAD MODERATE DEPARTURE FROM REFERENCE CONDITIONS (HF = 3),2011,Year,BLM rangeland acres (millions),acres,BLM rangeland acres (millions) with moderate departure from hydrologic function reference conditions (HF = 3),12,BLM rangeland acres (millions) with moderate departure from hydrologic function reference conditions (HF = 3),
15. Estimated BLM range acres with HF = 3,6,BLM,1,2776051.00,285424.00,0.10,2410266.00,3141836.00,HYDROLOGIC FUNCTION HAD MODERATE DEPARTURE FROM REFERENCE CONDITIONS (HF = 3),2015,Year,BLM rangeland acres (millions),acres,BLM rangeland acres (millions) with moderate departure from hydrologic function reference conditions (HF = 3),12,BLM rangeland acres (millions) with moderate departure from hydrologic function reference conditions (HF = 3),
15. Estimated BLM range acres with HF = 3,6,BLM,1,3026133.00,412279.00,0.14,2497776.00,3554489.00,HYDROLOGIC FUNCTION HAD MODERATE DEPARTURE FROM REFERENCE CONDITIONS (HF = 3),2016,Year,BLM rangeland acres (millions),acres,BLM rangeland acres (millions) with moderate departure from hydrologic function reference conditions (HF = 3),12,BLM rangeland acres (millions) with moderate departure from hydrologic function reference conditions (HF = 3),
15. Estimated BLM range acres with HF = 3,6,BLM,1,2399122.00,311206.00,0.13,2000295.00,2797949.00,HYDROLOGIC FUNCTION HAD MODERATE DEPARTURE FROM REFERENCE CONDITIONS (HF = 3),2014,Year,BLM rangeland acres (millions),acres,BLM rangeland acres (millions) with moderate departure from hydrologic function reference conditions (HF = 3),12,BLM rangeland acres (millions) with moderate departure from hydrologic function reference conditions (HF = 3),
15. Estimated BLM range acres with HF = 3,6,BLM,NA,10024391.00,915994.00,0.09,8850498.00,11198284.00,HYDROLOGIC FUNCTION HAD MODERATE DEPARTURE FROM REFERENCE CONDITIONS (HF = 3),2016,Year,BLM rangeland acres (millions),acres,BLM rangeland acres (millions) with moderate departure from hydrologic function reference conditions (HF = 3),12,BLM rangeland acres (millions) with moderate departure from hydrologic function reference conditions (HF = 3),
15. Estimated BLM range acres with HF = 3,6,BLM,NA,9322814.00,867877.00,0.09,8210584.00,10435044.00,HYDROLOGIC FUNCTION HAD MODERATE DEPARTURE FROM REFERENCE CONDITIONS (HF = 3),2018,Year,BLM rangeland acres (millions),acres,BLM rangeland acres (millions) with moderate departure from hydrologic function reference conditions (HF = 3),12,BLM rangeland acres (millions) with moderate departure from hydrologic function reference conditions (HF = 3),
15. Estimated BLM range acres with HF = 3,6,BLM,1,859729.00,325484.00,0.38,442605.00,1276854.00,HYDROLOGIC FUNCTION HAD MODERATE DEPARTURE FROM REFERENCE CONDITIONS (HF = 3),2019,Year,BLM rangeland acres (millions),acres,BLM rangeland acres (millions) with moderate departure from hydrologic function reference conditions (HF = 3),12,BLM rangeland acres (millions) with moderate departure from hydrologic function reference conditions (HF = 3),
15. Estimated BLM range acres with HF = 3,6,BLM,2,5850387.00,803340.00,0.14,4820865.00,6879908.00,HYDROLOGIC FUNCTION HAD MODERATE DEPARTURE FROM REFERENCE CONDITIONS (HF = 3),2018,Year,BLM rangeland acres (millions),acres,BLM rangeland acres (millions) with moderate departure from hydrologic function reference conditions (HF = 3),12,BLM rangeland acres (millions) with moderate departure from hydrologic function reference conditions (HF = 3),
15. Estimated BLM range acres with HF = 3,6,BLM,NA,10026571.00,1237716.00,0.12,8439819.00,11613324.00,HYDROLOGIC FUNCTION HAD MODERATE DEPARTURE FROM REFERENCE CONDITIONS (HF = 3),2011,Year,BLM rangeland acres (millions),acres,BLM rangeland acres (millions) with moderate departure from hydrologic function reference conditions (HF = 3),12,BLM rangeland acres (millions) with moderate departure from hydrologic function reference conditions (HF = 3),
15. Estimated BLM range acres with HF = 3,6,BLM,2,6998258.00,972821.00,0.14,5751538.00,8244978.00,HYDROLOGIC FUNCTION HAD MODERATE DEPARTURE FROM REFERENCE CONDITIONS (HF = 3),2016,Year,BLM rangeland acres (millions),acres,BLM rangeland acres (millions) with moderate departure from hydrologic function reference conditions (HF = 3),12,BLM rangeland acres (millions) with moderate departure from hydrologic function reference conditions (HF = 3),
15. Estimated BLM range acres with HF = 3,6,BLM,2,4650492.00,1114906.00,0.24,3221682.00,6079302.00,HYDROLOGIC FUNCTION HAD MODERATE DEPARTURE FROM REFERENCE CONDITIONS (HF = 3),2017,Year,BLM rangeland acres (millions),acres,BLM rangeland acres (millions) with moderate departure from hydrologic function reference conditions (HF = 3),12,BLM rangeland acres (millions) with moderate departure from hydrologic function reference conditions (HF = 3),
15. Estimated BLM range acres with HF = 3,6,BLM,1,3472427.00,434167.00,0.13,2916019.00,4028835.00,HYDROLOGIC FUNCTION HAD MODERATE DEPARTURE FROM REFERENCE CONDITIONS (HF = 3),2018,Year,BLM rangeland acres (millions),acres,BLM rangeland acres (millions) with moderate departure from hydrologic function reference conditions (HF = 3),12,BLM rangeland acres (millions) with moderate departure from hydrologic function reference conditions (HF = 3),
15. Estimated BLM range acres with HF = 3,6,BLM,1,1749009.00,382484.00,0.22,1258835.00,2239182.00,HYDROLOGIC FUNCTION HAD MODERATE DEPARTURE FROM REFERENCE CONDITIONS (HF = 3),2017,Year,BLM rangeland acres (millions),acres,BLM rangeland acres (millions) with moderate departure from hydrologic function reference conditions (HF = 3),12,BLM rangeland acres (millions) with moderate departure from hydrologic function reference conditions (HF = 3),
15. Estimated BLM range acres with HF = 3,6,BLM,NA,5572624.00,1202417.00,0.22,4031665.00,7113584.00,HYDROLOGIC FUNCTION HAD MODERATE DEPARTURE FROM REFERENCE CONDITIONS (HF = 3),2019,Year,BLM rangeland acres (millions),acres,BLM rangeland acres (millions) with moderate departure from hydrologic function reference conditions (HF = 3),12,BLM rangeland acres (millions) with moderate departure from hydrologic function reference conditions (HF = 3),
15. Estimated BLM range acres with HF = 3,6,BLM,NA,6399501.00,1206749.00,0.19,4852989.00,7946012.00,HYDROLOGIC FUNCTION HAD MODERATE DEPARTURE FROM REFERENCE CONDITIONS (HF = 3),2017,Year,BLM rangeland acres (millions),acres,BLM rangeland acres (millions) with moderate departure from hydrologic function reference conditions (HF = 3),12,BLM rangeland acres (millions) with moderate departure from hydrologic function reference conditions (HF = 3),
15. Estimated BLM range acres with HF = 3,6,BLM,2,4712895.00,1102199.00,0.23,3300370.00,6125420.00,HYDROLOGIC FUNCTION HAD MODERATE DEPARTURE FROM REFERENCE CONDITIONS (HF = 3),2019,Year,BLM rangeland acres (millions),acres,BLM rangeland acres (millions) with moderate departure from hydrologic function reference conditions (HF = 3),12,BLM rangeland acres (millions) with moderate departure from hydrologic function reference conditions (HF = 3),
16. Estimated % of BLM range acres with HF >= 4,8,BLM,NA,3.47,0.74,0.21,2.52,4.42,HYDROLOGIC FUNCTION HAD MODERATE-TO-EXTREME OR EXTREME-TO-TOTAL DEPARTURE FROM REFERENCE CONDITIONS (HF >= 4),2012,Year,Percent of rangeland acres on BLM-administered lands ,percent,Proportion of BLM rangelands with moderate-to-extreme or extreme-to-total departure from hydrologic function reference conditions (HF >= 4) (80% confidence interval) ,15,Proportion of BLM rangelands with moderate-to-extreme or extreme-to-total departure from hydrologic function reference conditions (HF >= 4) (80% confidence interval) ,
16. Estimated % of BLM range acres with HF >= 4,8,BLM,NA,2.99,0.60,0.20,2.22,3.77,HYDROLOGIC FUNCTION HAD MODERATE-TO-EXTREME OR EXTREME-TO-TOTAL DEPARTURE FROM REFERENCE CONDITIONS (HF >= 4),2011,Year,Percent of rangeland acres on BLM-administered lands ,percent,Proportion of BLM rangelands with moderate-to-extreme or extreme-to-total departure from hydrologic function reference conditions (HF >= 4) (80% confidence interval) ,15,Proportion of BLM rangelands with moderate-to-extreme or extreme-to-total departure from hydrologic function reference conditions (HF >= 4) (80% confidence interval) ,
16. Estimated % of BLM range acres with HF >= 4,8,BLM,1,0.21,0.21,1.00,0.00,0.49,HYDROLOGIC FUNCTION HAD MODERATE-TO-EXTREME OR EXTREME-TO-TOTAL DEPARTURE FROM REFERENCE CONDITIONS (HF >= 4),2011,Year,Percent of rangeland acres on BLM-administered lands ,percent,Proportion of BLM rangelands with moderate-to-extreme or extreme-to-total departure from hydrologic function reference conditions (HF >= 4) (80% confidence interval) ,15,Proportion of BLM rangelands with moderate-to-extreme or extreme-to-total departure from hydrologic function reference conditions (HF >= 4) (80% confidence interval) ,
16. Estimated % of BLM range acres with HF >= 4,8,BLM,2,4.55,0.98,0.22,3.29,5.81,HYDROLOGIC FUNCTION HAD MODERATE-TO-EXTREME OR EXTREME-TO-TOTAL DEPARTURE FROM REFERENCE CONDITIONS (HF >= 4),2011,Year,Percent of rangeland acres on BLM-administered lands ,percent,Proportion of BLM rangelands with moderate-to-extreme or extreme-to-total departure from hydrologic function reference conditions (HF >= 4) (80% confidence interval) ,15,Proportion of BLM rangelands with moderate-to-extreme or extreme-to-total departure from hydrologic function reference conditions (HF >= 4) (80% confidence interval) ,
16. Estimated % of BLM range acres with HF >= 4,8,BLM,2,4.40,1.28,0.29,2.76,6.05,HYDROLOGIC FUNCTION HAD MODERATE-TO-EXTREME OR EXTREME-TO-TOTAL DEPARTURE FROM REFERENCE CONDITIONS (HF >= 4),2012,Year,Percent of rangeland acres on BLM-administered lands ,percent,Proportion of BLM rangelands with moderate-to-extreme or extreme-to-total departure from hydrologic function reference conditions (HF >= 4) (80% confidence interval) ,15,Proportion of BLM rangelands with moderate-to-extreme or extreme-to-total departure from hydrologic function reference conditions (HF >= 4) (80% confidence interval) ,
16. Estimated % of BLM range acres with HF >= 4,8,BLM,1,1.49,0.42,0.28,0.95,2.03,HYDROLOGIC FUNCTION HAD MODERATE-TO-EXTREME OR EXTREME-TO-TOTAL DEPARTURE FROM REFERENCE CONDITIONS (HF >= 4),2015,Year,Percent of rangeland acres on BLM-administered lands ,percent,Proportion of BLM rangelands with moderate-to-extreme or extreme-to-total departure from hydrologic function reference conditions (HF >= 4) (80% confidence interval) ,15,Proportion of BLM rangelands with moderate-to-extreme or extreme-to-total departure from hydrologic function reference conditions (HF >= 4) (80% confidence interval) ,
16. Estimated % of BLM range acres with HF >= 4,8,BLM,2,3.04,0.83,0.27,1.97,4.11,HYDROLOGIC FUNCTION HAD MODERATE-TO-EXTREME OR EXTREME-TO-TOTAL DEPARTURE FROM REFERENCE CONDITIONS (HF >= 4),2015,Year,Percent of rangeland acres on BLM-administered lands ,percent,Proportion of BLM rangelands with moderate-to-extreme or extreme-to-total departure from hydrologic function reference conditions (HF >= 4) (80% confidence interval) ,15,Proportion of BLM rangelands with moderate-to-extreme or extreme-to-total departure from hydrologic function reference conditions (HF >= 4) (80% confidence interval) ,
16. Estimated % of BLM range acres with HF >= 4,8,BLM,1,1.96,0.45,0.23,1.39,2.54,HYDROLOGIC FUNCTION HAD MODERATE-TO-EXTREME OR EXTREME-TO-TOTAL DEPARTURE FROM REFERENCE CONDITIONS (HF >= 4),2012,Year,Percent of rangeland acres on BLM-administered lands ,percent,Proportion of BLM rangelands with moderate-to-extreme or extreme-to-total departure from hydrologic function reference conditions (HF >= 4) (80% confidence interval) ,15,Proportion of BLM rangelands with moderate-to-extreme or extreme-to-total departure from hydrologic function reference conditions (HF >= 4) (80% confidence interval) ,
16. Estimated % of BLM range acres with HF >= 4,8,BLM,1,1.10,0.29,0.26,0.73,1.47,HYDROLOGIC FUNCTION HAD MODERATE-TO-EXTREME OR EXTREME-TO-TOTAL DEPARTURE FROM REFERENCE CONDITIONS (HF >= 4),2014,Year,Percent of rangeland acres on BLM-administered lands ,percent,Proportion of BLM rangelands with moderate-to-extreme or extreme-to-total departure from hydrologic function reference conditions (HF >= 4) (80% confidence interval) ,15,Proportion of BLM rangelands with moderate-to-extreme or extreme-to-total departure from hydrologic function reference conditions (HF >= 4) (80% confidence interval) ,
16. Estimated % of BLM range acres with HF >= 4,8,BLM,2,2.26,0.98,0.43,1.00,3.51,HYDROLOGIC FUNCTION HAD MODERATE-TO-EXTREME OR EXTREME-TO-TOTAL DEPARTURE FROM REFERENCE CONDITIONS (HF >= 4),2014,Year,Percent of rangeland acres on BLM-administered lands ,percent,Proportion of BLM rangelands with moderate-to-extreme or extreme-to-total departure from hydrologic function reference conditions (HF >= 4) (80% confidence interval) ,15,Proportion of BLM rangelands with moderate-to-extreme or extreme-to-total departure from hydrologic function reference conditions (HF >= 4) (80% confidence interval) ,
16. Estimated % of BLM range acres with HF >= 4,8,BLM,1,0.85,0.27,0.32,0.51,1.20,HYDROLOGIC FUNCTION HAD MODERATE-TO-EXTREME OR EXTREME-TO-TOTAL DEPARTURE FROM REFERENCE CONDITIONS (HF >= 4),2016,Year,Percent of rangeland acres on BLM-administered lands ,percent,Proportion of BLM rangelands with moderate-to-extreme or extreme-to-total departure from hydrologic function reference conditions (HF >= 4) (80% confidence interval) ,15,Proportion of BLM rangelands with moderate-to-extreme or extreme-to-total departure from hydrologic function reference conditions (HF >= 4) (80% confidence interval) ,
16. Estimated % of BLM range acres with HF >= 4,8,BLM,2,3.49,0.87,0.25,2.37,4.60,HYDROLOGIC FUNCTION HAD MODERATE-TO-EXTREME OR EXTREME-TO-TOTAL DEPARTURE FROM REFERENCE CONDITIONS (HF >= 4),2016,Year,Percent of rangeland acres on BLM-administered lands ,percent,Proportion of BLM rangelands with moderate-to-extreme or extreme-to-total departure from hydrologic function reference conditions (HF >= 4) (80% confidence interval) ,15,Proportion of BLM rangelands with moderate-to-extreme or extreme-to-total departure from hydrologic function reference conditions (HF >= 4) (80% confidence interval) ,
16. Estimated % of BLM range acres with HF >= 4,8,BLM,NA,1.17,0.52,0.44,0.51,1.84,HYDROLOGIC FUNCTION HAD MODERATE-TO-EXTREME OR EXTREME-TO-TOTAL DEPARTURE FROM REFERENCE CONDITIONS (HF >= 4),2018,Year,Percent of rangeland acres on BLM-administered lands ,percent,Proportion of BLM rangelands with moderate-to-extreme or extreme-to-total departure from hydrologic function reference conditions (HF >= 4) (80% confidence interval) ,15,Proportion of BLM rangelands with moderate-to-extreme or extreme-to-total departure from hydrologic function reference conditions (HF >= 4) (80% confidence interval) ,
16. Estimated % of BLM range acres with HF >= 4,8,BLM,1,0.20,0.14,0.69,0.02,0.37,HYDROLOGIC FUNCTION HAD MODERATE-TO-EXTREME OR EXTREME-TO-TOTAL DEPARTURE FROM REFERENCE CONDITIONS (HF >= 4),2018,Year,Percent of rangeland acres on BLM-administered lands ,percent,Proportion of BLM rangelands with moderate-to-extreme or extreme-to-total departure from hydrologic function reference conditions (HF >= 4) (80% confidence interval) ,15,Proportion of BLM rangelands with moderate-to-extreme or extreme-to-total departure from hydrologic function reference conditions (HF >= 4) (80% confidence interval) ,
16. Estimated % of BLM range acres with HF >= 4,8,BLM,NA,2.53,0.58,0.23,1.79,3.27,HYDROLOGIC FUNCTION HAD MODERATE-TO-EXTREME OR EXTREME-TO-TOTAL DEPARTURE FROM REFERENCE CONDITIONS (HF >= 4),2015,Year,Percent of rangeland acres on BLM-administered lands ,percent,Proportion of BLM rangelands with moderate-to-extreme or extreme-to-total departure from hydrologic function reference conditions (HF >= 4) (80% confidence interval) ,15,Proportion of BLM rangelands with moderate-to-extreme or extreme-to-total departure from hydrologic function reference conditions (HF >= 4) (80% confidence interval) ,
16. Estimated % of BLM range acres with HF >= 4,8,BLM,NA,1.45,0.51,0.35,0.79,2.10,HYDROLOGIC FUNCTION HAD MODERATE-TO-EXTREME OR EXTREME-TO-TOTAL DEPARTURE FROM REFERENCE CONDITIONS (HF >= 4),2019,Year,Percent of rangeland acres on BLM-administered lands ,percent,Proportion of BLM rangelands with moderate-to-extreme or extreme-to-total departure from hydrologic function reference conditions (HF >= 4) (80% confidence interval) ,15,Proportion of BLM rangelands with moderate-to-extreme or extreme-to-total departure from hydrologic function reference conditions (HF >= 4) (80% confidence interval) ,
16. Estimated % of BLM range acres with HF >= 4,8,BLM,NA,1.85,0.64,0.34,1.04,2.67,HYDROLOGIC FUNCTION HAD MODERATE-TO-EXTREME OR EXTREME-TO-TOTAL DEPARTURE FROM REFERENCE CONDITIONS (HF >= 4),2014,Year,Percent of rangeland acres on BLM-administered lands ,percent,Proportion of BLM rangelands with moderate-to-extreme or extreme-to-total departure from hydrologic function reference conditions (HF >= 4) (80% confidence interval) ,15,Proportion of BLM rangelands with moderate-to-extreme or extreme-to-total departure from hydrologic function reference conditions (HF >= 4) (80% confidence interval) ,
16. Estimated % of BLM range acres with HF >= 4,8,BLM,2,3.57,1.05,0.29,2.23,4.91,HYDROLOGIC FUNCTION HAD MODERATE-TO-EXTREME OR EXTREME-TO-TOTAL DEPARTURE FROM REFERENCE CONDITIONS (HF >= 4),2017,Year,Percent of rangeland acres on BLM-administered lands ,percent,Proportion of BLM rangelands with moderate-to-extreme or extreme-to-total departure from hydrologic function reference conditions (HF >= 4) (80% confidence interval) ,15,Proportion of BLM rangelands with moderate-to-extreme or extreme-to-total departure from hydrologic function reference conditions (HF >= 4) (80% confidence interval) ,
16. Estimated % of BLM range acres with HF >= 4,8,BLM,1,0.00,0.00,0.00,0.00,0.00,HYDROLOGIC FUNCTION HAD MODERATE-TO-EXTREME OR EXTREME-TO-TOTAL DEPARTURE FROM REFERENCE CONDITIONS (HF >= 4),2019,Year,Percent of rangeland acres on BLM-administered lands ,percent,Proportion of BLM rangelands with moderate-to-extreme or extreme-to-total departure from hydrologic function reference conditions (HF >= 4) (80% confidence interval) ,15,Proportion of BLM rangelands with moderate-to-extreme or extreme-to-total departure from hydrologic function reference conditions (HF >= 4) (80% confidence interval) ,
16. Estimated % of BLM range acres with HF >= 4,8,BLM,1,0.11,0.11,1.00,0.00,0.24,HYDROLOGIC FUNCTION HAD MODERATE-TO-EXTREME OR EXTREME-TO-TOTAL DEPARTURE FROM REFERENCE CONDITIONS (HF >= 4),2017,Year,Percent of rangeland acres on BLM-administered lands ,percent,Proportion of BLM rangelands with moderate-to-extreme or extreme-to-total departure from hydrologic function reference conditions (HF >= 4) (80% confidence interval) ,15,Proportion of BLM rangelands with moderate-to-extreme or extreme-to-total departure from hydrologic function reference conditions (HF >= 4) (80% confidence interval) ,
16. Estimated % of BLM range acres with HF >= 4,8,BLM,2,1.76,0.81,0.46,0.72,2.80,HYDROLOGIC FUNCTION HAD MODERATE-TO-EXTREME OR EXTREME-TO-TOTAL DEPARTURE FROM REFERENCE CONDITIONS (HF >= 4),2018,Year,Percent of rangeland acres on BLM-administered lands ,percent,Proportion of BLM rangelands with moderate-to-extreme or extreme-to-total departure from hydrologic function reference conditions (HF >= 4) (80% confidence interval) ,15,Proportion of BLM rangelands with moderate-to-extreme or extreme-to-total departure from hydrologic function reference conditions (HF >= 4) (80% confidence interval) ,
16. Estimated % of BLM range acres with HF >= 4,8,BLM,NA,2.25,0.65,0.29,1.41,3.09,HYDROLOGIC FUNCTION HAD MODERATE-TO-EXTREME OR EXTREME-TO-TOTAL DEPARTURE FROM REFERENCE CONDITIONS (HF >= 4),2017,Year,Percent of rangeland acres on BLM-administered lands ,percent,Proportion of BLM rangelands with moderate-to-extreme or extreme-to-total departure from hydrologic function reference conditions (HF >= 4) (80% confidence interval) ,15,Proportion of BLM rangelands with moderate-to-extreme or extreme-to-total departure from hydrologic function reference conditions (HF >= 4) (80% confidence interval) ,
16. Estimated % of BLM range acres with HF >= 4,8,BLM,NA,2.50,0.55,0.22,1.80,3.20,HYDROLOGIC FUNCTION HAD MODERATE-TO-EXTREME OR EXTREME-TO-TOTAL DEPARTURE FROM REFERENCE CONDITIONS (HF >= 4),2016,Year,Percent of rangeland acres on BLM-administered lands ,percent,Proportion of BLM rangelands with moderate-to-extreme or extreme-to-total departure from hydrologic function reference conditions (HF >= 4) (80% confidence interval) ,15,Proportion of BLM rangelands with moderate-to-extreme or extreme-to-total departure from hydrologic function reference conditions (HF >= 4) (80% confidence interval) ,
16. Estimated % of BLM range acres with HF >= 4,8,BLM,2,2.34,0.83,0.36,1.27,3.40,HYDROLOGIC FUNCTION HAD MODERATE-TO-EXTREME OR EXTREME-TO-TOTAL DEPARTURE FROM REFERENCE CONDITIONS (HF >= 4),2019,Year,Percent of rangeland acres on BLM-administered lands ,percent,Proportion of BLM rangelands with moderate-to-extreme or extreme-to-total departure from hydrologic function reference conditions (HF >= 4) (80% confidence interval) ,15,Proportion of BLM rangelands with moderate-to-extreme or extreme-to-total departure from hydrologic function reference conditions (HF >= 4) (80% confidence interval) ,
18. Estimated BLM range acres with HF >= 4,8,BLM,1,104698.00,105292.00,1.01,0.00,239682.00,HYDROLOGIC FUNCTION HAD MODERATE-TO-EXTREME OR EXTREME-TO-TOTAL DEPARTURE FROM REFERENCE CONDITIONS (HF >= 4),2011,Year,BLM rangeland acres (millions),acres,BLM rangeland acres (millions) with moderate-to-extreme or extreme-to-total departure from hydrologic function reference conditions (HF >= 4),16,BLM rangeland acres (millions) with moderate-to-extreme or extreme-to-total departure from hydrologic function reference conditions (HF >= 4),
18. Estimated BLM range acres with HF >= 4,8,BLM,2,2719947.00,741975.00,0.27,1769067.00,3670826.00,HYDROLOGIC FUNCTION HAD MODERATE-TO-EXTREME OR EXTREME-TO-TOTAL DEPARTURE FROM REFERENCE CONDITIONS (HF >= 4),2015,Year,BLM rangeland acres (millions),acres,BLM rangeland acres (millions) with moderate-to-extreme or extreme-to-total departure from hydrologic function reference conditions (HF >= 4),16,BLM rangeland acres (millions) with moderate-to-extreme or extreme-to-total departure from hydrologic function reference conditions (HF >= 4),
18. Estimated BLM range acres with HF >= 4,8,BLM,NA,4761595.00,1004924.00,0.21,3473733.00,6049457.00,HYDROLOGIC FUNCTION HAD MODERATE-TO-EXTREME OR EXTREME-TO-TOTAL DEPARTURE FROM REFERENCE CONDITIONS (HF >= 4),2012,Year,BLM rangeland acres (millions),acres,BLM rangeland acres (millions) with moderate-to-extreme or extreme-to-total departure from hydrologic function reference conditions (HF >= 4),16,BLM rangeland acres (millions) with moderate-to-extreme or extreme-to-total departure from hydrologic function reference conditions (HF >= 4),
18. Estimated BLM range acres with HF >= 4,8,BLM,1,1027631.00,239284.00,0.23,720976.00,1334286.00,HYDROLOGIC FUNCTION HAD MODERATE-TO-EXTREME OR EXTREME-TO-TOTAL DEPARTURE FROM REFERENCE CONDITIONS (HF >= 4),2012,Year,BLM rangeland acres (millions),acres,BLM rangeland acres (millions) with moderate-to-extreme or extreme-to-total departure from hydrologic function reference conditions (HF >= 4),16,BLM rangeland acres (millions) with moderate-to-extreme or extreme-to-total departure from hydrologic function reference conditions (HF >= 4),
18. Estimated BLM range acres with HF >= 4,8,BLM,NA,4084575.00,832539.00,0.20,3017261.00,5151890.00,HYDROLOGIC FUNCTION HAD MODERATE-TO-EXTREME OR EXTREME-TO-TOTAL DEPARTURE FROM REFERENCE CONDITIONS (HF >= 4),2011,Year,BLM rangeland acres (millions),acres,BLM rangeland acres (millions) with moderate-to-extreme or extreme-to-total departure from hydrologic function reference conditions (HF >= 4),16,BLM rangeland acres (millions) with moderate-to-extreme or extreme-to-total departure from hydrologic function reference conditions (HF >= 4),
18. Estimated BLM range acres with HF >= 4,8,BLM,2,2166632.00,931958.00,0.43,972280.00,3360984.00,HYDROLOGIC FUNCTION HAD MODERATE-TO-EXTREME OR EXTREME-TO-TOTAL DEPARTURE FROM REFERENCE CONDITIONS (HF >= 4),2014,Year,BLM rangeland acres (millions),acres,BLM rangeland acres (millions) with moderate-to-extreme or extreme-to-total departure from hydrologic function reference conditions (HF >= 4),16,BLM rangeland acres (millions) with moderate-to-extreme or extreme-to-total departure from hydrologic function reference conditions (HF >= 4),
18. Estimated BLM range acres with HF >= 4,8,BLM,1,665003.00,189826.00,0.29,421732.00,908275.00,HYDROLOGIC FUNCTION HAD MODERATE-TO-EXTREME OR EXTREME-TO-TOTAL DEPARTURE FROM REFERENCE CONDITIONS (HF >= 4),2015,Year,BLM rangeland acres (millions),acres,BLM rangeland acres (millions) with moderate-to-extreme or extreme-to-total departure from hydrologic function reference conditions (HF >= 4),16,BLM rangeland acres (millions) with moderate-to-extreme or extreme-to-total departure from hydrologic function reference conditions (HF >= 4),
18. Estimated BLM range acres with HF >= 4,8,BLM,NA,2738535.00,934047.00,0.34,1541505.00,3935564.00,HYDROLOGIC FUNCTION HAD MODERATE-TO-EXTREME OR EXTREME-TO-TOTAL DEPARTURE FROM REFERENCE CONDITIONS (HF >= 4),2014,Year,BLM rangeland acres (millions),acres,BLM rangeland acres (millions) with moderate-to-extreme or extreme-to-total departure from hydrologic function reference conditions (HF >= 4),16,BLM rangeland acres (millions) with moderate-to-extreme or extreme-to-total departure from hydrologic function reference conditions (HF >= 4),
18. Estimated BLM range acres with HF >= 4,8,BLM,2,3733964.00,1080757.00,0.29,2348917.00,5119010.00,HYDROLOGIC FUNCTION HAD MODERATE-TO-EXTREME OR EXTREME-TO-TOTAL DEPARTURE FROM REFERENCE CONDITIONS (HF >= 4),2012,Year,BLM rangeland acres (millions),acres,BLM rangeland acres (millions) with moderate-to-extreme or extreme-to-total departure from hydrologic function reference conditions (HF >= 4),16,BLM rangeland acres (millions) with moderate-to-extreme or extreme-to-total departure from hydrologic function reference conditions (HF >= 4),
18. Estimated BLM range acres with HF >= 4,8,BLM,NA,1621221.00,709455.00,0.44,712018.00,2530424.00,HYDROLOGIC FUNCTION HAD MODERATE-TO-EXTREME OR EXTREME-TO-TOTAL DEPARTURE FROM REFERENCE CONDITIONS (HF >= 4),2018,Year,BLM rangeland acres (millions),acres,BLM rangeland acres (millions) with moderate-to-extreme or extreme-to-total departure from hydrologic function reference conditions (HF >= 4),16,BLM rangeland acres (millions) with moderate-to-extreme or extreme-to-total departure from hydrologic function reference conditions (HF >= 4),
18. Estimated BLM range acres with HF >= 4,8,BLM,NA,3384950.00,771918.00,0.23,2395697.00,4374202.00,HYDROLOGIC FUNCTION HAD MODERATE-TO-EXTREME OR EXTREME-TO-TOTAL DEPARTURE FROM REFERENCE CONDITIONS (HF >= 4),2015,Year,BLM rangeland acres (millions),acres,BLM rangeland acres (millions) with moderate-to-extreme or extreme-to-total departure from hydrologic function reference conditions (HF >= 4),16,BLM rangeland acres (millions) with moderate-to-extreme or extreme-to-total departure from hydrologic function reference conditions (HF >= 4),
18. Estimated BLM range acres with HF >= 4,8,BLM,2,3979877.00,851191.00,0.21,2888651.00,5071103.00,HYDROLOGIC FUNCTION HAD MODERATE-TO-EXTREME OR EXTREME-TO-TOTAL DEPARTURE FROM REFERENCE CONDITIONS (HF >= 4),2011,Year,BLM rangeland acres (millions),acres,BLM rangeland acres (millions) with moderate-to-extreme or extreme-to-total departure from hydrologic function reference conditions (HF >= 4),16,BLM rangeland acres (millions) with moderate-to-extreme or extreme-to-total departure from hydrologic function reference conditions (HF >= 4),
18. Estimated BLM range acres with HF >= 4,8,BLM,1,571902.00,150297.00,0.26,379290.00,764515.00,HYDROLOGIC FUNCTION HAD MODERATE-TO-EXTREME OR EXTREME-TO-TOTAL DEPARTURE FROM REFERENCE CONDITIONS (HF >= 4),2014,Year,BLM rangeland acres (millions),acres,BLM rangeland acres (millions) with moderate-to-extreme or extreme-to-total departure from hydrologic function reference conditions (HF >= 4),16,BLM rangeland acres (millions) with moderate-to-extreme or extreme-to-total departure from hydrologic function reference conditions (HF >= 4),
18. Estimated BLM range acres with HF >= 4,8,BLM,2,3033476.00,765564.00,0.25,2052367.00,4014585.00,HYDROLOGIC FUNCTION HAD MODERATE-TO-EXTREME OR EXTREME-TO-TOTAL DEPARTURE FROM REFERENCE CONDITIONS (HF >= 4),2016,Year,BLM rangeland acres (millions),acres,BLM rangeland acres (millions) with moderate-to-extreme or extreme-to-total departure from hydrologic function reference conditions (HF >= 4),16,BLM rangeland acres (millions) with moderate-to-extreme or extreme-to-total departure from hydrologic function reference conditions (HF >= 4),
18. Estimated BLM range acres with HF >= 4,8,BLM,1,0.00,0.00,0.00,0.00,0.00,HYDROLOGIC FUNCTION HAD MODERATE-TO-EXTREME OR EXTREME-TO-TOTAL DEPARTURE FROM REFERENCE CONDITIONS (HF >= 4),2019,Year,BLM rangeland acres (millions),acres,BLM rangeland acres (millions) with moderate-to-extreme or extreme-to-total departure from hydrologic function reference conditions (HF >= 4),16,BLM rangeland acres (millions) with moderate-to-extreme or extreme-to-total departure from hydrologic function reference conditions (HF >= 4),
18. Estimated BLM range acres with HF >= 4,8,BLM,2,1518327.00,690490.00,0.46,633429.00,2403225.00,HYDROLOGIC FUNCTION HAD MODERATE-TO-EXTREME OR EXTREME-TO-TOTAL DEPARTURE FROM REFERENCE CONDITIONS (HF >= 4),2018,Year,BLM rangeland acres (millions),acres,BLM rangeland acres (millions) with moderate-to-extreme or extreme-to-total departure from hydrologic function reference conditions (HF >= 4),16,BLM rangeland acres (millions) with moderate-to-extreme or extreme-to-total departure from hydrologic function reference conditions (HF >= 4),
18. Estimated BLM range acres with HF >= 4,8,BLM,1,445472.00,141779.00,0.32,263775.00,627170.00,HYDROLOGIC FUNCTION HAD MODERATE-TO-EXTREME OR EXTREME-TO-TOTAL DEPARTURE FROM REFERENCE CONDITIONS (HF >= 4),2016,Year,BLM rangeland acres (millions),acres,BLM rangeland acres (millions) with moderate-to-extreme or extreme-to-total departure from hydrologic function reference conditions (HF >= 4),16,BLM rangeland acres (millions) with moderate-to-extreme or extreme-to-total departure from hydrologic function reference conditions (HF >= 4),
18. Estimated BLM range acres with HF >= 4,8,BLM,1,55643.00,55695.00,1.00,0.00,127020.00,HYDROLOGIC FUNCTION HAD MODERATE-TO-EXTREME OR EXTREME-TO-TOTAL DEPARTURE FROM REFERENCE CONDITIONS (HF >= 4),2017,Year,BLM rangeland acres (millions),acres,BLM rangeland acres (millions) with moderate-to-extreme or extreme-to-total departure from hydrologic function reference conditions (HF >= 4),16,BLM rangeland acres (millions) with moderate-to-extreme or extreme-to-total departure from hydrologic function reference conditions (HF >= 4),
18. Estimated BLM range acres with HF >= 4,8,BLM,2,3041922.00,902815.00,0.30,1884918.00,4198925.00,HYDROLOGIC FUNCTION HAD MODERATE-TO-EXTREME OR EXTREME-TO-TOTAL DEPARTURE FROM REFERENCE CONDITIONS (HF >= 4),2017,Year,BLM rangeland acres (millions),acres,BLM rangeland acres (millions) with moderate-to-extreme or extreme-to-total departure from hydrologic function reference conditions (HF >= 4),16,BLM rangeland acres (millions) with moderate-to-extreme or extreme-to-total departure from hydrologic function reference conditions (HF >= 4),
18. Estimated BLM range acres with HF >= 4,8,BLM,1,102894.00,71318.00,0.69,11497.00,194291.00,HYDROLOGIC FUNCTION HAD MODERATE-TO-EXTREME OR EXTREME-TO-TOTAL DEPARTURE FROM REFERENCE CONDITIONS (HF >= 4),2018,Year,BLM rangeland acres (millions),acres,BLM rangeland acres (millions) with moderate-to-extreme or extreme-to-total departure from hydrologic function reference conditions (HF >= 4),16,BLM rangeland acres (millions) with moderate-to-extreme or extreme-to-total departure from hydrologic function reference conditions (HF >= 4),
18. Estimated BLM range acres with HF >= 4,8,BLM,NA,3478948.00,768354.00,0.22,2494263.00,4463634.00,HYDROLOGIC FUNCTION HAD MODERATE-TO-EXTREME OR EXTREME-TO-TOTAL DEPARTURE FROM REFERENCE CONDITIONS (HF >= 4),2016,Year,BLM rangeland acres (millions),acres,BLM rangeland acres (millions) with moderate-to-extreme or extreme-to-total departure from hydrologic function reference conditions (HF >= 4),16,BLM rangeland acres (millions) with moderate-to-extreme or extreme-to-total departure from hydrologic function reference conditions (HF >= 4),
18. Estimated BLM range acres with HF >= 4,8,BLM,NA,3097565.00,907912.00,0.29,1934028.00,4261102.00,HYDROLOGIC FUNCTION HAD MODERATE-TO-EXTREME OR EXTREME-TO-TOTAL DEPARTURE FROM REFERENCE CONDITIONS (HF >= 4),2017,Year,BLM rangeland acres (millions),acres,BLM rangeland acres (millions) with moderate-to-extreme or extreme-to-total departure from hydrologic function reference conditions (HF >= 4),16,BLM rangeland acres (millions) with moderate-to-extreme or extreme-to-total departure from hydrologic function reference conditions (HF >= 4),
18. Estimated BLM range acres with HF >= 4,8,BLM,NA,1974833.00,693678.00,0.35,1085848.00,2863818.00,HYDROLOGIC FUNCTION HAD MODERATE-TO-EXTREME OR EXTREME-TO-TOTAL DEPARTURE FROM REFERENCE CONDITIONS (HF >= 4),2019,Year,BLM rangeland acres (millions),acres,BLM rangeland acres (millions) with moderate-to-extreme or extreme-to-total departure from hydrologic function reference conditions (HF >= 4),16,BLM rangeland acres (millions) with moderate-to-extreme or extreme-to-total departure from hydrologic function reference conditions (HF >= 4),
18. Estimated BLM range acres with HF >= 4,8,BLM,2,1974833.00,693678.00,0.35,1085848.00,2863818.00,HYDROLOGIC FUNCTION HAD MODERATE-TO-EXTREME OR EXTREME-TO-TOTAL DEPARTURE FROM REFERENCE CONDITIONS (HF >= 4),2019,Year,BLM rangeland acres (millions),acres,BLM rangeland acres (millions) with moderate-to-extreme or extreme-to-total departure from hydrologic function reference conditions (HF >= 4),16,BLM rangeland acres (millions) with moderate-to-extreme or extreme-to-total departure from hydrologic function reference conditions (HF >= 4),
19. Estimated % of BLM range acres with SSS <= 2,9,BLM,1,93.39,0.60,0.01,92.62,94.16,SOIL AND SITE STABILITY HAD NONE-TO-SLIGHT OR SLIGHT-TO-MODERATE DEPARTURE FROM REFERENCE CONDITIONS (SSS <= 2),2015,Year,Percent of rangeland acres on BLM-administered lands,percent,Proportion of BLM rangelands with none-to-slight or slight-to-moderate departure from soil and site stability reference conditions (SSS <=2) (80% confidence interval) ,17,Proportion of BLM rangelands with none-to-slight or slight-to-moderate departure from soil and site stability reference conditions (SSS <=2) (80% confidence interval) ,
19. Estimated % of BLM range acres with SSS <= 2,9,BLM,NA,87.24,1.38,0.02,85.47,89.00,SOIL AND SITE STABILITY HAD NONE-TO-SLIGHT OR SLIGHT-TO-MODERATE DEPARTURE FROM REFERENCE CONDITIONS (SSS <= 2),2012,Year,Percent of rangeland acres on BLM-administered lands,percent,Proportion of BLM rangelands with none-to-slight or slight-to-moderate departure from soil and site stability reference conditions (SSS <=2) (80% confidence interval) ,17,Proportion of BLM rangelands with none-to-slight or slight-to-moderate departure from soil and site stability reference conditions (SSS <=2) (80% confidence interval) ,
19. Estimated % of BLM range acres with SSS <= 2,9,BLM,NA,91.84,0.92,0.01,90.67,93.02,SOIL AND SITE STABILITY HAD NONE-TO-SLIGHT OR SLIGHT-TO-MODERATE DEPARTURE FROM REFERENCE CONDITIONS (SSS <= 2),2014,Year,Percent of rangeland acres on BLM-administered lands,percent,Proportion of BLM rangelands with none-to-slight or slight-to-moderate departure from soil and site stability reference conditions (SSS <=2) (80% confidence interval) ,17,Proportion of BLM rangelands with none-to-slight or slight-to-moderate departure from soil and site stability reference conditions (SSS <=2) (80% confidence interval) ,
19. Estimated % of BLM range acres with SSS <= 2,9,BLM,2,88.75,1.37,0.02,86.99,90.51,SOIL AND SITE STABILITY HAD NONE-TO-SLIGHT OR SLIGHT-TO-MODERATE DEPARTURE FROM REFERENCE CONDITIONS (SSS <= 2),2011,Year,Percent of rangeland acres on BLM-administered lands,percent,Proportion of BLM rangelands with none-to-slight or slight-to-moderate departure from soil and site stability reference conditions (SSS <=2) (80% confidence interval) ,17,Proportion of BLM rangelands with none-to-slight or slight-to-moderate departure from soil and site stability reference conditions (SSS <=2) (80% confidence interval) ,
19. Estimated % of BLM range acres with SSS <= 2,9,BLM,2,89.87,1.41,0.02,88.06,91.68,SOIL AND SITE STABILITY HAD NONE-TO-SLIGHT OR SLIGHT-TO-MODERATE DEPARTURE FROM REFERENCE CONDITIONS (SSS <= 2),2014,Year,Percent of rangeland acres on BLM-administered lands,percent,Proportion of BLM rangelands with none-to-slight or slight-to-moderate departure from soil and site stability reference conditions (SSS <=2) (80% confidence interval) ,17,Proportion of BLM rangelands with none-to-slight or slight-to-moderate departure from soil and site stability reference conditions (SSS <=2) (80% confidence interval) ,
19. Estimated % of BLM range acres with SSS <= 2,9,BLM,1,96.14,1.11,0.01,94.72,97.56,SOIL AND SITE STABILITY HAD NONE-TO-SLIGHT OR SLIGHT-TO-MODERATE DEPARTURE FROM REFERENCE CONDITIONS (SSS <= 2),2011,Year,Percent of rangeland acres on BLM-administered lands,percent,Proportion of BLM rangelands with none-to-slight or slight-to-moderate departure from soil and site stability reference conditions (SSS <=2) (80% confidence interval) ,17,Proportion of BLM rangelands with none-to-slight or slight-to-moderate departure from soil and site stability reference conditions (SSS <=2) (80% confidence interval) ,
19. Estimated % of BLM range acres with SSS <= 2,9,BLM,NA,90.10,0.74,0.01,89.16,91.04,SOIL AND SITE STABILITY HAD NONE-TO-SLIGHT OR SLIGHT-TO-MODERATE DEPARTURE FROM REFERENCE CONDITIONS (SSS <= 2),2015,Year,Percent of rangeland acres on BLM-administered lands,percent,Proportion of BLM rangelands with none-to-slight or slight-to-moderate departure from soil and site stability reference conditions (SSS <=2) (80% confidence interval) ,17,Proportion of BLM rangelands with none-to-slight or slight-to-moderate departure from soil and site stability reference conditions (SSS <=2) (80% confidence interval) ,
19. Estimated % of BLM range acres with SSS <= 2,9,BLM,NA,92.22,0.93,0.01,91.03,93.41,SOIL AND SITE STABILITY HAD NONE-TO-SLIGHT OR SLIGHT-TO-MODERATE DEPARTURE FROM REFERENCE CONDITIONS (SSS <= 2),2016,Year,Percent of rangeland acres on BLM-administered lands,percent,Proportion of BLM rangelands with none-to-slight or slight-to-moderate departure from soil and site stability reference conditions (SSS <=2) (80% confidence interval) ,17,Proportion of BLM rangelands with none-to-slight or slight-to-moderate departure from soil and site stability reference conditions (SSS <=2) (80% confidence interval) ,
19. Estimated % of BLM range acres with SSS <= 2,9,BLM,2,88.46,1.11,0.01,87.04,89.89,SOIL AND SITE STABILITY HAD NONE-TO-SLIGHT OR SLIGHT-TO-MODERATE DEPARTURE FROM REFERENCE CONDITIONS (SSS <= 2),2015,Year,Percent of rangeland acres on BLM-administered lands,percent,Proportion of BLM rangelands with none-to-slight or slight-to-moderate departure from soil and site stability reference conditions (SSS <=2) (80% confidence interval) ,17,Proportion of BLM rangelands with none-to-slight or slight-to-moderate departure from soil and site stability reference conditions (SSS <=2) (80% confidence interval) ,
19. Estimated % of BLM range acres with SSS <= 2,9,BLM,1,91.78,0.97,0.01,90.53,93.02,SOIL AND SITE STABILITY HAD NONE-TO-SLIGHT OR SLIGHT-TO-MODERATE DEPARTURE FROM REFERENCE CONDITIONS (SSS <= 2),2012,Year,Percent of rangeland acres on BLM-administered lands,percent,Proportion of BLM rangelands with none-to-slight or slight-to-moderate departure from soil and site stability reference conditions (SSS <=2) (80% confidence interval) ,17,Proportion of BLM rangelands with none-to-slight or slight-to-moderate departure from soil and site stability reference conditions (SSS <=2) (80% confidence interval) ,
19. Estimated % of BLM range acres with SSS <= 2,9,BLM,2,84.43,2.14,0.03,81.69,87.18,SOIL AND SITE STABILITY HAD NONE-TO-SLIGHT OR SLIGHT-TO-MODERATE DEPARTURE FROM REFERENCE CONDITIONS (SSS <= 2),2012,Year,Percent of rangeland acres on BLM-administered lands,percent,Proportion of BLM rangelands with none-to-slight or slight-to-moderate departure from soil and site stability reference conditions (SSS <=2) (80% confidence interval) ,17,Proportion of BLM rangelands with none-to-slight or slight-to-moderate departure from soil and site stability reference conditions (SSS <=2) (80% confidence interval) ,
19. Estimated % of BLM range acres with SSS <= 2,9,BLM,NA,91.40,0.77,0.01,90.42,92.39,SOIL AND SITE STABILITY HAD NONE-TO-SLIGHT OR SLIGHT-TO-MODERATE DEPARTURE FROM REFERENCE CONDITIONS (SSS <= 2),2011,Year,Percent of rangeland acres on BLM-administered lands,percent,Proportion of BLM rangelands with none-to-slight or slight-to-moderate departure from soil and site stability reference conditions (SSS <=2) (80% confidence interval) ,17,Proportion of BLM rangelands with none-to-slight or slight-to-moderate departure from soil and site stability reference conditions (SSS <=2) (80% confidence interval) ,
19. Estimated % of BLM range acres with SSS <= 2,9,BLM,1,95.63,0.61,0.01,94.84,96.41,SOIL AND SITE STABILITY HAD NONE-TO-SLIGHT OR SLIGHT-TO-MODERATE DEPARTURE FROM REFERENCE CONDITIONS (SSS <= 2),2016,Year,Percent of rangeland acres on BLM-administered lands,percent,Proportion of BLM rangelands with none-to-slight or slight-to-moderate departure from soil and site stability reference conditions (SSS <=2) (80% confidence interval) ,17,Proportion of BLM rangelands with none-to-slight or slight-to-moderate departure from soil and site stability reference conditions (SSS <=2) (80% confidence interval) ,
19. Estimated % of BLM range acres with SSS <= 2,9,BLM,2,90.18,1.47,0.02,88.30,92.06,SOIL AND SITE STABILITY HAD NONE-TO-SLIGHT OR SLIGHT-TO-MODERATE DEPARTURE FROM REFERENCE CONDITIONS (SSS <= 2),2016,Year,Percent of rangeland acres on BLM-administered lands,percent,Proportion of BLM rangelands with none-to-slight or slight-to-moderate departure from soil and site stability reference conditions (SSS <=2) (80% confidence interval) ,17,Proportion of BLM rangelands with none-to-slight or slight-to-moderate departure from soil and site stability reference conditions (SSS <=2) (80% confidence interval) ,
19. Estimated % of BLM range acres with SSS <= 2,9,BLM,1,95.50,0.58,0.01,94.75,96.25,SOIL AND SITE STABILITY HAD NONE-TO-SLIGHT OR SLIGHT-TO-MODERATE DEPARTURE FROM REFERENCE CONDITIONS (SSS <= 2),2014,Year,Percent of rangeland acres on BLM-administered lands,percent,Proportion of BLM rangelands with none-to-slight or slight-to-moderate departure from soil and site stability reference conditions (SSS <=2) (80% confidence interval) ,17,Proportion of BLM rangelands with none-to-slight or slight-to-moderate departure from soil and site stability reference conditions (SSS <=2) (80% confidence interval) ,
19. Estimated % of BLM range acres with SSS <= 2,9,BLM,1,95.36,0.78,0.01,94.36,96.37,SOIL AND SITE STABILITY HAD NONE-TO-SLIGHT OR SLIGHT-TO-MODERATE DEPARTURE FROM REFERENCE CONDITIONS (SSS <= 2),2018,Year,Percent of rangeland acres on BLM-administered lands,percent,Proportion of BLM rangelands with none-to-slight or slight-to-moderate departure from soil and site stability reference conditions (SSS <=2) (80% confidence interval) ,17,Proportion of BLM rangelands with none-to-slight or slight-to-moderate departure from soil and site stability reference conditions (SSS <=2) (80% confidence interval) ,
19. Estimated % of BLM range acres with SSS <= 2,9,BLM,NA,94.14,1.09,0.01,92.74,95.54,SOIL AND SITE STABILITY HAD NONE-TO-SLIGHT OR SLIGHT-TO-MODERATE DEPARTURE FROM REFERENCE CONDITIONS (SSS <= 2),2017,Year,Percent of rangeland acres on BLM-administered lands,percent,Proportion of BLM rangelands with none-to-slight or slight-to-moderate departure from soil and site stability reference conditions (SSS <=2) (80% confidence interval) ,17,Proportion of BLM rangelands with none-to-slight or slight-to-moderate departure from soil and site stability reference conditions (SSS <=2) (80% confidence interval) ,
19. Estimated % of BLM range acres with SSS <= 2,9,BLM,1,97.72,0.67,0.01,96.86,98.58,SOIL AND SITE STABILITY HAD NONE-TO-SLIGHT OR SLIGHT-TO-MODERATE DEPARTURE FROM REFERENCE CONDITIONS (SSS <= 2),2017,Year,Percent of rangeland acres on BLM-administered lands,percent,Proportion of BLM rangelands with none-to-slight or slight-to-moderate departure from soil and site stability reference conditions (SSS <=2) (80% confidence interval) ,17,Proportion of BLM rangelands with none-to-slight or slight-to-moderate departure from soil and site stability reference conditions (SSS <=2) (80% confidence interval) ,
19. Estimated % of BLM range acres with SSS <= 2,9,BLM,NA,93.31,0.96,0.01,92.08,94.54,SOIL AND SITE STABILITY HAD NONE-TO-SLIGHT OR SLIGHT-TO-MODERATE DEPARTURE FROM REFERENCE CONDITIONS (SSS <= 2),2018,Year,Percent of rangeland acres on BLM-administered lands,percent,Proportion of BLM rangelands with none-to-slight or slight-to-moderate departure from soil and site stability reference conditions (SSS <=2) (80% confidence interval) ,17,Proportion of BLM rangelands with none-to-slight or slight-to-moderate departure from soil and site stability reference conditions (SSS <=2) (80% confidence interval) ,
19. Estimated % of BLM range acres with SSS <= 2,9,BLM,2,92.08,1.55,0.02,90.09,94.07,SOIL AND SITE STABILITY HAD NONE-TO-SLIGHT OR SLIGHT-TO-MODERATE DEPARTURE FROM REFERENCE CONDITIONS (SSS <= 2),2018,Year,Percent of rangeland acres on BLM-administered lands,percent,Proportion of BLM rangelands with none-to-slight or slight-to-moderate departure from soil and site stability reference conditions (SSS <=2) (80% confidence interval) ,17,Proportion of BLM rangelands with none-to-slight or slight-to-moderate departure from soil and site stability reference conditions (SSS <=2) (80% confidence interval) ,
19. Estimated % of BLM range acres with SSS <= 2,9,BLM,2,92.23,1.30,0.01,90.56,93.89,SOIL AND SITE STABILITY HAD NONE-TO-SLIGHT OR SLIGHT-TO-MODERATE DEPARTURE FROM REFERENCE CONDITIONS (SSS <= 2),2019,Year,Percent of rangeland acres on BLM-administered lands,percent,Proportion of BLM rangelands with none-to-slight or slight-to-moderate departure from soil and site stability reference conditions (SSS <=2) (80% confidence interval) ,17,Proportion of BLM rangelands with none-to-slight or slight-to-moderate departure from soil and site stability reference conditions (SSS <=2) (80% confidence interval) ,
19. Estimated % of BLM range acres with SSS <= 2,9,BLM,NA,94.73,0.88,0.01,93.61,95.86,SOIL AND SITE STABILITY HAD NONE-TO-SLIGHT OR SLIGHT-TO-MODERATE DEPARTURE FROM REFERENCE CONDITIONS (SSS <= 2),2019,Year,Percent of rangeland acres on BLM-administered lands,percent,Proportion of BLM rangelands with none-to-slight or slight-to-moderate departure from soil and site stability reference conditions (SSS <=2) (80% confidence interval) ,17,Proportion of BLM rangelands with none-to-slight or slight-to-moderate departure from soil and site stability reference conditions (SSS <=2) (80% confidence interval) ,
19. Estimated % of BLM range acres with SSS <= 2,9,BLM,2,91.94,1.63,0.02,89.84,94.03,SOIL AND SITE STABILITY HAD NONE-TO-SLIGHT OR SLIGHT-TO-MODERATE DEPARTURE FROM REFERENCE CONDITIONS (SSS <= 2),2017,Year,Percent of rangeland acres on BLM-administered lands,percent,Proportion of BLM rangelands with none-to-slight or slight-to-moderate departure from soil and site stability reference conditions (SSS <=2) (80% confidence interval) ,17,Proportion of BLM rangelands with none-to-slight or slight-to-moderate departure from soil and site stability reference conditions (SSS <=2) (80% confidence interval) ,
19. Estimated % of BLM range acres with SSS <= 2,9,BLM,1,98.79,0.62,0.01,97.99,99.59,SOIL AND SITE STABILITY HAD NONE-TO-SLIGHT OR SLIGHT-TO-MODERATE DEPARTURE FROM REFERENCE CONDITIONS (SSS <= 2),2019,Year,Percent of rangeland acres on BLM-administered lands,percent,Proportion of BLM rangelands with none-to-slight or slight-to-moderate departure from soil and site stability reference conditions (SSS <=2) (80% confidence interval) ,17,Proportion of BLM rangelands with none-to-slight or slight-to-moderate departure from soil and site stability reference conditions (SSS <=2) (80% confidence interval) ,
21. Estimated BLM range acres with SSS <= 2,9,BLM,1,47088978.00,2866943.00,0.06,43413557.00,50764398.00,SOIL AND SITE STABILITY HAD NONE-TO-SLIGHT OR SLIGHT-TO-MODERATE DEPARTURE FROM REFERENCE CONDITIONS (SSS <= 2),2011,Year,BLM rangeland acres (millions),acres,BLM rangeland acres (millions) with none-to-slight or slight-to-moderate departure from soil and site stability reference conditions (SSS <=2) ,18,BLM rangeland acres (millions) with none-to-slight or slight-to-moderate departure from soil and site stability reference conditions (SSS <=2) ,
21. Estimated BLM range acres with SSS <= 2,9,BLM,NA,119689914.00,2385336.00,0.02,116632983.00,122746844.00,SOIL AND SITE STABILITY HAD NONE-TO-SLIGHT OR SLIGHT-TO-MODERATE DEPARTURE FROM REFERENCE CONDITIONS (SSS <= 2),2012,Year,BLM rangeland acres (millions),acres,BLM rangeland acres (millions) with none-to-slight or slight-to-moderate departure from soil and site stability reference conditions (SSS <=2) ,18,BLM rangeland acres (millions) with none-to-slight or slight-to-moderate departure from soil and site stability reference conditions (SSS <=2) ,
21. Estimated BLM range acres with SSS <= 2,9,BLM,2,86280184.00,1906626.00,0.02,83836744.00,88723624.00,SOIL AND SITE STABILITY HAD NONE-TO-SLIGHT OR SLIGHT-TO-MODERATE DEPARTURE FROM REFERENCE CONDITIONS (SSS <= 2),2014,Year,BLM rangeland acres (millions),acres,BLM rangeland acres (millions) with none-to-slight or slight-to-moderate departure from soil and site stability reference conditions (SSS <=2) ,18,BLM rangeland acres (millions) with none-to-slight or slight-to-moderate departure from soil and site stability reference conditions (SSS <=2) ,
21. Estimated BLM range acres with SSS <= 2,9,BLM,NA,120665458.00,1872942.00,0.02,118265186.00,123065730.00,SOIL AND SITE STABILITY HAD NONE-TO-SLIGHT OR SLIGHT-TO-MODERATE DEPARTURE FROM REFERENCE CONDITIONS (SSS <= 2),2015,Year,BLM rangeland acres (millions),acres,BLM rangeland acres (millions) with none-to-slight or slight-to-moderate departure from soil and site stability reference conditions (SSS <=2) ,18,BLM rangeland acres (millions) with none-to-slight or slight-to-moderate departure from soil and site stability reference conditions (SSS <=2) ,
21. Estimated BLM range acres with SSS <= 2,9,BLM,1,41586020.00,521460.00,0.01,40917742.00,42254297.00,SOIL AND SITE STABILITY HAD NONE-TO-SLIGHT OR SLIGHT-TO-MODERATE DEPARTURE FROM REFERENCE CONDITIONS (SSS <= 2),2015,Year,BLM rangeland acres (millions),acres,BLM rangeland acres (millions) with none-to-slight or slight-to-moderate departure from soil and site stability reference conditions (SSS <=2) ,18,BLM rangeland acres (millions) with none-to-slight or slight-to-moderate departure from soil and site stability reference conditions (SSS <=2) ,
21. Estimated BLM range acres with SSS <= 2,9,BLM,NA,135842677.00,2017215.00,0.02,133257512.00,138427841.00,SOIL AND SITE STABILITY HAD NONE-TO-SLIGHT OR SLIGHT-TO-MODERATE DEPARTURE FROM REFERENCE CONDITIONS (SSS <= 2),2014,Year,BLM rangeland acres (millions),acres,BLM rangeland acres (millions) with none-to-slight or slight-to-moderate departure from soil and site stability reference conditions (SSS <=2) ,18,BLM rangeland acres (millions) with none-to-slight or slight-to-moderate departure from soil and site stability reference conditions (SSS <=2) ,
21. Estimated BLM range acres with SSS <= 2,9,BLM,1,49562493.00,486096.00,0.01,48939536.00,50185450.00,SOIL AND SITE STABILITY HAD NONE-TO-SLIGHT OR SLIGHT-TO-MODERATE DEPARTURE FROM REFERENCE CONDITIONS (SSS <= 2),2014,Year,BLM rangeland acres (millions),acres,BLM rangeland acres (millions) with none-to-slight or slight-to-moderate departure from soil and site stability reference conditions (SSS <=2) ,18,BLM rangeland acres (millions) with none-to-slight or slight-to-moderate departure from soil and site stability reference conditions (SSS <=2) ,
21. Estimated BLM range acres with SSS <= 2,9,BLM,NA,124688935.00,3541684.00,0.03,120148496.00,129229373.00,SOIL AND SITE STABILITY HAD NONE-TO-SLIGHT OR SLIGHT-TO-MODERATE DEPARTURE FROM REFERENCE CONDITIONS (SSS <= 2),2011,Year,BLM rangeland acres (millions),acres,BLM rangeland acres (millions) with none-to-slight or slight-to-moderate departure from soil and site stability reference conditions (SSS <=2) ,18,BLM rangeland acres (millions) with none-to-slight or slight-to-moderate departure from soil and site stability reference conditions (SSS <=2) ,
21. Estimated BLM range acres with SSS <= 2,9,BLM,2,71627539.00,2369499.00,0.03,68590904.00,74664173.00,SOIL AND SITE STABILITY HAD NONE-TO-SLIGHT OR SLIGHT-TO-MODERATE DEPARTURE FROM REFERENCE CONDITIONS (SSS <= 2),2012,Year,BLM rangeland acres (millions),acres,BLM rangeland acres (millions) with none-to-slight or slight-to-moderate departure from soil and site stability reference conditions (SSS <=2) ,18,BLM rangeland acres (millions) with none-to-slight or slight-to-moderate departure from soil and site stability reference conditions (SSS <=2) ,
21. Estimated BLM range acres with SSS <= 2,9,BLM,2,77599957.00,4413070.00,0.06,71942402.00,83257513.00,SOIL AND SITE STABILITY HAD NONE-TO-SLIGHT OR SLIGHT-TO-MODERATE DEPARTURE FROM REFERENCE CONDITIONS (SSS <= 2),2011,Year,BLM rangeland acres (millions),acres,BLM rangeland acres (millions) with none-to-slight or slight-to-moderate departure from soil and site stability reference conditions (SSS <=2) ,18,BLM rangeland acres (millions) with none-to-slight or slight-to-moderate departure from soil and site stability reference conditions (SSS <=2) ,
21. Estimated BLM range acres with SSS <= 2,9,BLM,2,79528196.00,3028792.00,0.04,75646643.00,83409748.00,SOIL AND SITE STABILITY HAD NONE-TO-SLIGHT OR SLIGHT-TO-MODERATE DEPARTURE FROM REFERENCE CONDITIONS (SSS <= 2),2018,Year,BLM rangeland acres (millions),acres,BLM rangeland acres (millions) with none-to-slight or slight-to-moderate departure from soil and site stability reference conditions (SSS <=2) ,18,BLM rangeland acres (millions) with none-to-slight or slight-to-moderate departure from soil and site stability reference conditions (SSS <=2) ,
21. Estimated BLM range acres with SSS <= 2,9,BLM,1,49831165.00,578899.00,0.01,49089276.00,50573054.00,SOIL AND SITE STABILITY HAD NONE-TO-SLIGHT OR SLIGHT-TO-MODERATE DEPARTURE FROM REFERENCE CONDITIONS (SSS <= 2),2016,Year,BLM rangeland acres (millions),acres,BLM rangeland acres (millions) with none-to-slight or slight-to-moderate departure from soil and site stability reference conditions (SSS <=2) ,18,BLM rangeland acres (millions) with none-to-slight or slight-to-moderate departure from soil and site stability reference conditions (SSS <=2) ,
21. Estimated BLM range acres with SSS <= 2,9,BLM,NA,129038478.00,2988619.00,0.02,125208409.00,132868547.00,SOIL AND SITE STABILITY HAD NONE-TO-SLIGHT OR SLIGHT-TO-MODERATE DEPARTURE FROM REFERENCE CONDITIONS (SSS <= 2),2018,Year,BLM rangeland acres (millions),acres,BLM rangeland acres (millions) with none-to-slight or slight-to-moderate departure from soil and site stability reference conditions (SSS <=2) ,18,BLM rangeland acres (millions) with none-to-slight or slight-to-moderate departure from soil and site stability reference conditions (SSS <=2) ,
21. Estimated BLM range acres with SSS <= 2,9,BLM,1,49510282.00,646937.00,0.01,48681200.00,50339365.00,SOIL AND SITE STABILITY HAD NONE-TO-SLIGHT OR SLIGHT-TO-MODERATE DEPARTURE FROM REFERENCE CONDITIONS (SSS <= 2),2018,Year,BLM rangeland acres (millions),acres,BLM rangeland acres (millions) with none-to-slight or slight-to-moderate departure from soil and site stability reference conditions (SSS <=2) ,18,BLM rangeland acres (millions) with none-to-slight or slight-to-moderate departure from soil and site stability reference conditions (SSS <=2) ,
21. Estimated BLM range acres with SSS <= 2,9,BLM,2,78475421.00,1833701.00,0.02,76125439.00,80825403.00,SOIL AND SITE STABILITY HAD NONE-TO-SLIGHT OR SLIGHT-TO-MODERATE DEPARTURE FROM REFERENCE CONDITIONS (SSS <= 2),2016,Year,BLM rangeland acres (millions),acres,BLM rangeland acres (millions) with none-to-slight or slight-to-moderate departure from soil and site stability reference conditions (SSS <=2) ,18,BLM rangeland acres (millions) with none-to-slight or slight-to-moderate departure from soil and site stability reference conditions (SSS <=2) ,
21. Estimated BLM range acres with SSS <= 2,9,BLM,NA,128306585.00,2026637.00,0.02,125709345.00,130903825.00,SOIL AND SITE STABILITY HAD NONE-TO-SLIGHT OR SLIGHT-TO-MODERATE DEPARTURE FROM REFERENCE CONDITIONS (SSS <= 2),2016,Year,BLM rangeland acres (millions),acres,BLM rangeland acres (millions) with none-to-slight or slight-to-moderate departure from soil and site stability reference conditions (SSS <=2) ,18,BLM rangeland acres (millions) with none-to-slight or slight-to-moderate departure from soil and site stability reference conditions (SSS <=2) ,
21. Estimated BLM range acres with SSS <= 2,9,BLM,2,79079438.00,1809279.00,0.02,76760754.00,81398122.00,SOIL AND SITE STABILITY HAD NONE-TO-SLIGHT OR SLIGHT-TO-MODERATE DEPARTURE FROM REFERENCE CONDITIONS (SSS <= 2),2015,Year,BLM rangeland acres (millions),acres,BLM rangeland acres (millions) with none-to-slight or slight-to-moderate departure from soil and site stability reference conditions (SSS <=2) ,18,BLM rangeland acres (millions) with none-to-slight or slight-to-moderate departure from soil and site stability reference conditions (SSS <=2) ,
21. Estimated BLM range acres with SSS <= 2,9,BLM,NA,129448263.00,2026419.00,0.02,126851303.00,132045223.00,SOIL AND SITE STABILITY HAD NONE-TO-SLIGHT OR SLIGHT-TO-MODERATE DEPARTURE FROM REFERENCE CONDITIONS (SSS <= 2),2019,Year,BLM rangeland acres (millions),acres,BLM rangeland acres (millions) with none-to-slight or slight-to-moderate departure from soil and site stability reference conditions (SSS <=2) ,18,BLM rangeland acres (millions) with none-to-slight or slight-to-moderate departure from soil and site stability reference conditions (SSS <=2) ,
21. Estimated BLM range acres with SSS <= 2,9,BLM,1,51516861.00,845555.00,0.02,50433239.00,52600483.00,SOIL AND SITE STABILITY HAD NONE-TO-SLIGHT OR SLIGHT-TO-MODERATE DEPARTURE FROM REFERENCE CONDITIONS (SSS <= 2),2019,Year,BLM rangeland acres (millions),acres,BLM rangeland acres (millions) with none-to-slight or slight-to-moderate departure from soil and site stability reference conditions (SSS <=2) ,18,BLM rangeland acres (millions) with none-to-slight or slight-to-moderate departure from soil and site stability reference conditions (SSS <=2) ,
21. Estimated BLM range acres with SSS <= 2,9,BLM,1,51223370.00,523422.00,0.01,50552578.00,51894161.00,SOIL AND SITE STABILITY HAD NONE-TO-SLIGHT OR SLIGHT-TO-MODERATE DEPARTURE FROM REFERENCE CONDITIONS (SSS <= 2),2017,Year,BLM rangeland acres (millions),acres,BLM rangeland acres (millions) with none-to-slight or slight-to-moderate departure from soil and site stability reference conditions (SSS <=2) ,18,BLM rangeland acres (millions) with none-to-slight or slight-to-moderate departure from soil and site stability reference conditions (SSS <=2) ,
21. Estimated BLM range acres with SSS <= 2,9,BLM,1,48062375.00,859864.00,0.02,46960415.00,49164335.00,SOIL AND SITE STABILITY HAD NONE-TO-SLIGHT OR SLIGHT-TO-MODERATE DEPARTURE FROM REFERENCE CONDITIONS (SSS <= 2),2012,Year,BLM rangeland acres (millions),acres,BLM rangeland acres (millions) with none-to-slight or slight-to-moderate departure from soil and site stability reference conditions (SSS <=2) ,18,BLM rangeland acres (millions) with none-to-slight or slight-to-moderate departure from soil and site stability reference conditions (SSS <=2) ,
21. Estimated BLM range acres with SSS <= 2,9,BLM,2,78413461.00,2925107.00,0.04,74664785.00,82162137.00,SOIL AND SITE STABILITY HAD NONE-TO-SLIGHT OR SLIGHT-TO-MODERATE DEPARTURE FROM REFERENCE CONDITIONS (SSS <= 2),2017,Year,BLM rangeland acres (millions),acres,BLM rangeland acres (millions) with none-to-slight or slight-to-moderate departure from soil and site stability reference conditions (SSS <=2) ,18,BLM rangeland acres (millions) with none-to-slight or slight-to-moderate departure from soil and site stability reference conditions (SSS <=2) ,
21. Estimated BLM range acres with SSS <= 2,9,BLM,NA,129636830.00,2886375.00,0.02,125937791.00,133335869.00,SOIL AND SITE STABILITY HAD NONE-TO-SLIGHT OR SLIGHT-TO-MODERATE DEPARTURE FROM REFERENCE CONDITIONS (SSS <= 2),2017,Year,BLM rangeland acres (millions),acres,BLM rangeland acres (millions) with none-to-slight or slight-to-moderate departure from soil and site stability reference conditions (SSS <=2) ,18,BLM rangeland acres (millions) with none-to-slight or slight-to-moderate departure from soil and site stability reference conditions (SSS <=2) ,
21. Estimated BLM range acres with SSS <= 2,9,BLM,2,77931402.00,2009885.00,0.03,75355630.00,80507174.00,SOIL AND SITE STABILITY HAD NONE-TO-SLIGHT OR SLIGHT-TO-MODERATE DEPARTURE FROM REFERENCE CONDITIONS (SSS <= 2),2019,Year,BLM rangeland acres (millions),acres,BLM rangeland acres (millions) with none-to-slight or slight-to-moderate departure from soil and site stability reference conditions (SSS <=2) ,18,BLM rangeland acres (millions) with none-to-slight or slight-to-moderate departure from soil and site stability reference conditions (SSS <=2) ,
22. Estimated % of BLM range acres with SSS = 3,10,BLM,1,3.86,1.11,0.29,2.44,5.28,SOIL AND SITE STABILITY HAD MODERATE DEPARTURE FROM REFERENCE CONDITIONS (SSS = 3),2011,Year,Percent of BLM rangeland ,percent,Proportion of BLM rangelands with moderate departure from soil and site stability reference conditions (SSS = 3) (80% confidence interval) ,19,Proportion of BLM rangelands with moderate departure from soil and site stability reference conditions (SSS = 3) (80% confidence interval) ,
22. Estimated % of BLM range acres with SSS = 3,10,BLM,2,8.77,1.08,0.12,7.38,10.15,SOIL AND SITE STABILITY HAD MODERATE DEPARTURE FROM REFERENCE CONDITIONS (SSS = 3),2015,Year,Percent of BLM rangeland ,percent,Proportion of BLM rangelands with moderate departure from soil and site stability reference conditions (SSS = 3) (80% confidence interval) ,19,Proportion of BLM rangelands with moderate departure from soil and site stability reference conditions (SSS = 3) (80% confidence interval) ,
22. Estimated % of BLM range acres with SSS = 3,10,BLM,NA,5.83,0.84,0.14,4.76,6.91,SOIL AND SITE STABILITY HAD MODERATE DEPARTURE FROM REFERENCE CONDITIONS (SSS = 3),2011,Year,Percent of BLM rangeland ,percent,Proportion of BLM rangelands with moderate departure from soil and site stability reference conditions (SSS = 3) (80% confidence interval) ,19,Proportion of BLM rangelands with moderate departure from soil and site stability reference conditions (SSS = 3) (80% confidence interval) ,
22. Estimated % of BLM range acres with SSS = 3,10,BLM,1,5.37,0.64,0.12,4.55,6.18,SOIL AND SITE STABILITY HAD MODERATE DEPARTURE FROM REFERENCE CONDITIONS (SSS = 3),2015,Year,Percent of BLM rangeland ,percent,Proportion of BLM rangelands with moderate departure from soil and site stability reference conditions (SSS = 3) (80% confidence interval) ,19,Proportion of BLM rangelands with moderate departure from soil and site stability reference conditions (SSS = 3) (80% confidence interval) ,
22. Estimated % of BLM range acres with SSS = 3,10,BLM,2,6.94,1.33,0.19,5.24,8.64,SOIL AND SITE STABILITY HAD MODERATE DEPARTURE FROM REFERENCE CONDITIONS (SSS = 3),2011,Year,Percent of BLM rangeland ,percent,Proportion of BLM rangelands with moderate departure from soil and site stability reference conditions (SSS = 3) (80% confidence interval) ,19,Proportion of BLM rangelands with moderate departure from soil and site stability reference conditions (SSS = 3) (80% confidence interval) ,
22. Estimated % of BLM range acres with SSS = 3,10,BLM,NA,9.94,1.61,0.16,7.87,12.00,SOIL AND SITE STABILITY HAD MODERATE DEPARTURE FROM REFERENCE CONDITIONS (SSS = 3),2012,Year,Percent of BLM rangeland ,percent,Proportion of BLM rangelands with moderate departure from soil and site stability reference conditions (SSS = 3) (80% confidence interval) ,19,Proportion of BLM rangelands with moderate departure from soil and site stability reference conditions (SSS = 3) (80% confidence interval) ,
22. Estimated % of BLM range acres with SSS = 3,10,BLM,NA,7.64,0.75,0.10,6.67,8.60,SOIL AND SITE STABILITY HAD MODERATE DEPARTURE FROM REFERENCE CONDITIONS (SSS = 3),2015,Year,Percent of BLM rangeland ,percent,Proportion of BLM rangelands with moderate departure from soil and site stability reference conditions (SSS = 3) (80% confidence interval) ,19,Proportion of BLM rangelands with moderate departure from soil and site stability reference conditions (SSS = 3) (80% confidence interval) ,
22. Estimated % of BLM range acres with SSS = 3,10,BLM,NA,3.26,0.85,0.26,2.17,4.35,SOIL AND SITE STABILITY HAD MODERATE DEPARTURE FROM REFERENCE CONDITIONS (SSS = 3),2017,Year,Percent of BLM rangeland ,percent,Proportion of BLM rangelands with moderate departure from soil and site stability reference conditions (SSS = 3) (80% confidence interval) ,19,Proportion of BLM rangelands with moderate departure from soil and site stability reference conditions (SSS = 3) (80% confidence interval) ,
22. Estimated % of BLM range acres with SSS = 3,10,BLM,1,6.35,0.97,0.15,5.10,7.59,SOIL AND SITE STABILITY HAD MODERATE DEPARTURE FROM REFERENCE CONDITIONS (SSS = 3),2012,Year,Percent of BLM rangeland ,percent,Proportion of BLM rangelands with moderate departure from soil and site stability reference conditions (SSS = 3) (80% confidence interval) ,19,Proportion of BLM rangelands with moderate departure from soil and site stability reference conditions (SSS = 3) (80% confidence interval) ,
22. Estimated % of BLM range acres with SSS = 3,10,BLM,2,12.16,2.50,0.21,8.95,15.36,SOIL AND SITE STABILITY HAD MODERATE DEPARTURE FROM REFERENCE CONDITIONS (SSS = 3),2012,Year,Percent of BLM rangeland ,percent,Proportion of BLM rangelands with moderate departure from soil and site stability reference conditions (SSS = 3) (80% confidence interval) ,19,Proportion of BLM rangelands with moderate departure from soil and site stability reference conditions (SSS = 3) (80% confidence interval) ,
22. Estimated % of BLM range acres with SSS = 3,10,BLM,2,8.26,1.08,0.13,6.88,9.64,SOIL AND SITE STABILITY HAD MODERATE DEPARTURE FROM REFERENCE CONDITIONS (SSS = 3),2014,Year,Percent of BLM rangeland ,percent,Proportion of BLM rangelands with moderate departure from soil and site stability reference conditions (SSS = 3) (80% confidence interval) ,19,Proportion of BLM rangelands with moderate departure from soil and site stability reference conditions (SSS = 3) (80% confidence interval) ,
22. Estimated % of BLM range acres with SSS = 3,10,BLM,NA,3.31,0.83,0.25,2.24,4.37,SOIL AND SITE STABILITY HAD MODERATE DEPARTURE FROM REFERENCE CONDITIONS (SSS = 3),2019,Year,Percent of BLM rangeland ,percent,Proportion of BLM rangelands with moderate departure from soil and site stability reference conditions (SSS = 3) (80% confidence interval) ,19,Proportion of BLM rangelands with moderate departure from soil and site stability reference conditions (SSS = 3) (80% confidence interval) ,
22. Estimated % of BLM range acres with SSS = 3,10,BLM,2,7.62,1.22,0.16,6.05,9.18,SOIL AND SITE STABILITY HAD MODERATE DEPARTURE FROM REFERENCE CONDITIONS (SSS = 3),2016,Year,Percent of BLM rangeland ,percent,Proportion of BLM rangelands with moderate departure from soil and site stability reference conditions (SSS = 3) (80% confidence interval) ,19,Proportion of BLM rangelands with moderate departure from soil and site stability reference conditions (SSS = 3) (80% confidence interval) ,
22. Estimated % of BLM range acres with SSS = 3,10,BLM,1,3.92,0.53,0.14,3.24,4.61,SOIL AND SITE STABILITY HAD MODERATE DEPARTURE FROM REFERENCE CONDITIONS (SSS = 3),2014,Year,Percent of BLM rangeland ,percent,Proportion of BLM rangelands with moderate departure from soil and site stability reference conditions (SSS = 3) (80% confidence interval) ,19,Proportion of BLM rangelands with moderate departure from soil and site stability reference conditions (SSS = 3) (80% confidence interval) ,
22. Estimated % of BLM range acres with SSS = 3,10,BLM,2,3.92,1.29,0.33,2.27,5.58,SOIL AND SITE STABILITY HAD MODERATE DEPARTURE FROM REFERENCE CONDITIONS (SSS = 3),2017,Year,Percent of BLM rangeland ,percent,Proportion of BLM rangelands with moderate departure from soil and site stability reference conditions (SSS = 3) (80% confidence interval) ,19,Proportion of BLM rangelands with moderate departure from soil and site stability reference conditions (SSS = 3) (80% confidence interval) ,
22. Estimated % of BLM range acres with SSS = 3,10,BLM,2,4.60,1.22,0.27,3.04,6.16,SOIL AND SITE STABILITY HAD MODERATE DEPARTURE FROM REFERENCE CONDITIONS (SSS = 3),2019,Year,Percent of BLM rangeland ,percent,Proportion of BLM rangelands with moderate departure from soil and site stability reference conditions (SSS = 3) (80% confidence interval) ,19,Proportion of BLM rangelands with moderate departure from soil and site stability reference conditions (SSS = 3) (80% confidence interval) ,
22. Estimated % of BLM range acres with SSS = 3,10,BLM,1,3.52,0.55,0.16,2.82,4.22,SOIL AND SITE STABILITY HAD MODERATE DEPARTURE FROM REFERENCE CONDITIONS (SSS = 3),2016,Year,Percent of BLM rangeland ,percent,Proportion of BLM rangelands with moderate departure from soil and site stability reference conditions (SSS = 3) (80% confidence interval) ,19,Proportion of BLM rangelands with moderate departure from soil and site stability reference conditions (SSS = 3) (80% confidence interval) ,
22. Estimated % of BLM range acres with SSS = 3,10,BLM,NA,6.74,0.74,0.11,5.79,7.68,SOIL AND SITE STABILITY HAD MODERATE DEPARTURE FROM REFERENCE CONDITIONS (SSS = 3),2014,Year,Percent of BLM rangeland ,percent,Proportion of BLM rangelands with moderate departure from soil and site stability reference conditions (SSS = 3) (80% confidence interval) ,19,Proportion of BLM rangelands with moderate departure from soil and site stability reference conditions (SSS = 3) (80% confidence interval) ,
22. Estimated % of BLM range acres with SSS = 3,10,BLM,NA,4.63,0.64,0.14,3.81,5.45,SOIL AND SITE STABILITY HAD MODERATE DEPARTURE FROM REFERENCE CONDITIONS (SSS = 3),2018,Year,Percent of BLM rangeland ,percent,Proportion of BLM rangelands with moderate departure from soil and site stability reference conditions (SSS = 3) (80% confidence interval) ,19,Proportion of BLM rangelands with moderate departure from soil and site stability reference conditions (SSS = 3) (80% confidence interval) ,
22. Estimated % of BLM range acres with SSS = 3,10,BLM,1,4.49,0.77,0.17,3.50,5.48,SOIL AND SITE STABILITY HAD MODERATE DEPARTURE FROM REFERENCE CONDITIONS (SSS = 3),2018,Year,Percent of BLM rangeland ,percent,Proportion of BLM rangelands with moderate departure from soil and site stability reference conditions (SSS = 3) (80% confidence interval) ,19,Proportion of BLM rangelands with moderate departure from soil and site stability reference conditions (SSS = 3) (80% confidence interval) ,
22. Estimated % of BLM range acres with SSS = 3,10,BLM,1,2.17,0.62,0.28,1.38,2.96,SOIL AND SITE STABILITY HAD MODERATE DEPARTURE FROM REFERENCE CONDITIONS (SSS = 3),2017,Year,Percent of BLM rangeland ,percent,Proportion of BLM rangelands with moderate departure from soil and site stability reference conditions (SSS = 3) (80% confidence interval) ,19,Proportion of BLM rangelands with moderate departure from soil and site stability reference conditions (SSS = 3) (80% confidence interval) ,
22. Estimated % of BLM range acres with SSS = 3,10,BLM,NA,6.08,0.79,0.13,5.07,7.09,SOIL AND SITE STABILITY HAD MODERATE DEPARTURE FROM REFERENCE CONDITIONS (SSS = 3),2016,Year,Percent of BLM rangeland ,percent,Proportion of BLM rangelands with moderate departure from soil and site stability reference conditions (SSS = 3) (80% confidence interval) ,19,Proportion of BLM rangelands with moderate departure from soil and site stability reference conditions (SSS = 3) (80% confidence interval) ,
22. Estimated % of BLM range acres with SSS = 3,10,BLM,1,1.21,0.62,0.52,0.41,2.01,SOIL AND SITE STABILITY HAD MODERATE DEPARTURE FROM REFERENCE CONDITIONS (SSS = 3),2019,Year,Percent of BLM rangeland ,percent,Proportion of BLM rangelands with moderate departure from soil and site stability reference conditions (SSS = 3) (80% confidence interval) ,19,Proportion of BLM rangelands with moderate departure from soil and site stability reference conditions (SSS = 3) (80% confidence interval) ,
22. Estimated % of BLM range acres with SSS = 3,10,BLM,2,4.72,1.05,0.22,3.37,6.07,SOIL AND SITE STABILITY HAD MODERATE DEPARTURE FROM REFERENCE CONDITIONS (SSS = 3),2018,Year,Percent of BLM rangeland ,percent,Proportion of BLM rangelands with moderate departure from soil and site stability reference conditions (SSS = 3) (80% confidence interval) ,19,Proportion of BLM rangelands with moderate departure from soil and site stability reference conditions (SSS = 3) (80% confidence interval) ,
24. Estimated BLM range acres with SSS = 3,10,BLM,1,1890120.00,518797.00,0.27,1225022.00,2555217.00,SOIL AND SITE STABILITY HAD MODERATE DEPARTURE FROM REFERENCE CONDITIONS (SSS = 3),2011,Year,BLM rangeland acres (millions),acres,BLM rangeland acres (millions) with moderate departure from soil and site stability reference conditions (SSS = 3),20,BLM rangeland acres (millions) with moderate departure from soil and site stability reference conditions (SSS = 3),
24. Estimated BLM range acres with SSS = 3,10,BLM,NA,13635822.00,2290127.00,0.17,10700906.00,16570737.00,SOIL AND SITE STABILITY HAD MODERATE DEPARTURE FROM REFERENCE CONDITIONS (SSS = 3),2012,Year,BLM rangeland acres (millions),acres,BLM rangeland acres (millions) with moderate departure from soil and site stability reference conditions (SSS = 3),20,BLM rangeland acres (millions) with moderate departure from soil and site stability reference conditions (SSS = 3),
24. Estimated BLM range acres with SSS = 3,10,BLM,1,3323748.00,518286.00,0.16,2659537.00,3987958.00,SOIL AND SITE STABILITY HAD MODERATE DEPARTURE FROM REFERENCE CONDITIONS (SSS = 3),2012,Year,BLM rangeland acres (millions),acres,BLM rangeland acres (millions) with moderate departure from soil and site stability reference conditions (SSS = 3),20,BLM rangeland acres (millions) with moderate departure from soil and site stability reference conditions (SSS = 3),
24. Estimated BLM range acres with SSS = 3,10,BLM,1,2389921.00,284352.00,0.12,2025508.00,2754333.00,SOIL AND SITE STABILITY HAD MODERATE DEPARTURE FROM REFERENCE CONDITIONS (SSS = 3),2015,Year,BLM rangeland acres (millions),acres,BLM rangeland acres (millions) with moderate departure from soil and site stability reference conditions (SSS = 3),20,BLM rangeland acres (millions) with moderate departure from soil and site stability reference conditions (SSS = 3),
24. Estimated BLM range acres with SSS = 3,10,BLM,NA,9966377.00,1085421.00,0.11,8575355.00,11357400.00,SOIL AND SITE STABILITY HAD MODERATE DEPARTURE FROM REFERENCE CONDITIONS (SSS = 3),2014,Year,BLM rangeland acres (millions),acres,BLM rangeland acres (millions) with moderate departure from soil and site stability reference conditions (SSS = 3),20,BLM rangeland acres (millions) with moderate departure from soil and site stability reference conditions (SSS = 3),
24. Estimated BLM range acres with SSS = 3,10,BLM,2,10312074.00,2214224.00,0.22,7474432.00,13149716.00,SOIL AND SITE STABILITY HAD MODERATE DEPARTURE FROM REFERENCE CONDITIONS (SSS = 3),2012,Year,BLM rangeland acres (millions),acres,BLM rangeland acres (millions) with moderate departure from soil and site stability reference conditions (SSS = 3),20,BLM rangeland acres (millions) with moderate departure from soil and site stability reference conditions (SSS = 3),
24. Estimated BLM range acres with SSS = 3,10,BLM,NA,7955582.00,1090014.00,0.14,6558184.00,9352979.00,SOIL AND SITE STABILITY HAD MODERATE DEPARTURE FROM REFERENCE CONDITIONS (SSS = 3),2011,Year,BLM rangeland acres (millions),acres,BLM rangeland acres (millions) with moderate departure from soil and site stability reference conditions (SSS = 3),20,BLM rangeland acres (millions) with moderate departure from soil and site stability reference conditions (SSS = 3),
24. Estimated BLM range acres with SSS = 3,10,BLM,NA,10225977.00,1051163.00,0.10,8878858.00,11573097.00,SOIL AND SITE STABILITY HAD MODERATE DEPARTURE FROM REFERENCE CONDITIONS (SSS = 3),2015,Year,BLM rangeland acres (millions),acres,BLM rangeland acres (millions) with moderate departure from soil and site stability reference conditions (SSS = 3),20,BLM rangeland acres (millions) with moderate departure from soil and site stability reference conditions (SSS = 3),
24. Estimated BLM range acres with SSS = 3,10,BLM,2,4074207.00,895878.00,0.22,2926094.00,5222320.00,SOIL AND SITE STABILITY HAD MODERATE DEPARTURE FROM REFERENCE CONDITIONS (SSS = 3),2018,Year,BLM rangeland acres (millions),acres,BLM rangeland acres (millions) with moderate departure from soil and site stability reference conditions (SSS = 3),20,BLM rangeland acres (millions) with moderate departure from soil and site stability reference conditions (SSS = 3),
24. Estimated BLM range acres with SSS = 3,10,BLM,1,2036578.00,276137.00,0.14,1682694.00,2390462.00,SOIL AND SITE STABILITY HAD MODERATE DEPARTURE FROM REFERENCE CONDITIONS (SSS = 3),2014,Year,BLM rangeland acres (millions),acres,BLM rangeland acres (millions) with moderate departure from soil and site stability reference conditions (SSS = 3),20,BLM rangeland acres (millions) with moderate departure from soil and site stability reference conditions (SSS = 3),
24. Estimated BLM range acres with SSS = 3,10,BLM,2,6065462.00,1010592.00,0.17,4769884.00,7361041.00,SOIL AND SITE STABILITY HAD MODERATE DEPARTURE FROM REFERENCE CONDITIONS (SSS = 3),2011,Year,BLM rangeland acres (millions),acres,BLM rangeland acres (millions) with moderate departure from soil and site stability reference conditions (SSS = 3),20,BLM rangeland acres (millions) with moderate departure from soil and site stability reference conditions (SSS = 3),
24. Estimated BLM range acres with SSS = 3,10,BLM,2,6627747.00,1058839.00,0.16,5270790.00,7984704.00,SOIL AND SITE STABILITY HAD MODERATE DEPARTURE FROM REFERENCE CONDITIONS (SSS = 3),2016,Year,BLM rangeland acres (millions),acres,BLM rangeland acres (millions) with moderate departure from soil and site stability reference conditions (SSS = 3),20,BLM rangeland acres (millions) with moderate departure from soil and site stability reference conditions (SSS = 3),
24. Estimated BLM range acres with SSS = 3,10,BLM,1,2330704.00,400235.00,0.17,1817782.00,2843626.00,SOIL AND SITE STABILITY HAD MODERATE DEPARTURE FROM REFERENCE CONDITIONS (SSS = 3),2018,Year,BLM rangeland acres (millions),acres,BLM rangeland acres (millions) with moderate departure from soil and site stability reference conditions (SSS = 3),20,BLM rangeland acres (millions) with moderate departure from soil and site stability reference conditions (SSS = 3),
24. Estimated BLM range acres with SSS = 3,10,BLM,1,1834093.00,284477.00,0.16,1469521.00,2198665.00,SOIL AND SITE STABILITY HAD MODERATE DEPARTURE FROM REFERENCE CONDITIONS (SSS = 3),2016,Year,BLM rangeland acres (millions),acres,BLM rangeland acres (millions) with moderate departure from soil and site stability reference conditions (SSS = 3),20,BLM rangeland acres (millions) with moderate departure from soil and site stability reference conditions (SSS = 3),
24. Estimated BLM range acres with SSS = 3,10,BLM,2,7929800.00,1033333.00,0.13,6605530.00,9254069.00,SOIL AND SITE STABILITY HAD MODERATE DEPARTURE FROM REFERENCE CONDITIONS (SSS = 3),2014,Year,BLM rangeland acres (millions),acres,BLM rangeland acres (millions) with moderate departure from soil and site stability reference conditions (SSS = 3),20,BLM rangeland acres (millions) with moderate departure from soil and site stability reference conditions (SSS = 3),
24. Estimated BLM range acres with SSS = 3,10,BLM,2,3888465.00,1023183.00,0.26,2577203.00,5199728.00,SOIL AND SITE STABILITY HAD MODERATE DEPARTURE FROM REFERENCE CONDITIONS (SSS = 3),2019,Year,BLM rangeland acres (millions),acres,BLM rangeland acres (millions) with moderate departure from soil and site stability reference conditions (SSS = 3),20,BLM rangeland acres (millions) with moderate departure from soil and site stability reference conditions (SSS = 3),
24. Estimated BLM range acres with SSS = 3,10,BLM,NA,6404911.00,871465.00,0.14,5288084.00,7521738.00,SOIL AND SITE STABILITY HAD MODERATE DEPARTURE FROM REFERENCE CONDITIONS (SSS = 3),2018,Year,BLM rangeland acres (millions),acres,BLM rangeland acres (millions) with moderate departure from soil and site stability reference conditions (SSS = 3),20,BLM rangeland acres (millions) with moderate departure from soil and site stability reference conditions (SSS = 3),
24. Estimated BLM range acres with SSS = 3,10,BLM,NA,8461840.00,1088001.00,0.13,7067511.00,9856169.00,SOIL AND SITE STABILITY HAD MODERATE DEPARTURE FROM REFERENCE CONDITIONS (SSS = 3),2016,Year,BLM rangeland acres (millions),acres,BLM rangeland acres (millions) with moderate departure from soil and site stability reference conditions (SSS = 3),20,BLM rangeland acres (millions) with moderate departure from soil and site stability reference conditions (SSS = 3),
24. Estimated BLM range acres with SSS = 3,10,BLM,2,7836057.00,1028115.00,0.13,6518474.00,9153640.00,SOIL AND SITE STABILITY HAD MODERATE DEPARTURE FROM REFERENCE CONDITIONS (SSS = 3),2015,Year,BLM rangeland acres (millions),acres,BLM rangeland acres (millions) with moderate departure from soil and site stability reference conditions (SSS = 3),20,BLM rangeland acres (millions) with moderate departure from soil and site stability reference conditions (SSS = 3),
24. Estimated BLM range acres with SSS = 3,10,BLM,2,3346027.00,1121200.00,0.34,1909151.00,4782902.00,SOIL AND SITE STABILITY HAD MODERATE DEPARTURE FROM REFERENCE CONDITIONS (SSS = 3),2017,Year,BLM rangeland acres (millions),acres,BLM rangeland acres (millions) with moderate departure from soil and site stability reference conditions (SSS = 3),20,BLM rangeland acres (millions) with moderate departure from soil and site stability reference conditions (SSS = 3),
24. Estimated BLM range acres with SSS = 3,10,BLM,1,628752.00,324719.00,0.52,212608.00,1044897.00,SOIL AND SITE STABILITY HAD MODERATE DEPARTURE FROM REFERENCE CONDITIONS (SSS = 3),2019,Year,BLM rangeland acres (millions),acres,BLM rangeland acres (millions) with moderate departure from soil and site stability reference conditions (SSS = 3),20,BLM rangeland acres (millions) with moderate departure from soil and site stability reference conditions (SSS = 3),
24. Estimated BLM range acres with SSS = 3,10,BLM,1,1138821.00,326377.00,0.29,720552.00,1557090.00,SOIL AND SITE STABILITY HAD MODERATE DEPARTURE FROM REFERENCE CONDITIONS (SSS = 3),2017,Year,BLM rangeland acres (millions),acres,BLM rangeland acres (millions) with moderate departure from soil and site stability reference conditions (SSS = 3),20,BLM rangeland acres (millions) with moderate departure from soil and site stability reference conditions (SSS = 3),
24. Estimated BLM range acres with SSS = 3,10,BLM,NA,4484847.00,1189427.00,0.27,2960535.00,6009159.00,SOIL AND SITE STABILITY HAD MODERATE DEPARTURE FROM REFERENCE CONDITIONS (SSS = 3),2017,Year,BLM rangeland acres (millions),acres,BLM rangeland acres (millions) with moderate departure from soil and site stability reference conditions (SSS = 3),20,BLM rangeland acres (millions) with moderate departure from soil and site stability reference conditions (SSS = 3),
24. Estimated BLM range acres with SSS = 3,10,BLM,NA,4517218.00,1132717.00,0.25,3065583.00,5968852.00,SOIL AND SITE STABILITY HAD MODERATE DEPARTURE FROM REFERENCE CONDITIONS (SSS = 3),2019,Year,BLM rangeland acres (millions),acres,BLM rangeland acres (millions) with moderate departure from soil and site stability reference conditions (SSS = 3),20,BLM rangeland acres (millions) with moderate departure from soil and site stability reference conditions (SSS = 3),
25. Estimated % of BLM range acres with SSS >= 4,12,BLM,NA,2.83,0.78,0.28,1.83,3.83,SOIL AND SITE STABILITY HAD MODERATE-TO-EXTREME OR EXTREME-TO-TOTAL DEPARTURE FROM REFERENCE CONDITIONS (SSS >= 4),2012,Year,Percent of rangeland acres on BLM-administered lands,percent,Proportion of BLM rangelands with moderate-to-extreme or extreme-to-total departure from soil and site stability reference conditions (SSS >= 4) (80% confidence interval) ,23,Proportion of BLM rangelands with moderate-to-extreme or extreme-to-total departure from soil and site stability reference conditions (SSS >= 4) (80% confidence interval) ,
25. Estimated % of BLM range acres with SSS >= 4,12,BLM,NA,2.26,0.57,0.25,1.53,3.00,SOIL AND SITE STABILITY HAD MODERATE-TO-EXTREME OR EXTREME-TO-TOTAL DEPARTURE FROM REFERENCE CONDITIONS (SSS >= 4),2015,Year,Percent of rangeland acres on BLM-administered lands,percent,Proportion of BLM rangelands with moderate-to-extreme or extreme-to-total departure from soil and site stability reference conditions (SSS >= 4) (80% confidence interval) ,23,Proportion of BLM rangelands with moderate-to-extreme or extreme-to-total departure from soil and site stability reference conditions (SSS >= 4) (80% confidence interval) ,
25. Estimated % of BLM range acres with SSS >= 4,12,BLM,2,4.31,0.93,0.22,3.12,5.51,SOIL AND SITE STABILITY HAD MODERATE-TO-EXTREME OR EXTREME-TO-TOTAL DEPARTURE FROM REFERENCE CONDITIONS (SSS >= 4),2011,Year,Percent of rangeland acres on BLM-administered lands,percent,Proportion of BLM rangelands with moderate-to-extreme or extreme-to-total departure from soil and site stability reference conditions (SSS >= 4) (80% confidence interval) ,23,Proportion of BLM rangelands with moderate-to-extreme or extreme-to-total departure from soil and site stability reference conditions (SSS >= 4) (80% confidence interval) ,
25. Estimated % of BLM range acres with SSS >= 4,12,BLM,2,1.87,0.76,0.41,0.89,2.85,SOIL AND SITE STABILITY HAD MODERATE-TO-EXTREME OR EXTREME-TO-TOTAL DEPARTURE FROM REFERENCE CONDITIONS (SSS >= 4),2014,Year,Percent of rangeland acres on BLM-administered lands,percent,Proportion of BLM rangelands with moderate-to-extreme or extreme-to-total departure from soil and site stability reference conditions (SSS >= 4) (80% confidence interval) ,23,Proportion of BLM rangelands with moderate-to-extreme or extreme-to-total departure from soil and site stability reference conditions (SSS >= 4) (80% confidence interval) ,
25. Estimated % of BLM range acres with SSS >= 4,12,BLM,1,1.88,0.46,0.24,1.29,2.46,SOIL AND SITE STABILITY HAD MODERATE-TO-EXTREME OR EXTREME-TO-TOTAL DEPARTURE FROM REFERENCE CONDITIONS (SSS >= 4),2012,Year,Percent of rangeland acres on BLM-administered lands,percent,Proportion of BLM rangelands with moderate-to-extreme or extreme-to-total departure from soil and site stability reference conditions (SSS >= 4) (80% confidence interval) ,23,Proportion of BLM rangelands with moderate-to-extreme or extreme-to-total departure from soil and site stability reference conditions (SSS >= 4) (80% confidence interval) ,
25. Estimated % of BLM range acres with SSS >= 4,12,BLM,1,0.00,0.00,0.00,0.00,0.00,SOIL AND SITE STABILITY HAD MODERATE-TO-EXTREME OR EXTREME-TO-TOTAL DEPARTURE FROM REFERENCE CONDITIONS (SSS >= 4),2011,Year,Percent of rangeland acres on BLM-administered lands,percent,Proportion of BLM rangelands with moderate-to-extreme or extreme-to-total departure from soil and site stability reference conditions (SSS >= 4) (80% confidence interval) ,23,Proportion of BLM rangelands with moderate-to-extreme or extreme-to-total departure from soil and site stability reference conditions (SSS >= 4) (80% confidence interval) ,
25. Estimated % of BLM range acres with SSS >= 4,12,BLM,NA,1.70,0.41,0.24,1.18,2.22,SOIL AND SITE STABILITY HAD MODERATE-TO-EXTREME OR EXTREME-TO-TOTAL DEPARTURE FROM REFERENCE CONDITIONS (SSS >= 4),2016,Year,Percent of rangeland acres on BLM-administered lands,percent,Proportion of BLM rangelands with moderate-to-extreme or extreme-to-total departure from soil and site stability reference conditions (SSS >= 4) (80% confidence interval) ,23,Proportion of BLM rangelands with moderate-to-extreme or extreme-to-total departure from soil and site stability reference conditions (SSS >= 4) (80% confidence interval) ,
25. Estimated % of BLM range acres with SSS >= 4,12,BLM,1,0.85,0.23,0.28,0.55,1.16,SOIL AND SITE STABILITY HAD MODERATE-TO-EXTREME OR EXTREME-TO-TOTAL DEPARTURE FROM REFERENCE CONDITIONS (SSS >= 4),2016,Year,Percent of rangeland acres on BLM-administered lands,percent,Proportion of BLM rangelands with moderate-to-extreme or extreme-to-total departure from soil and site stability reference conditions (SSS >= 4) (80% confidence interval) ,23,Proportion of BLM rangelands with moderate-to-extreme or extreme-to-total departure from soil and site stability reference conditions (SSS >= 4) (80% confidence interval) ,
25. Estimated % of BLM range acres with SSS >= 4,12,BLM,2,2.21,0.67,0.31,1.34,3.07,SOIL AND SITE STABILITY HAD MODERATE-TO-EXTREME OR EXTREME-TO-TOTAL DEPARTURE FROM REFERENCE CONDITIONS (SSS >= 4),2016,Year,Percent of rangeland acres on BLM-administered lands,percent,Proportion of BLM rangelands with moderate-to-extreme or extreme-to-total departure from soil and site stability reference conditions (SSS >= 4) (80% confidence interval) ,23,Proportion of BLM rangelands with moderate-to-extreme or extreme-to-total departure from soil and site stability reference conditions (SSS >= 4) (80% confidence interval) ,
25. Estimated % of BLM range acres with SSS >= 4,12,BLM,1,0.58,0.19,0.33,0.34,0.82,SOIL AND SITE STABILITY HAD MODERATE-TO-EXTREME OR EXTREME-TO-TOTAL DEPARTURE FROM REFERENCE CONDITIONS (SSS >= 4),2014,Year,Percent of rangeland acres on BLM-administered lands,percent,Proportion of BLM rangelands with moderate-to-extreme or extreme-to-total departure from soil and site stability reference conditions (SSS >= 4) (80% confidence interval) ,23,Proportion of BLM rangelands with moderate-to-extreme or extreme-to-total departure from soil and site stability reference conditions (SSS >= 4) (80% confidence interval) ,
25. Estimated % of BLM range acres with SSS >= 4,12,BLM,2,3.41,1.33,0.39,1.70,5.12,SOIL AND SITE STABILITY HAD MODERATE-TO-EXTREME OR EXTREME-TO-TOTAL DEPARTURE FROM REFERENCE CONDITIONS (SSS >= 4),2012,Year,Percent of rangeland acres on BLM-administered lands,percent,Proportion of BLM rangelands with moderate-to-extreme or extreme-to-total departure from soil and site stability reference conditions (SSS >= 4) (80% confidence interval) ,23,Proportion of BLM rangelands with moderate-to-extreme or extreme-to-total departure from soil and site stability reference conditions (SSS >= 4) (80% confidence interval) ,
25. Estimated % of BLM range acres with SSS >= 4,12,BLM,NA,2.60,0.73,0.28,1.67,3.54,SOIL AND SITE STABILITY HAD MODERATE-TO-EXTREME OR EXTREME-TO-TOTAL DEPARTURE FROM REFERENCE CONDITIONS (SSS >= 4),2017,Year,Percent of rangeland acres on BLM-administered lands,percent,Proportion of BLM rangelands with moderate-to-extreme or extreme-to-total departure from soil and site stability reference conditions (SSS >= 4) (80% confidence interval) ,23,Proportion of BLM rangelands with moderate-to-extreme or extreme-to-total departure from soil and site stability reference conditions (SSS >= 4) (80% confidence interval) ,
25. Estimated % of BLM range acres with SSS >= 4,12,BLM,1,0.11,0.11,1.00,0.00,0.24,SOIL AND SITE STABILITY HAD MODERATE-TO-EXTREME OR EXTREME-TO-TOTAL DEPARTURE FROM REFERENCE CONDITIONS (SSS >= 4),2017,Year,Percent of rangeland acres on BLM-administered lands,percent,Proportion of BLM rangelands with moderate-to-extreme or extreme-to-total departure from soil and site stability reference conditions (SSS >= 4) (80% confidence interval) ,23,Proportion of BLM rangelands with moderate-to-extreme or extreme-to-total departure from soil and site stability reference conditions (SSS >= 4) (80% confidence interval) ,
25. Estimated % of BLM range acres with SSS >= 4,12,BLM,NA,1.42,0.49,0.35,0.79,2.04,SOIL AND SITE STABILITY HAD MODERATE-TO-EXTREME OR EXTREME-TO-TOTAL DEPARTURE FROM REFERENCE CONDITIONS (SSS >= 4),2014,Year,Percent of rangeland acres on BLM-administered lands,percent,Proportion of BLM rangelands with moderate-to-extreme or extreme-to-total departure from soil and site stability reference conditions (SSS >= 4) (80% confidence interval) ,23,Proportion of BLM rangelands with moderate-to-extreme or extreme-to-total departure from soil and site stability reference conditions (SSS >= 4) (80% confidence interval) ,
25. Estimated % of BLM range acres with SSS >= 4,12,BLM,2,2.77,0.86,0.31,1.67,3.87,SOIL AND SITE STABILITY HAD MODERATE-TO-EXTREME OR EXTREME-TO-TOTAL DEPARTURE FROM REFERENCE CONDITIONS (SSS >= 4),2015,Year,Percent of rangeland acres on BLM-administered lands,percent,Proportion of BLM rangelands with moderate-to-extreme or extreme-to-total departure from soil and site stability reference conditions (SSS >= 4) (80% confidence interval) ,23,Proportion of BLM rangelands with moderate-to-extreme or extreme-to-total departure from soil and site stability reference conditions (SSS >= 4) (80% confidence interval) ,
25. Estimated % of BLM range acres with SSS >= 4,12,BLM,NA,2.76,0.58,0.21,2.01,3.51,SOIL AND SITE STABILITY HAD MODERATE-TO-EXTREME OR EXTREME-TO-TOTAL DEPARTURE FROM REFERENCE CONDITIONS (SSS >= 4),2011,Year,Percent of rangeland acres on BLM-administered lands,percent,Proportion of BLM rangelands with moderate-to-extreme or extreme-to-total departure from soil and site stability reference conditions (SSS >= 4) (80% confidence interval) ,23,Proportion of BLM rangelands with moderate-to-extreme or extreme-to-total departure from soil and site stability reference conditions (SSS >= 4) (80% confidence interval) ,
25. Estimated % of BLM range acres with SSS >= 4,12,BLM,NA,2.06,0.60,0.29,1.29,2.82,SOIL AND SITE STABILITY HAD MODERATE-TO-EXTREME OR EXTREME-TO-TOTAL DEPARTURE FROM REFERENCE CONDITIONS (SSS >= 4),2018,Year,Percent of rangeland acres on BLM-administered lands,percent,Proportion of BLM rangelands with moderate-to-extreme or extreme-to-total departure from soil and site stability reference conditions (SSS >= 4) (80% confidence interval) ,23,Proportion of BLM rangelands with moderate-to-extreme or extreme-to-total departure from soil and site stability reference conditions (SSS >= 4) (80% confidence interval) ,
25. Estimated % of BLM range acres with SSS >= 4,12,BLM,1,0.15,0.10,0.70,0.01,0.28,SOIL AND SITE STABILITY HAD MODERATE-TO-EXTREME OR EXTREME-TO-TOTAL DEPARTURE FROM REFERENCE CONDITIONS (SSS >= 4),2018,Year,Percent of rangeland acres on BLM-administered lands,percent,Proportion of BLM rangelands with moderate-to-extreme or extreme-to-total departure from soil and site stability reference conditions (SSS >= 4) (80% confidence interval) ,23,Proportion of BLM rangelands with moderate-to-extreme or extreme-to-total departure from soil and site stability reference conditions (SSS >= 4) (80% confidence interval) ,
25. Estimated % of BLM range acres with SSS >= 4,12,BLM,1,1.25,0.38,0.31,0.76,1.74,SOIL AND SITE STABILITY HAD MODERATE-TO-EXTREME OR EXTREME-TO-TOTAL DEPARTURE FROM REFERENCE CONDITIONS (SSS >= 4),2015,Year,Percent of rangeland acres on BLM-administered lands,percent,Proportion of BLM rangelands with moderate-to-extreme or extreme-to-total departure from soil and site stability reference conditions (SSS >= 4) (80% confidence interval) ,23,Proportion of BLM rangelands with moderate-to-extreme or extreme-to-total departure from soil and site stability reference conditions (SSS >= 4) (80% confidence interval) ,
25. Estimated % of BLM range acres with SSS >= 4,12,BLM,2,3.17,0.91,0.29,2.01,4.34,SOIL AND SITE STABILITY HAD MODERATE-TO-EXTREME OR EXTREME-TO-TOTAL DEPARTURE FROM REFERENCE CONDITIONS (SSS >= 4),2019,Year,Percent of rangeland acres on BLM-administered lands,percent,Proportion of BLM rangelands with moderate-to-extreme or extreme-to-total departure from soil and site stability reference conditions (SSS >= 4) (80% confidence interval) ,23,Proportion of BLM rangelands with moderate-to-extreme or extreme-to-total departure from soil and site stability reference conditions (SSS >= 4) (80% confidence interval) ,
25. Estimated % of BLM range acres with SSS >= 4,12,BLM,2,4.14,1.18,0.28,2.63,5.65,SOIL AND SITE STABILITY HAD MODERATE-TO-EXTREME OR EXTREME-TO-TOTAL DEPARTURE FROM REFERENCE CONDITIONS (SSS >= 4),2017,Year,Percent of rangeland acres on BLM-administered lands,percent,Proportion of BLM rangelands with moderate-to-extreme or extreme-to-total departure from soil and site stability reference conditions (SSS >= 4) (80% confidence interval) ,23,Proportion of BLM rangelands with moderate-to-extreme or extreme-to-total departure from soil and site stability reference conditions (SSS >= 4) (80% confidence interval) ,
25. Estimated % of BLM range acres with SSS >= 4,12,BLM,NA,1.96,0.56,0.29,1.25,2.68,SOIL AND SITE STABILITY HAD MODERATE-TO-EXTREME OR EXTREME-TO-TOTAL DEPARTURE FROM REFERENCE CONDITIONS (SSS >= 4),2019,Year,Percent of rangeland acres on BLM-administered lands,percent,Proportion of BLM rangelands with moderate-to-extreme or extreme-to-total departure from soil and site stability reference conditions (SSS >= 4) (80% confidence interval) ,23,Proportion of BLM rangelands with moderate-to-extreme or extreme-to-total departure from soil and site stability reference conditions (SSS >= 4) (80% confidence interval) ,
25. Estimated % of BLM range acres with SSS >= 4,12,BLM,1,0.00,0.00,0.00,0.00,0.00,SOIL AND SITE STABILITY HAD MODERATE-TO-EXTREME OR EXTREME-TO-TOTAL DEPARTURE FROM REFERENCE CONDITIONS (SSS >= 4),2019,Year,Percent of rangeland acres on BLM-administered lands,percent,Proportion of BLM rangelands with moderate-to-extreme or extreme-to-total departure from soil and site stability reference conditions (SSS >= 4) (80% confidence interval) ,23,Proportion of BLM rangelands with moderate-to-extreme or extreme-to-total departure from soil and site stability reference conditions (SSS >= 4) (80% confidence interval) ,
25. Estimated % of BLM range acres with SSS >= 4,12,BLM,2,3.21,0.96,0.30,1.98,4.43,SOIL AND SITE STABILITY HAD MODERATE-TO-EXTREME OR EXTREME-TO-TOTAL DEPARTURE FROM REFERENCE CONDITIONS (SSS >= 4),2018,Year,Percent of rangeland acres on BLM-administered lands,percent,Proportion of BLM rangelands with moderate-to-extreme or extreme-to-total departure from soil and site stability reference conditions (SSS >= 4) (80% confidence interval) ,23,Proportion of BLM rangelands with moderate-to-extreme or extreme-to-total departure from soil and site stability reference conditions (SSS >= 4) (80% confidence interval) ,
27. Estimated BLM range acres with SSS >= 4,12,BLM,NA,3876608.00,1056207.00,0.27,2523024.00,5230192.00,SOIL AND SITE STABILITY HAD MODERATE-TO-EXTREME OR EXTREME-TO-TOTAL DEPARTURE FROM REFERENCE CONDITIONS (SSS >= 4),2012,Year,BLM rangeland acres (millions),acres,BLM rangeland acres (millions) with moderate-to-extreme or extreme-to-total departure from soil and site stability reference conditions (SSS >= 4),24,BLM rangeland acres (millions) with moderate-to-extreme or extreme-to-total departure from soil and site stability reference conditions (SSS >= 4),
27. Estimated BLM range acres with SSS >= 4,12,BLM,1,983343.00,243801.00,0.25,670899.00,1295787.00,SOIL AND SITE STABILITY HAD MODERATE-TO-EXTREME OR EXTREME-TO-TOTAL DEPARTURE FROM REFERENCE CONDITIONS (SSS >= 4),2012,Year,BLM rangeland acres (millions),acres,BLM rangeland acres (millions) with moderate-to-extreme or extreme-to-total departure from soil and site stability reference conditions (SSS >= 4),24,BLM rangeland acres (millions) with moderate-to-extreme or extreme-to-total departure from soil and site stability reference conditions (SSS >= 4),
27. Estimated BLM range acres with SSS >= 4,12,BLM,1,0.00,0.00,0.00,0.00,0.00,SOIL AND SITE STABILITY HAD MODERATE-TO-EXTREME OR EXTREME-TO-TOTAL DEPARTURE FROM REFERENCE CONDITIONS (SSS >= 4),2011,Year,BLM rangeland acres (millions),acres,BLM rangeland acres (millions) with moderate-to-extreme or extreme-to-total departure from soil and site stability reference conditions (SSS >= 4),24,BLM rangeland acres (millions) with moderate-to-extreme or extreme-to-total departure from soil and site stability reference conditions (SSS >= 4),
27. Estimated BLM range acres with SSS >= 4,12,BLM,NA,3030925.00,763463.00,0.25,2052508.00,4009342.00,SOIL AND SITE STABILITY HAD MODERATE-TO-EXTREME OR EXTREME-TO-TOTAL DEPARTURE FROM REFERENCE CONDITIONS (SSS >= 4),2015,Year,BLM rangeland acres (millions),acres,BLM rangeland acres (millions) with moderate-to-extreme or extreme-to-total departure from soil and site stability reference conditions (SSS >= 4),24,BLM rangeland acres (millions) with moderate-to-extreme or extreme-to-total departure from soil and site stability reference conditions (SSS >= 4),
27. Estimated BLM range acres with SSS >= 4,12,BLM,NA,2096252.00,717067.00,0.34,1177294.00,3015210.00,SOIL AND SITE STABILITY HAD MODERATE-TO-EXTREME OR EXTREME-TO-TOTAL DEPARTURE FROM REFERENCE CONDITIONS (SSS >= 4),2014,Year,BLM rangeland acres (millions),acres,BLM rangeland acres (millions) with moderate-to-extreme or extreme-to-total departure from soil and site stability reference conditions (SSS >= 4),24,BLM rangeland acres (millions) with moderate-to-extreme or extreme-to-total departure from soil and site stability reference conditions (SSS >= 4),
27. Estimated BLM range acres with SSS >= 4,12,BLM,2,2893264.00,1120802.00,0.39,1456898.00,4329630.00,SOIL AND SITE STABILITY HAD MODERATE-TO-EXTREME OR EXTREME-TO-TOTAL DEPARTURE FROM REFERENCE CONDITIONS (SSS >= 4),2012,Year,BLM rangeland acres (millions),acres,BLM rangeland acres (millions) with moderate-to-extreme or extreme-to-total departure from soil and site stability reference conditions (SSS >= 4),24,BLM rangeland acres (millions) with moderate-to-extreme or extreme-to-total departure from soil and site stability reference conditions (SSS >= 4),
27. Estimated BLM range acres with SSS >= 4,12,BLM,NA,3769807.00,811630.00,0.22,2729297.00,4810317.00,SOIL AND SITE STABILITY HAD MODERATE-TO-EXTREME OR EXTREME-TO-TOTAL DEPARTURE FROM REFERENCE CONDITIONS (SSS >= 4),2011,Year,BLM rangeland acres (millions),acres,BLM rangeland acres (millions) with moderate-to-extreme or extreme-to-total departure from soil and site stability reference conditions (SSS >= 4),24,BLM rangeland acres (millions) with moderate-to-extreme or extreme-to-total departure from soil and site stability reference conditions (SSS >= 4),
27. Estimated BLM range acres with SSS >= 4,12,BLM,2,2475323.00,761364.00,0.31,1499596.00,3451050.00,SOIL AND SITE STABILITY HAD MODERATE-TO-EXTREME OR EXTREME-TO-TOTAL DEPARTURE FROM REFERENCE CONDITIONS (SSS >= 4),2015,Year,BLM rangeland acres (millions),acres,BLM rangeland acres (millions) with moderate-to-extreme or extreme-to-total departure from soil and site stability reference conditions (SSS >= 4),24,BLM rangeland acres (millions) with moderate-to-extreme or extreme-to-total departure from soil and site stability reference conditions (SSS >= 4),
27. Estimated BLM range acres with SSS >= 4,12,BLM,2,3769807.00,811630.00,0.22,2729297.00,4810317.00,SOIL AND SITE STABILITY HAD MODERATE-TO-EXTREME OR EXTREME-TO-TOTAL DEPARTURE FROM REFERENCE CONDITIONS (SSS >= 4),2011,Year,BLM rangeland acres (millions),acres,BLM rangeland acres (millions) with moderate-to-extreme or extreme-to-total departure from soil and site stability reference conditions (SSS >= 4),24,BLM rangeland acres (millions) with moderate-to-extreme or extreme-to-total departure from soil and site stability reference conditions (SSS >= 4),
27. Estimated BLM range acres with SSS >= 4,12,BLM,1,300700.00,97497.00,0.32,175752.00,425648.00,SOIL AND SITE STABILITY HAD MODERATE-TO-EXTREME OR EXTREME-TO-TOTAL DEPARTURE FROM REFERENCE CONDITIONS (SSS >= 4),2014,Year,BLM rangeland acres (millions),acres,BLM rangeland acres (millions) with moderate-to-extreme or extreme-to-total departure from soil and site stability reference conditions (SSS >= 4),24,BLM rangeland acres (millions) with moderate-to-extreme or extreme-to-total departure from soil and site stability reference conditions (SSS >= 4),
27. Estimated BLM range acres with SSS >= 4,12,BLM,1,555602.00,173228.00,0.31,333602.00,777603.00,SOIL AND SITE STABILITY HAD MODERATE-TO-EXTREME OR EXTREME-TO-TOTAL DEPARTURE FROM REFERENCE CONDITIONS (SSS >= 4),2015,Year,BLM rangeland acres (millions),acres,BLM rangeland acres (millions) with moderate-to-extreme or extreme-to-total departure from soil and site stability reference conditions (SSS >= 4),24,BLM rangeland acres (millions) with moderate-to-extreme or extreme-to-total departure from soil and site stability reference conditions (SSS >= 4),
27. Estimated BLM range acres with SSS >= 4,12,BLM,1,445430.00,122995.00,0.28,287806.00,603054.00,SOIL AND SITE STABILITY HAD MODERATE-TO-EXTREME OR EXTREME-TO-TOTAL DEPARTURE FROM REFERENCE CONDITIONS (SSS >= 4),2016,Year,BLM rangeland acres (millions),acres,BLM rangeland acres (millions) with moderate-to-extreme or extreme-to-total departure from soil and site stability reference conditions (SSS >= 4),24,BLM rangeland acres (millions) with moderate-to-extreme or extreme-to-total departure from soil and site stability reference conditions (SSS >= 4),
27. Estimated BLM range acres with SSS >= 4,12,BLM,NA,2680742.00,755276.00,0.28,1712817.00,3648668.00,SOIL AND SITE STABILITY HAD MODERATE-TO-EXTREME OR EXTREME-TO-TOTAL DEPARTURE FROM REFERENCE CONDITIONS (SSS >= 4),2019,Year,BLM rangeland acres (millions),acres,BLM rangeland acres (millions) with moderate-to-extreme or extreme-to-total departure from soil and site stability reference conditions (SSS >= 4),24,BLM rangeland acres (millions) with moderate-to-extreme or extreme-to-total departure from soil and site stability reference conditions (SSS >= 4),
27. Estimated BLM range acres with SSS >= 4,12,BLM,2,2768649.00,789482.00,0.29,1756887.00,3780410.00,SOIL AND SITE STABILITY HAD MODERATE-TO-EXTREME OR EXTREME-TO-TOTAL DEPARTURE FROM REFERENCE CONDITIONS (SSS >= 4),2018,Year,BLM rangeland acres (millions),acres,BLM rangeland acres (millions) with moderate-to-extreme or extreme-to-total departure from soil and site stability reference conditions (SSS >= 4),24,BLM rangeland acres (millions) with moderate-to-extreme or extreme-to-total departure from soil and site stability reference conditions (SSS >= 4),
27. Estimated BLM range acres with SSS >= 4,12,BLM,NA,2364595.00,568190.00,0.24,1636430.00,3092759.00,SOIL AND SITE STABILITY HAD MODERATE-TO-EXTREME OR EXTREME-TO-TOTAL DEPARTURE FROM REFERENCE CONDITIONS (SSS >= 4),2016,Year,BLM rangeland acres (millions),acres,BLM rangeland acres (millions) with moderate-to-extreme or extreme-to-total departure from soil and site stability reference conditions (SSS >= 4),24,BLM rangeland acres (millions) with moderate-to-extreme or extreme-to-total departure from soil and site stability reference conditions (SSS >= 4),
27. Estimated BLM range acres with SSS >= 4,12,BLM,NA,3584904.00,999453.00,0.28,2304054.00,4865755.00,SOIL AND SITE STABILITY HAD MODERATE-TO-EXTREME OR EXTREME-TO-TOTAL DEPARTURE FROM REFERENCE CONDITIONS (SSS >= 4),2017,Year,BLM rangeland acres (millions),acres,BLM rangeland acres (millions) with moderate-to-extreme or extreme-to-total departure from soil and site stability reference conditions (SSS >= 4),24,BLM rangeland acres (millions) with moderate-to-extreme or extreme-to-total departure from soil and site stability reference conditions (SSS >= 4),
27. Estimated BLM range acres with SSS >= 4,12,BLM,2,1919165.00,589127.00,0.31,1164169.00,2674161.00,SOIL AND SITE STABILITY HAD MODERATE-TO-EXTREME OR EXTREME-TO-TOTAL DEPARTURE FROM REFERENCE CONDITIONS (SSS >= 4),2016,Year,BLM rangeland acres (millions),acres,BLM rangeland acres (millions) with moderate-to-extreme or extreme-to-total departure from soil and site stability reference conditions (SSS >= 4),24,BLM rangeland acres (millions) with moderate-to-extreme or extreme-to-total departure from soil and site stability reference conditions (SSS >= 4),
27. Estimated BLM range acres with SSS >= 4,12,BLM,2,1795552.00,728058.00,0.41,862508.00,2728596.00,SOIL AND SITE STABILITY HAD MODERATE-TO-EXTREME OR EXTREME-TO-TOTAL DEPARTURE FROM REFERENCE CONDITIONS (SSS >= 4),2014,Year,BLM rangeland acres (millions),acres,BLM rangeland acres (millions) with moderate-to-extreme or extreme-to-total departure from soil and site stability reference conditions (SSS >= 4),24,BLM rangeland acres (millions) with moderate-to-extreme or extreme-to-total departure from soil and site stability reference conditions (SSS >= 4),
27. Estimated BLM range acres with SSS >= 4,12,BLM,1,76837.00,54107.00,0.70,7497.00,146177.00,SOIL AND SITE STABILITY HAD MODERATE-TO-EXTREME OR EXTREME-TO-TOTAL DEPARTURE FROM REFERENCE CONDITIONS (SSS >= 4),2018,Year,BLM rangeland acres (millions),acres,BLM rangeland acres (millions) with moderate-to-extreme or extreme-to-total departure from soil and site stability reference conditions (SSS >= 4),24,BLM rangeland acres (millions) with moderate-to-extreme or extreme-to-total departure from soil and site stability reference conditions (SSS >= 4),
27. Estimated BLM range acres with SSS >= 4,12,BLM,1,0.00,0.00,0.00,0.00,0.00,SOIL AND SITE STABILITY HAD MODERATE-TO-EXTREME OR EXTREME-TO-TOTAL DEPARTURE FROM REFERENCE CONDITIONS (SSS >= 4),2019,Year,BLM rangeland acres (millions),acres,BLM rangeland acres (millions) with moderate-to-extreme or extreme-to-total departure from soil and site stability reference conditions (SSS >= 4),24,BLM rangeland acres (millions) with moderate-to-extreme or extreme-to-total departure from soil and site stability reference conditions (SSS >= 4),
27. Estimated BLM range acres with SSS >= 4,12,BLM,1,55643.00,55695.00,1.00,0.00,127020.00,SOIL AND SITE STABILITY HAD MODERATE-TO-EXTREME OR EXTREME-TO-TOTAL DEPARTURE FROM REFERENCE CONDITIONS (SSS >= 4),2017,Year,BLM rangeland acres (millions),acres,BLM rangeland acres (millions) with moderate-to-extreme or extreme-to-total departure from soil and site stability reference conditions (SSS >= 4),24,BLM rangeland acres (millions) with moderate-to-extreme or extreme-to-total departure from soil and site stability reference conditions (SSS >= 4),
27. Estimated BLM range acres with SSS >= 4,12,BLM,2,3529261.00,995587.00,0.28,2253365.00,4805157.00,SOIL AND SITE STABILITY HAD MODERATE-TO-EXTREME OR EXTREME-TO-TOTAL DEPARTURE FROM REFERENCE CONDITIONS (SSS >= 4),2017,Year,BLM rangeland acres (millions),acres,BLM rangeland acres (millions) with moderate-to-extreme or extreme-to-total departure from soil and site stability reference conditions (SSS >= 4),24,BLM rangeland acres (millions) with moderate-to-extreme or extreme-to-total departure from soil and site stability reference conditions (SSS >= 4),
27. Estimated BLM range acres with SSS >= 4,12,BLM,NA,2845485.00,805313.00,0.28,1813435.00,3877536.00,SOIL AND SITE STABILITY HAD MODERATE-TO-EXTREME OR EXTREME-TO-TOTAL DEPARTURE FROM REFERENCE CONDITIONS (SSS >= 4),2018,Year,BLM rangeland acres (millions),acres,BLM rangeland acres (millions) with moderate-to-extreme or extreme-to-total departure from soil and site stability reference conditions (SSS >= 4),24,BLM rangeland acres (millions) with moderate-to-extreme or extreme-to-total departure from soil and site stability reference conditions (SSS >= 4),
27. Estimated BLM range acres with SSS >= 4,12,BLM,2,2680742.00,755276.00,0.28,1712817.00,3648668.00,SOIL AND SITE STABILITY HAD MODERATE-TO-EXTREME OR EXTREME-TO-TOTAL DEPARTURE FROM REFERENCE CONDITIONS (SSS >= 4),2019,Year,BLM rangeland acres (millions),acres,BLM rangeland acres (millions) with moderate-to-extreme or extreme-to-total departure from soil and site stability reference conditions (SSS >= 4),24,BLM rangeland acres (millions) with moderate-to-extreme or extreme-to-total departure from soil and site stability reference conditions (SSS >= 4),
28. Estimated % of BLM range acres with all 3 rangeland health attributes <= 2,13,BLM,1,87.89,1.96,0.02,85.38,90.41,ALL 3 RANGELAND HEALTH ATTRIBUTES HAD NONE-TO-SLIGHT OR SLIGHT-TO-MODERATE DEPARTURE FROM REFERENCE CONDITIONS (<=2),2011,Year,Percent of rangeland acres on BLM-administered lands,percent,Proportion of BLM rangelands where all 3 rangeland health attributes had none-to-slight or slight-to-moderate departure from reference conditions (<= 2) (80% confidence interval) ,25,Proportion of BLM rangelands where all 3 rangeland health attributes had none-to-slight or slight-to-moderate departure from reference conditions (<= 2) (80% confidence interval) ,
28. Estimated % of BLM range acres with all 3 rangeland health attributes <= 2,13,BLM,NA,79.34,1.92,0.02,76.88,81.81,ALL 3 RANGELAND HEALTH ATTRIBUTES HAD NONE-TO-SLIGHT OR SLIGHT-TO-MODERATE DEPARTURE FROM REFERENCE CONDITIONS (<=2),2012,Year,Percent of rangeland acres on BLM-administered lands,percent,Proportion of BLM rangelands where all 3 rangeland health attributes had none-to-slight or slight-to-moderate departure from reference conditions (<= 2) (80% confidence interval) ,25,Proportion of BLM rangelands where all 3 rangeland health attributes had none-to-slight or slight-to-moderate departure from reference conditions (<= 2) (80% confidence interval) ,
28. Estimated % of BLM range acres with all 3 rangeland health attributes <= 2,13,BLM,2,80.41,1.73,0.02,78.19,82.63,ALL 3 RANGELAND HEALTH ATTRIBUTES HAD NONE-TO-SLIGHT OR SLIGHT-TO-MODERATE DEPARTURE FROM REFERENCE CONDITIONS (<=2),2015,Year,Percent of rangeland acres on BLM-administered lands,percent,Proportion of BLM rangelands where all 3 rangeland health attributes had none-to-slight or slight-to-moderate departure from reference conditions (<= 2) (80% confidence interval) ,25,Proportion of BLM rangelands where all 3 rangeland health attributes had none-to-slight or slight-to-moderate departure from reference conditions (<= 2) (80% confidence interval) ,
28. Estimated % of BLM range acres with all 3 rangeland health attributes <= 2,13,BLM,2,81.40,2.20,0.03,78.58,84.22,ALL 3 RANGELAND HEALTH ATTRIBUTES HAD NONE-TO-SLIGHT OR SLIGHT-TO-MODERATE DEPARTURE FROM REFERENCE CONDITIONS (<=2),2011,Year,Percent of rangeland acres on BLM-administered lands,percent,Proportion of BLM rangelands where all 3 rangeland health attributes had none-to-slight or slight-to-moderate departure from reference conditions (<= 2) (80% confidence interval) ,25,Proportion of BLM rangelands where all 3 rangeland health attributes had none-to-slight or slight-to-moderate departure from reference conditions (<= 2) (80% confidence interval) ,
28. Estimated % of BLM range acres with all 3 rangeland health attributes <= 2,13,BLM,NA,82.31,1.19,0.01,80.78,83.83,ALL 3 RANGELAND HEALTH ATTRIBUTES HAD NONE-TO-SLIGHT OR SLIGHT-TO-MODERATE DEPARTURE FROM REFERENCE CONDITIONS (<=2),2015,Year,Percent of rangeland acres on BLM-administered lands,percent,Proportion of BLM rangelands where all 3 rangeland health attributes had none-to-slight or slight-to-moderate departure from reference conditions (<= 2) (80% confidence interval) ,25,Proportion of BLM rangelands where all 3 rangeland health attributes had none-to-slight or slight-to-moderate departure from reference conditions (<= 2) (80% confidence interval) ,
28. Estimated % of BLM range acres with all 3 rangeland health attributes <= 2,13,BLM,NA,83.73,1.31,0.02,82.05,85.41,ALL 3 RANGELAND HEALTH ATTRIBUTES HAD NONE-TO-SLIGHT OR SLIGHT-TO-MODERATE DEPARTURE FROM REFERENCE CONDITIONS (<=2),2011,Year,Percent of rangeland acres on BLM-administered lands,percent,Proportion of BLM rangelands where all 3 rangeland health attributes had none-to-slight or slight-to-moderate departure from reference conditions (<= 2) (80% confidence interval) ,25,Proportion of BLM rangelands where all 3 rangeland health attributes had none-to-slight or slight-to-moderate departure from reference conditions (<= 2) (80% confidence interval) ,
28. Estimated % of BLM range acres with all 3 rangeland health attributes <= 2,13,BLM,1,86.11,1.06,0.01,84.76,87.46,ALL 3 RANGELAND HEALTH ATTRIBUTES HAD NONE-TO-SLIGHT OR SLIGHT-TO-MODERATE DEPARTURE FROM REFERENCE CONDITIONS (<=2),2015,Year,Percent of rangeland acres on BLM-administered lands,percent,Proportion of BLM rangelands where all 3 rangeland health attributes had none-to-slight or slight-to-moderate departure from reference conditions (<= 2) (80% confidence interval) ,25,Proportion of BLM rangelands where all 3 rangeland health attributes had none-to-slight or slight-to-moderate departure from reference conditions (<= 2) (80% confidence interval) ,
28. Estimated % of BLM range acres with all 3 rangeland health attributes <= 2,13,BLM,1,86.43,1.22,0.01,84.86,88.00,ALL 3 RANGELAND HEALTH ATTRIBUTES HAD NONE-TO-SLIGHT OR SLIGHT-TO-MODERATE DEPARTURE FROM REFERENCE CONDITIONS (<=2),2012,Year,Percent of rangeland acres on BLM-administered lands,percent,Proportion of BLM rangelands where all 3 rangeland health attributes had none-to-slight or slight-to-moderate departure from reference conditions (<= 2) (80% confidence interval) ,25,Proportion of BLM rangelands where all 3 rangeland health attributes had none-to-slight or slight-to-moderate departure from reference conditions (<= 2) (80% confidence interval) ,
28. Estimated % of BLM range acres with all 3 rangeland health attributes <= 2,13,BLM,2,74.97,3.05,0.04,71.05,78.88,ALL 3 RANGELAND HEALTH ATTRIBUTES HAD NONE-TO-SLIGHT OR SLIGHT-TO-MODERATE DEPARTURE FROM REFERENCE CONDITIONS (<=2),2012,Year,Percent of rangeland acres on BLM-administered lands,percent,Proportion of BLM rangelands where all 3 rangeland health attributes had none-to-slight or slight-to-moderate departure from reference conditions (<= 2) (80% confidence interval) ,25,Proportion of BLM rangelands where all 3 rangeland health attributes had none-to-slight or slight-to-moderate departure from reference conditions (<= 2) (80% confidence interval) ,
28. Estimated % of BLM range acres with all 3 rangeland health attributes <= 2,13,BLM,NA,82.53,1.05,0.01,81.18,83.87,ALL 3 RANGELAND HEALTH ATTRIBUTES HAD NONE-TO-SLIGHT OR SLIGHT-TO-MODERATE DEPARTURE FROM REFERENCE CONDITIONS (<=2),2016,Year,Percent of rangeland acres on BLM-administered lands,percent,Proportion of BLM rangelands where all 3 rangeland health attributes had none-to-slight or slight-to-moderate departure from reference conditions (<= 2) (80% confidence interval) ,25,Proportion of BLM rangelands where all 3 rangeland health attributes had none-to-slight or slight-to-moderate departure from reference conditions (<= 2) (80% confidence interval) ,
28. Estimated % of BLM range acres with all 3 rangeland health attributes <= 2,13,BLM,NA,84.46,1.51,0.02,82.53,86.39,ALL 3 RANGELAND HEALTH ATTRIBUTES HAD NONE-TO-SLIGHT OR SLIGHT-TO-MODERATE DEPARTURE FROM REFERENCE CONDITIONS (<=2),2017,Year,Percent of rangeland acres on BLM-administered lands,percent,Proportion of BLM rangelands where all 3 rangeland health attributes had none-to-slight or slight-to-moderate departure from reference conditions (<= 2) (80% confidence interval) ,25,Proportion of BLM rangelands where all 3 rangeland health attributes had none-to-slight or slight-to-moderate departure from reference conditions (<= 2) (80% confidence interval) ,
28. Estimated % of BLM range acres with all 3 rangeland health attributes <= 2,13,BLM,2,80.00,1.70,0.02,77.82,82.18,ALL 3 RANGELAND HEALTH ATTRIBUTES HAD NONE-TO-SLIGHT OR SLIGHT-TO-MODERATE DEPARTURE FROM REFERENCE CONDITIONS (<=2),2016,Year,Percent of rangeland acres on BLM-administered lands,percent,Proportion of BLM rangelands where all 3 rangeland health attributes had none-to-slight or slight-to-moderate departure from reference conditions (<= 2) (80% confidence interval) ,25,Proportion of BLM rangelands where all 3 rangeland health attributes had none-to-slight or slight-to-moderate departure from reference conditions (<= 2) (80% confidence interval) ,
28. Estimated % of BLM range acres with all 3 rangeland health attributes <= 2,13,BLM,1,90.29,0.76,0.01,89.32,91.26,ALL 3 RANGELAND HEALTH ATTRIBUTES HAD NONE-TO-SLIGHT OR SLIGHT-TO-MODERATE DEPARTURE FROM REFERENCE CONDITIONS (<=2),2014,Year,Percent of rangeland acres on BLM-administered lands,percent,Proportion of BLM rangelands where all 3 rangeland health attributes had none-to-slight or slight-to-moderate departure from reference conditions (<= 2) (80% confidence interval) ,25,Proportion of BLM rangelands where all 3 rangeland health attributes had none-to-slight or slight-to-moderate departure from reference conditions (<= 2) (80% confidence interval) ,
28. Estimated % of BLM range acres with all 3 rangeland health attributes <= 2,13,BLM,2,77.00,2.03,0.03,74.40,79.61,ALL 3 RANGELAND HEALTH ATTRIBUTES HAD NONE-TO-SLIGHT OR SLIGHT-TO-MODERATE DEPARTURE FROM REFERENCE CONDITIONS (<=2),2014,Year,Percent of rangeland acres on BLM-administered lands,percent,Proportion of BLM rangelands where all 3 rangeland health attributes had none-to-slight or slight-to-moderate departure from reference conditions (<= 2) (80% confidence interval) ,25,Proportion of BLM rangelands where all 3 rangeland health attributes had none-to-slight or slight-to-moderate departure from reference conditions (<= 2) (80% confidence interval) ,
28. Estimated % of BLM range acres with all 3 rangeland health attributes <= 2,13,BLM,NA,86.05,0.85,0.01,84.97,87.14,ALL 3 RANGELAND HEALTH ATTRIBUTES HAD NONE-TO-SLIGHT OR SLIGHT-TO-MODERATE DEPARTURE FROM REFERENCE CONDITIONS (<=2),2018,Year,Percent of rangeland acres on BLM-administered lands,percent,Proportion of BLM rangelands where all 3 rangeland health attributes had none-to-slight or slight-to-moderate departure from reference conditions (<= 2) (80% confidence interval) ,25,Proportion of BLM rangelands where all 3 rangeland health attributes had none-to-slight or slight-to-moderate departure from reference conditions (<= 2) (80% confidence interval) ,
28. Estimated % of BLM range acres with all 3 rangeland health attributes <= 2,13,BLM,1,86.75,1.15,0.01,85.27,88.23,ALL 3 RANGELAND HEALTH ATTRIBUTES HAD NONE-TO-SLIGHT OR SLIGHT-TO-MODERATE DEPARTURE FROM REFERENCE CONDITIONS (<=2),2016,Year,Percent of rangeland acres on BLM-administered lands,percent,Proportion of BLM rangelands where all 3 rangeland health attributes had none-to-slight or slight-to-moderate departure from reference conditions (<= 2) (80% confidence interval) ,25,Proportion of BLM rangelands where all 3 rangeland health attributes had none-to-slight or slight-to-moderate departure from reference conditions (<= 2) (80% confidence interval) ,
28. Estimated % of BLM range acres with all 3 rangeland health attributes <= 2,13,BLM,NA,81.67,1.30,0.02,80.00,83.33,ALL 3 RANGELAND HEALTH ATTRIBUTES HAD NONE-TO-SLIGHT OR SLIGHT-TO-MODERATE DEPARTURE FROM REFERENCE CONDITIONS (<=2),2014,Year,Percent of rangeland acres on BLM-administered lands,percent,Proportion of BLM rangelands where all 3 rangeland health attributes had none-to-slight or slight-to-moderate departure from reference conditions (<= 2) (80% confidence interval) ,25,Proportion of BLM rangelands where all 3 rangeland health attributes had none-to-slight or slight-to-moderate departure from reference conditions (<= 2) (80% confidence interval) ,
28. Estimated % of BLM range acres with all 3 rangeland health attributes <= 2,13,BLM,2,81.49,2.21,0.03,78.66,84.32,ALL 3 RANGELAND HEALTH ATTRIBUTES HAD NONE-TO-SLIGHT OR SLIGHT-TO-MODERATE DEPARTURE FROM REFERENCE CONDITIONS (<=2),2017,Year,Percent of rangeland acres on BLM-administered lands,percent,Proportion of BLM rangelands where all 3 rangeland health attributes had none-to-slight or slight-to-moderate departure from reference conditions (<= 2) (80% confidence interval) ,25,Proportion of BLM rangelands where all 3 rangeland health attributes had none-to-slight or slight-to-moderate departure from reference conditions (<= 2) (80% confidence interval) ,
28. Estimated % of BLM range acres with all 3 rangeland health attributes <= 2,13,BLM,1,84.85,1.39,0.02,83.06,86.64,ALL 3 RANGELAND HEALTH ATTRIBUTES HAD NONE-TO-SLIGHT OR SLIGHT-TO-MODERATE DEPARTURE FROM REFERENCE CONDITIONS (<=2),2018,Year,Percent of rangeland acres on BLM-administered lands,percent,Proportion of BLM rangelands where all 3 rangeland health attributes had none-to-slight or slight-to-moderate departure from reference conditions (<= 2) (80% confidence interval) ,25,Proportion of BLM rangelands where all 3 rangeland health attributes had none-to-slight or slight-to-moderate departure from reference conditions (<= 2) (80% confidence interval) ,
28. Estimated % of BLM range acres with all 3 rangeland health attributes <= 2,13,BLM,2,86.77,1.35,0.02,85.04,88.51,ALL 3 RANGELAND HEALTH ATTRIBUTES HAD NONE-TO-SLIGHT OR SLIGHT-TO-MODERATE DEPARTURE FROM REFERENCE CONDITIONS (<=2),2018,Year,Percent of rangeland acres on BLM-administered lands,percent,Proportion of BLM rangelands where all 3 rangeland health attributes had none-to-slight or slight-to-moderate departure from reference conditions (<= 2) (80% confidence interval) ,25,Proportion of BLM rangelands where all 3 rangeland health attributes had none-to-slight or slight-to-moderate departure from reference conditions (<= 2) (80% confidence interval) ,
28. Estimated % of BLM range acres with all 3 rangeland health attributes <= 2,13,BLM,1,89.30,1.24,0.01,87.71,90.89,ALL 3 RANGELAND HEALTH ATTRIBUTES HAD NONE-TO-SLIGHT OR SLIGHT-TO-MODERATE DEPARTURE FROM REFERENCE CONDITIONS (<=2),2017,Year,Percent of rangeland acres on BLM-administered lands,percent,Proportion of BLM rangelands where all 3 rangeland health attributes had none-to-slight or slight-to-moderate departure from reference conditions (<= 2) (80% confidence interval) ,25,Proportion of BLM rangelands where all 3 rangeland health attributes had none-to-slight or slight-to-moderate departure from reference conditions (<= 2) (80% confidence interval) ,
28. Estimated % of BLM range acres with all 3 rangeland health attributes <= 2,13,BLM,NA,91.84,1.08,0.01,90.45,93.23,ALL 3 RANGELAND HEALTH ATTRIBUTES HAD NONE-TO-SLIGHT OR SLIGHT-TO-MODERATE DEPARTURE FROM REFERENCE CONDITIONS (<=2),2019,Year,Percent of rangeland acres on BLM-administered lands,percent,Proportion of BLM rangelands where all 3 rangeland health attributes had none-to-slight or slight-to-moderate departure from reference conditions (<= 2) (80% confidence interval) ,25,Proportion of BLM rangelands where all 3 rangeland health attributes had none-to-slight or slight-to-moderate departure from reference conditions (<= 2) (80% confidence interval) ,
28. Estimated % of BLM range acres with all 3 rangeland health attributes <= 2,13,BLM,1,95.63,0.90,0.01,94.48,96.78,ALL 3 RANGELAND HEALTH ATTRIBUTES HAD NONE-TO-SLIGHT OR SLIGHT-TO-MODERATE DEPARTURE FROM REFERENCE CONDITIONS (<=2),2019,Year,Percent of rangeland acres on BLM-administered lands,percent,Proportion of BLM rangelands where all 3 rangeland health attributes had none-to-slight or slight-to-moderate departure from reference conditions (<= 2) (80% confidence interval) ,25,Proportion of BLM rangelands where all 3 rangeland health attributes had none-to-slight or slight-to-moderate departure from reference conditions (<= 2) (80% confidence interval) ,
28. Estimated % of BLM range acres with all 3 rangeland health attributes <= 2,13,BLM,2,89.50,1.57,0.02,87.48,91.51,ALL 3 RANGELAND HEALTH ATTRIBUTES HAD NONE-TO-SLIGHT OR SLIGHT-TO-MODERATE DEPARTURE FROM REFERENCE CONDITIONS (<=2),2019,Year,Percent of rangeland acres on BLM-administered lands,percent,Proportion of BLM rangelands where all 3 rangeland health attributes had none-to-slight or slight-to-moderate departure from reference conditions (<= 2) (80% confidence interval) ,25,Proportion of BLM rangelands where all 3 rangeland health attributes had none-to-slight or slight-to-moderate departure from reference conditions (<= 2) (80% confidence interval) ,
3. Estimated BLM range acres with BI <= 2,1,BLM,2,75455302.00,4174208.00,0.06,70103967.00,80806636.00,BIOTIC INTEGRITY HAD NONE-TO-SLIGHT OR SLIGHT-TO-MODERATE DEPARTURE FROM REFERENCE CONDITIONS (BI <= 2),2011,Year,BLM rangeland acres (millions),acres,BLM rangeland acres (millions) with none-to-slight or slight-to-moderate departure from biotic integrity reference conditions (BI <=2),2,BLM rangeland acres (millions) with none-to-slight or slight-to-moderate departure from biotic integrity reference conditions (BI <=2),
3. Estimated BLM range acres with BI <= 2,1,BLM,NA,120758594.00,3351853.00,0.03,116461518.00,125055670.00,BIOTIC INTEGRITY HAD NONE-TO-SLIGHT OR SLIGHT-TO-MODERATE DEPARTURE FROM REFERENCE CONDITIONS (BI <= 2),2011,Year,BLM rangeland acres (millions),acres,BLM rangeland acres (millions) with none-to-slight or slight-to-moderate departure from biotic integrity reference conditions (BI <=2),2,BLM rangeland acres (millions) with none-to-slight or slight-to-moderate departure from biotic integrity reference conditions (BI <=2),
3. Estimated BLM range acres with BI <= 2,1,BLM,1,45303293.00,2724254.00,0.06,41810799.00,48795786.00,BIOTIC INTEGRITY HAD NONE-TO-SLIGHT OR SLIGHT-TO-MODERATE DEPARTURE FROM REFERENCE CONDITIONS (BI <= 2),2011,Year,BLM rangeland acres (millions),acres,BLM rangeland acres (millions) with none-to-slight or slight-to-moderate departure from biotic integrity reference conditions (BI <=2),2,BLM rangeland acres (millions) with none-to-slight or slight-to-moderate departure from biotic integrity reference conditions (BI <=2),
3. Estimated BLM range acres with BI <= 2,1,BLM,1,47708128.00,774735.00,0.02,46715265.00,48700991.00,BIOTIC INTEGRITY HAD NONE-TO-SLIGHT OR SLIGHT-TO-MODERATE DEPARTURE FROM REFERENCE CONDITIONS (BI <= 2),2012,Year,BLM rangeland acres (millions),acres,BLM rangeland acres (millions) with none-to-slight or slight-to-moderate departure from biotic integrity reference conditions (BI <=2),2,BLM rangeland acres (millions) with none-to-slight or slight-to-moderate departure from biotic integrity reference conditions (BI <=2),
3. Estimated BLM range acres with BI <= 2,1,BLM,2,76299190.00,2093902.00,0.03,73615747.00,78982633.00,BIOTIC INTEGRITY HAD NONE-TO-SLIGHT OR SLIGHT-TO-MODERATE DEPARTURE FROM REFERENCE CONDITIONS (BI <= 2),2014,Year,BLM rangeland acres (millions),acres,BLM rangeland acres (millions) with none-to-slight or slight-to-moderate departure from biotic integrity reference conditions (BI <=2),2,BLM rangeland acres (millions) with none-to-slight or slight-to-moderate departure from biotic integrity reference conditions (BI <=2),
3. Estimated BLM range acres with BI <= 2,1,BLM,NA,113961624.00,2898440.00,0.03,110247123.00,117676124.00,BIOTIC INTEGRITY HAD NONE-TO-SLIGHT OR SLIGHT-TO-MODERATE DEPARTURE FROM REFERENCE CONDITIONS (BI <= 2),2012,Year,BLM rangeland acres (millions),acres,BLM rangeland acres (millions) with none-to-slight or slight-to-moderate departure from biotic integrity reference conditions (BI <=2),2,BLM rangeland acres (millions) with none-to-slight or slight-to-moderate departure from biotic integrity reference conditions (BI <=2),
3. Estimated BLM range acres with BI <= 2,1,BLM,NA,125080208.00,2179386.00,0.02,122287212.00,127873204.00,BIOTIC INTEGRITY HAD NONE-TO-SLIGHT OR SLIGHT-TO-MODERATE DEPARTURE FROM REFERENCE CONDITIONS (BI <= 2),2014,Year,BLM rangeland acres (millions),acres,BLM rangeland acres (millions) with none-to-slight or slight-to-moderate departure from biotic integrity reference conditions (BI <=2),2,BLM rangeland acres (millions) with none-to-slight or slight-to-moderate departure from biotic integrity reference conditions (BI <=2),
3. Estimated BLM range acres with BI <= 2,1,BLM,2,66253496.00,2876472.00,0.04,62567149.00,69939843.00,BIOTIC INTEGRITY HAD NONE-TO-SLIGHT OR SLIGHT-TO-MODERATE DEPARTURE FROM REFERENCE CONDITIONS (BI <= 2),2012,Year,BLM rangeland acres (millions),acres,BLM rangeland acres (millions) with none-to-slight or slight-to-moderate departure from biotic integrity reference conditions (BI <=2),2,BLM rangeland acres (millions) with none-to-slight or slight-to-moderate departure from biotic integrity reference conditions (BI <=2),
3. Estimated BLM range acres with BI <= 2,1,BLM,NA,128610483.00,2421846.00,0.02,125506763.00,131714203.00,BIOTIC INTEGRITY HAD NONE-TO-SLIGHT OR SLIGHT-TO-MODERATE DEPARTURE FROM REFERENCE CONDITIONS (BI <= 2),2019,Year,BLM rangeland acres (millions),acres,BLM rangeland acres (millions) with none-to-slight or slight-to-moderate departure from biotic integrity reference conditions (BI <=2),2,BLM rangeland acres (millions) with none-to-slight or slight-to-moderate departure from biotic integrity reference conditions (BI <=2),
3. Estimated BLM range acres with BI <= 2,1,BLM,1,40443825.00,720978.00,0.02,39519854.00,41367796.00,BIOTIC INTEGRITY HAD NONE-TO-SLIGHT OR SLIGHT-TO-MODERATE DEPARTURE FROM REFERENCE CONDITIONS (BI <= 2),2015,Year,BLM rangeland acres (millions),acres,BLM rangeland acres (millions) with none-to-slight or slight-to-moderate departure from biotic integrity reference conditions (BI <=2),2,BLM rangeland acres (millions) with none-to-slight or slight-to-moderate departure from biotic integrity reference conditions (BI <=2),
3. Estimated BLM range acres with BI <= 2,1,BLM,2,73154725.00,2099133.00,0.03,70464579.00,75844872.00,BIOTIC INTEGRITY HAD NONE-TO-SLIGHT OR SLIGHT-TO-MODERATE DEPARTURE FROM REFERENCE CONDITIONS (BI <= 2),2015,Year,BLM rangeland acres (millions),acres,BLM rangeland acres (millions) with none-to-slight or slight-to-moderate departure from biotic integrity reference conditions (BI <=2),2,BLM rangeland acres (millions) with none-to-slight or slight-to-moderate departure from biotic integrity reference conditions (BI <=2),
3. Estimated BLM range acres with BI <= 2,1,BLM,1,48781018.00,454807.00,0.01,48198160.00,49363877.00,BIOTIC INTEGRITY HAD NONE-TO-SLIGHT OR SLIGHT-TO-MODERATE DEPARTURE FROM REFERENCE CONDITIONS (BI <= 2),2014,Year,BLM rangeland acres (millions),acres,BLM rangeland acres (millions) with none-to-slight or slight-to-moderate departure from biotic integrity reference conditions (BI <=2),2,BLM rangeland acres (millions) with none-to-slight or slight-to-moderate departure from biotic integrity reference conditions (BI <=2),
3. Estimated BLM range acres with BI <= 2,1,BLM,NA,113598550.00,2304350.00,0.02,110645406.00,116551693.00,BIOTIC INTEGRITY HAD NONE-TO-SLIGHT OR SLIGHT-TO-MODERATE DEPARTURE FROM REFERENCE CONDITIONS (BI <= 2),2015,Year,BLM rangeland acres (millions),acres,BLM rangeland acres (millions) with none-to-slight or slight-to-moderate departure from biotic integrity reference conditions (BI <=2),2,BLM rangeland acres (millions) with none-to-slight or slight-to-moderate departure from biotic integrity reference conditions (BI <=2),
3. Estimated BLM range acres with BI <= 2,1,BLM,2,76579136.00,2476932.00,0.03,73404821.00,79753452.00,BIOTIC INTEGRITY HAD NONE-TO-SLIGHT OR SLIGHT-TO-MODERATE DEPARTURE FROM REFERENCE CONDITIONS (BI <= 2),2018,Year,BLM rangeland acres (millions),acres,BLM rangeland acres (millions) with none-to-slight or slight-to-moderate departure from biotic integrity reference conditions (BI <=2),2,BLM rangeland acres (millions) with none-to-slight or slight-to-moderate departure from biotic integrity reference conditions (BI <=2),
3. Estimated BLM range acres with BI <= 2,1,BLM,NA,118834391.00,1818730.00,0.02,116503594.00,121165188.00,BIOTIC INTEGRITY HAD NONE-TO-SLIGHT OR SLIGHT-TO-MODERATE DEPARTURE FROM REFERENCE CONDITIONS (BI <= 2),2016,Year,BLM rangeland acres (millions),acres,BLM rangeland acres (millions) with none-to-slight or slight-to-moderate departure from biotic integrity reference conditions (BI <=2),2,BLM rangeland acres (millions) with none-to-slight or slight-to-moderate departure from biotic integrity reference conditions (BI <=2),
3. Estimated BLM range acres with BI <= 2,1,BLM,2,71914727.00,1567700.00,0.02,69905639.00,73923816.00,BIOTIC INTEGRITY HAD NONE-TO-SLIGHT OR SLIGHT-TO-MODERATE DEPARTURE FROM REFERENCE CONDITIONS (BI <= 2),2016,Year,BLM rangeland acres (millions),acres,BLM rangeland acres (millions) with none-to-slight or slight-to-moderate departure from biotic integrity reference conditions (BI <=2),2,BLM rangeland acres (millions) with none-to-slight or slight-to-moderate departure from biotic integrity reference conditions (BI <=2),
3. Estimated BLM range acres with BI <= 2,1,BLM,1,50431947.00,770677.00,0.02,49444285.00,51419610.00,BIOTIC INTEGRITY HAD NONE-TO-SLIGHT OR SLIGHT-TO-MODERATE DEPARTURE FROM REFERENCE CONDITIONS (BI <= 2),2019,Year,BLM rangeland acres (millions),acres,BLM rangeland acres (millions) with none-to-slight or slight-to-moderate departure from biotic integrity reference conditions (BI <=2),2,BLM rangeland acres (millions) with none-to-slight or slight-to-moderate departure from biotic integrity reference conditions (BI <=2),
3. Estimated BLM range acres with BI <= 2,1,BLM,1,45614459.00,844443.00,0.02,44532262.00,46696656.00,BIOTIC INTEGRITY HAD NONE-TO-SLIGHT OR SLIGHT-TO-MODERATE DEPARTURE FROM REFERENCE CONDITIONS (BI <= 2),2018,Year,BLM rangeland acres (millions),acres,BLM rangeland acres (millions) with none-to-slight or slight-to-moderate departure from biotic integrity reference conditions (BI <=2),2,BLM rangeland acres (millions) with none-to-slight or slight-to-moderate departure from biotic integrity reference conditions (BI <=2),
3. Estimated BLM range acres with BI <= 2,1,BLM,NA,118263830.00,2765357.00,0.02,114719883.00,121807778.00,BIOTIC INTEGRITY HAD NONE-TO-SLIGHT OR SLIGHT-TO-MODERATE DEPARTURE FROM REFERENCE CONDITIONS (BI <= 2),2017,Year,BLM rangeland acres (millions),acres,BLM rangeland acres (millions) with none-to-slight or slight-to-moderate departure from biotic integrity reference conditions (BI <=2),2,BLM rangeland acres (millions) with none-to-slight or slight-to-moderate departure from biotic integrity reference conditions (BI <=2),
3. Estimated BLM range acres with BI <= 2,1,BLM,NA,122193595.00,2481062.00,0.02,119013987.00,125373204.00,BIOTIC INTEGRITY HAD NONE-TO-SLIGHT OR SLIGHT-TO-MODERATE DEPARTURE FROM REFERENCE CONDITIONS (BI <= 2),2018,Year,BLM rangeland acres (millions),acres,BLM rangeland acres (millions) with none-to-slight or slight-to-moderate departure from biotic integrity reference conditions (BI <=2),2,BLM rangeland acres (millions) with none-to-slight or slight-to-moderate departure from biotic integrity reference conditions (BI <=2),
3. Estimated BLM range acres with BI <= 2,1,BLM,2,70260258.00,2812982.00,0.04,66655276.00,73865240.00,BIOTIC INTEGRITY HAD NONE-TO-SLIGHT OR SLIGHT-TO-MODERATE DEPARTURE FROM REFERENCE CONDITIONS (BI <= 2),2017,Year,BLM rangeland acres (millions),acres,BLM rangeland acres (millions) with none-to-slight or slight-to-moderate departure from biotic integrity reference conditions (BI <=2),2,BLM rangeland acres (millions) with none-to-slight or slight-to-moderate departure from biotic integrity reference conditions (BI <=2),
3. Estimated BLM range acres with BI <= 2,1,BLM,2,78178536.00,2478786.00,0.03,75001843.00,81355228.00,BIOTIC INTEGRITY HAD NONE-TO-SLIGHT OR SLIGHT-TO-MODERATE DEPARTURE FROM REFERENCE CONDITIONS (BI <= 2),2019,Year,BLM rangeland acres (millions),acres,BLM rangeland acres (millions) with none-to-slight or slight-to-moderate departure from biotic integrity reference conditions (BI <=2),2,BLM rangeland acres (millions) with none-to-slight or slight-to-moderate departure from biotic integrity reference conditions (BI <=2),
3. Estimated BLM range acres with BI <= 2,1,BLM,1,46919664.00,659063.00,0.01,46075041.00,47764287.00,BIOTIC INTEGRITY HAD NONE-TO-SLIGHT OR SLIGHT-TO-MODERATE DEPARTURE FROM REFERENCE CONDITIONS (BI <= 2),2016,Year,BLM rangeland acres (millions),acres,BLM rangeland acres (millions) with none-to-slight or slight-to-moderate departure from biotic integrity reference conditions (BI <=2),2,BLM rangeland acres (millions) with none-to-slight or slight-to-moderate departure from biotic integrity reference conditions (BI <=2),
3. Estimated BLM range acres with BI <= 2,1,BLM,1,48003572.00,712718.00,0.02,47090188.00,48916957.00,BIOTIC INTEGRITY HAD NONE-TO-SLIGHT OR SLIGHT-TO-MODERATE DEPARTURE FROM REFERENCE CONDITIONS (BI <= 2),2017,Year,BLM rangeland acres (millions),acres,BLM rangeland acres (millions) with none-to-slight or slight-to-moderate departure from biotic integrity reference conditions (BI <=2),2,BLM rangeland acres (millions) with none-to-slight or slight-to-moderate departure from biotic integrity reference conditions (BI <=2),
30. Estimated BLM range acres with all 3 rangeland health attributes <= 2,13,BLM,NA,108859510.00,2926584.00,0.03,105108942.00,112610078.00,ALL 3 RANGELAND HEALTH ATTRIBUTES HAD NONE-TO-SLIGHT OR SLIGHT-TO-MODERATE DEPARTURE FROM REFERENCE CONDITIONS (<=2),2012,Year,BLM rangeland acres (millions),acres,BLM rangeland acres (millions) where all 3 rangeland health attributes had none-to-slight or slight-to-moderate departure from reference conditions (<= 2),26,BLM rangeland acres (millions) where all 3 rangeland health attributes had none-to-slight or slight-to-moderate departure from reference conditions (<= 2),
30. Estimated BLM range acres with all 3 rangeland health attributes <= 2,13,BLM,1,38346779.00,670753.00,0.02,37487174.00,39206384.00,ALL 3 RANGELAND HEALTH ATTRIBUTES HAD NONE-TO-SLIGHT OR SLIGHT-TO-MODERATE DEPARTURE FROM REFERENCE CONDITIONS (<=2),2015,Year,BLM rangeland acres (millions),acres,BLM rangeland acres (millions) where all 3 rangeland health attributes had none-to-slight or slight-to-moderate departure from reference conditions (<= 2),26,BLM rangeland acres (millions) where all 3 rangeland health attributes had none-to-slight or slight-to-moderate departure from reference conditions (<= 2),
30. Estimated BLM range acres with all 3 rangeland health attributes <= 2,13,BLM,2,73928931.00,2223684.00,0.03,71079166.00,76778697.00,ALL 3 RANGELAND HEALTH ATTRIBUTES HAD NONE-TO-SLIGHT OR SLIGHT-TO-MODERATE DEPARTURE FROM REFERENCE CONDITIONS (<=2),2014,Year,BLM rangeland acres (millions),acres,BLM rangeland acres (millions) where all 3 rangeland health attributes had none-to-slight or slight-to-moderate departure from reference conditions (<= 2),26,BLM rangeland acres (millions) where all 3 rangeland health attributes had none-to-slight or slight-to-moderate departure from reference conditions (<= 2),
30. Estimated BLM range acres with all 3 rangeland health attributes <= 2,13,BLM,1,45263089.00,817353.00,0.02,44215608.00,46310569.00,ALL 3 RANGELAND HEALTH ATTRIBUTES HAD NONE-TO-SLIGHT OR SLIGHT-TO-MODERATE DEPARTURE FROM REFERENCE CONDITIONS (<=2),2012,Year,BLM rangeland acres (millions),acres,BLM rangeland acres (millions) where all 3 rangeland health attributes had none-to-slight or slight-to-moderate departure from reference conditions (<= 2),26,BLM rangeland acres (millions) where all 3 rangeland health attributes had none-to-slight or slight-to-moderate departure from reference conditions (<= 2),
30. Estimated BLM range acres with all 3 rangeland health attributes <= 2,13,BLM,2,63596421.00,2937074.00,0.05,59832409.00,67360434.00,ALL 3 RANGELAND HEALTH ATTRIBUTES HAD NONE-TO-SLIGHT OR SLIGHT-TO-MODERATE DEPARTURE FROM REFERENCE CONDITIONS (<=2),2012,Year,BLM rangeland acres (millions),acres,BLM rangeland acres (millions) where all 3 rangeland health attributes had none-to-slight or slight-to-moderate departure from reference conditions (<= 2),26,BLM rangeland acres (millions) where all 3 rangeland health attributes had none-to-slight or slight-to-moderate departure from reference conditions (<= 2),
30. Estimated BLM range acres with all 3 rangeland health attributes <= 2,13,BLM,2,71169361.00,4613628.00,0.06,65254690.00,77084031.00,ALL 3 RANGELAND HEALTH ATTRIBUTES HAD NONE-TO-SLIGHT OR SLIGHT-TO-MODERATE DEPARTURE FROM REFERENCE CONDITIONS (<=2),2011,Year,BLM rangeland acres (millions),acres,BLM rangeland acres (millions) where all 3 rangeland health attributes had none-to-slight or slight-to-moderate departure from reference conditions (<= 2),26,BLM rangeland acres (millions) where all 3 rangeland health attributes had none-to-slight or slight-to-moderate departure from reference conditions (<= 2),
30. Estimated BLM range acres with all 3 rangeland health attributes <= 2,13,BLM,NA,110226301.00,2177083.00,0.02,107436257.00,113016346.00,ALL 3 RANGELAND HEALTH ATTRIBUTES HAD NONE-TO-SLIGHT OR SLIGHT-TO-MODERATE DEPARTURE FROM REFERENCE CONDITIONS (<=2),2015,Year,BLM rangeland acres (millions),acres,BLM rangeland acres (millions) where all 3 rangeland health attributes had none-to-slight or slight-to-moderate departure from reference conditions (<= 2),26,BLM rangeland acres (millions) where all 3 rangeland health attributes had none-to-slight or slight-to-moderate departure from reference conditions (<= 2),
30. Estimated BLM range acres with all 3 rangeland health attributes <= 2,13,BLM,NA,120788682.00,2261045.00,0.02,117891036.00,123686328.00,ALL 3 RANGELAND HEALTH ATTRIBUTES HAD NONE-TO-SLIGHT OR SLIGHT-TO-MODERATE DEPARTURE FROM REFERENCE CONDITIONS (<=2),2014,Year,BLM rangeland acres (millions),acres,BLM rangeland acres (millions) where all 3 rangeland health attributes had none-to-slight or slight-to-moderate departure from reference conditions (<= 2),26,BLM rangeland acres (millions) where all 3 rangeland health attributes had none-to-slight or slight-to-moderate departure from reference conditions (<= 2),
30. Estimated BLM range acres with all 3 rangeland health attributes <= 2,13,BLM,NA,114219039.00,3621470.00,0.03,109576314.00,118861763.00,ALL 3 RANGELAND HEALTH ATTRIBUTES HAD NONE-TO-SLIGHT OR SLIGHT-TO-MODERATE DEPARTURE FROM REFERENCE CONDITIONS (<=2),2011,Year,BLM rangeland acres (millions),acres,BLM rangeland acres (millions) where all 3 rangeland health attributes had none-to-slight or slight-to-moderate departure from reference conditions (<= 2),26,BLM rangeland acres (millions) where all 3 rangeland health attributes had none-to-slight or slight-to-moderate departure from reference conditions (<= 2),
30. Estimated BLM range acres with all 3 rangeland health attributes <= 2,13,BLM,1,43049678.00,2784614.00,0.06,39479802.00,46619553.00,ALL 3 RANGELAND HEALTH ATTRIBUTES HAD NONE-TO-SLIGHT OR SLIGHT-TO-MODERATE DEPARTURE FROM REFERENCE CONDITIONS (<=2),2011,Year,BLM rangeland acres (millions),acres,BLM rangeland acres (millions) where all 3 rangeland health attributes had none-to-slight or slight-to-moderate departure from reference conditions (<= 2),26,BLM rangeland acres (millions) where all 3 rangeland health attributes had none-to-slight or slight-to-moderate departure from reference conditions (<= 2),
30. Estimated BLM range acres with all 3 rangeland health attributes <= 2,13,BLM,1,46859751.00,560479.00,0.01,46141468.00,47578034.00,ALL 3 RANGELAND HEALTH ATTRIBUTES HAD NONE-TO-SLIGHT OR SLIGHT-TO-MODERATE DEPARTURE FROM REFERENCE CONDITIONS (<=2),2014,Year,BLM rangeland acres (millions),acres,BLM rangeland acres (millions) where all 3 rangeland health attributes had none-to-slight or slight-to-moderate departure from reference conditions (<= 2),26,BLM rangeland acres (millions) where all 3 rangeland health attributes had none-to-slight or slight-to-moderate departure from reference conditions (<= 2),
30. Estimated BLM range acres with all 3 rangeland health attributes <= 2,13,BLM,2,74946674.00,2395850.00,0.03,71876269.00,78017079.00,ALL 3 RANGELAND HEALTH ATTRIBUTES HAD NONE-TO-SLIGHT OR SLIGHT-TO-MODERATE DEPARTURE FROM REFERENCE CONDITIONS (<=2),2018,Year,BLM rangeland acres (millions),acres,BLM rangeland acres (millions) where all 3 rangeland health attributes had none-to-slight or slight-to-moderate departure from reference conditions (<= 2),26,BLM rangeland acres (millions) where all 3 rangeland health attributes had none-to-slight or slight-to-moderate departure from reference conditions (<= 2),
30. Estimated BLM range acres with all 3 rangeland health attributes <= 2,13,BLM,1,45206036.00,748282.00,0.02,44247073.00,46164998.00,ALL 3 RANGELAND HEALTH ATTRIBUTES HAD NONE-TO-SLIGHT OR SLIGHT-TO-MODERATE DEPARTURE FROM REFERENCE CONDITIONS (<=2),2016,Year,BLM rangeland acres (millions),acres,BLM rangeland acres (millions) where all 3 rangeland health attributes had none-to-slight or slight-to-moderate departure from reference conditions (<= 2),26,BLM rangeland acres (millions) where all 3 rangeland health attributes had none-to-slight or slight-to-moderate departure from reference conditions (<= 2),
30. Estimated BLM range acres with all 3 rangeland health attributes <= 2,13,BLM,2,71879522.00,2059950.00,0.03,69239590.00,74519454.00,ALL 3 RANGELAND HEALTH ATTRIBUTES HAD NONE-TO-SLIGHT OR SLIGHT-TO-MODERATE DEPARTURE FROM REFERENCE CONDITIONS (<=2),2015,Year,BLM rangeland acres (millions),acres,BLM rangeland acres (millions) where all 3 rangeland health attributes had none-to-slight or slight-to-moderate departure from reference conditions (<= 2),26,BLM rangeland acres (millions) where all 3 rangeland health attributes had none-to-slight or slight-to-moderate departure from reference conditions (<= 2),
30. Estimated BLM range acres with all 3 rangeland health attributes <= 2,13,BLM,NA,118999483.00,2390602.00,0.02,115935804.00,122063162.00,ALL 3 RANGELAND HEALTH ATTRIBUTES HAD NONE-TO-SLIGHT OR SLIGHT-TO-MODERATE DEPARTURE FROM REFERENCE CONDITIONS (<=2),2018,Year,BLM rangeland acres (millions),acres,BLM rangeland acres (millions) where all 3 rangeland health attributes had none-to-slight or slight-to-moderate departure from reference conditions (<= 2),26,BLM rangeland acres (millions) where all 3 rangeland health attributes had none-to-slight or slight-to-moderate departure from reference conditions (<= 2),
30. Estimated BLM range acres with all 3 rangeland health attributes <= 2,13,BLM,1,44052809.00,840436.00,0.02,42975747.00,45129871.00,ALL 3 RANGELAND HEALTH ATTRIBUTES HAD NONE-TO-SLIGHT OR SLIGHT-TO-MODERATE DEPARTURE FROM REFERENCE CONDITIONS (<=2),2018,Year,BLM rangeland acres (millions),acres,BLM rangeland acres (millions) where all 3 rangeland health attributes had none-to-slight or slight-to-moderate departure from reference conditions (<= 2),26,BLM rangeland acres (millions) where all 3 rangeland health attributes had none-to-slight or slight-to-moderate departure from reference conditions (<= 2),
30. Estimated BLM range acres with all 3 rangeland health attributes <= 2,13,BLM,NA,114823181.00,1830434.00,0.02,112477386.00,117168976.00,ALL 3 RANGELAND HEALTH ATTRIBUTES HAD NONE-TO-SLIGHT OR SLIGHT-TO-MODERATE DEPARTURE FROM REFERENCE CONDITIONS (<=2),2016,Year,BLM rangeland acres (millions),acres,BLM rangeland acres (millions) where all 3 rangeland health attributes had none-to-slight or slight-to-moderate departure from reference conditions (<= 2),26,BLM rangeland acres (millions) where all 3 rangeland health attributes had none-to-slight or slight-to-moderate departure from reference conditions (<= 2),
30. Estimated BLM range acres with all 3 rangeland health attributes <= 2,13,BLM,1,46811231.00,723937.00,0.02,45883469.00,47738993.00,ALL 3 RANGELAND HEALTH ATTRIBUTES HAD NONE-TO-SLIGHT OR SLIGHT-TO-MODERATE DEPARTURE FROM REFERENCE CONDITIONS (<=2),2017,Year,BLM rangeland acres (millions),acres,BLM rangeland acres (millions) where all 3 rangeland health attributes had none-to-slight or slight-to-moderate departure from reference conditions (<= 2),26,BLM rangeland acres (millions) where all 3 rangeland health attributes had none-to-slight or slight-to-moderate departure from reference conditions (<= 2),
30. Estimated BLM range acres with all 3 rangeland health attributes <= 2,13,BLM,2,69617146.00,1612610.00,0.02,67550503.00,71683788.00,ALL 3 RANGELAND HEALTH ATTRIBUTES HAD NONE-TO-SLIGHT OR SLIGHT-TO-MODERATE DEPARTURE FROM REFERENCE CONDITIONS (<=2),2016,Year,BLM rangeland acres (millions),acres,BLM rangeland acres (millions) where all 3 rangeland health attributes had none-to-slight or slight-to-moderate departure from reference conditions (<= 2),26,BLM rangeland acres (millions) where all 3 rangeland health attributes had none-to-slight or slight-to-moderate departure from reference conditions (<= 2),
30. Estimated BLM range acres with all 3 rangeland health attributes <= 2,13,BLM,NA,125491870.00,2185140.00,0.02,122691500.00,128292240.00,ALL 3 RANGELAND HEALTH ATTRIBUTES HAD NONE-TO-SLIGHT OR SLIGHT-TO-MODERATE DEPARTURE FROM REFERENCE CONDITIONS (<=2),2019,Year,BLM rangeland acres (millions),acres,BLM rangeland acres (millions) where all 3 rangeland health attributes had none-to-slight or slight-to-moderate departure from reference conditions (<= 2),26,BLM rangeland acres (millions) where all 3 rangeland health attributes had none-to-slight or slight-to-moderate departure from reference conditions (<= 2),
30. Estimated BLM range acres with all 3 rangeland health attributes <= 2,13,BLM,1,49867086.00,861283.00,0.02,48763308.00,50970865.00,ALL 3 RANGELAND HEALTH ATTRIBUTES HAD NONE-TO-SLIGHT OR SLIGHT-TO-MODERATE DEPARTURE FROM REFERENCE CONDITIONS (<=2),2019,Year,BLM rangeland acres (millions),acres,BLM rangeland acres (millions) where all 3 rangeland health attributes had none-to-slight or slight-to-moderate departure from reference conditions (<= 2),26,BLM rangeland acres (millions) where all 3 rangeland health attributes had none-to-slight or slight-to-moderate departure from reference conditions (<= 2),
30. Estimated BLM range acres with all 3 rangeland health attributes <= 2,13,BLM,NA,116310400.00,2890805.00,0.03,112605684.00,120015116.00,ALL 3 RANGELAND HEALTH ATTRIBUTES HAD NONE-TO-SLIGHT OR SLIGHT-TO-MODERATE DEPARTURE FROM REFERENCE CONDITIONS (<=2),2017,Year,BLM rangeland acres (millions),acres,BLM rangeland acres (millions) where all 3 rangeland health attributes had none-to-slight or slight-to-moderate departure from reference conditions (<= 2),26,BLM rangeland acres (millions) where all 3 rangeland health attributes had none-to-slight or slight-to-moderate departure from reference conditions (<= 2),
30. Estimated BLM range acres with all 3 rangeland health attributes <= 2,13,BLM,2,75624784.00,2178882.00,0.03,72832434.00,78417134.00,ALL 3 RANGELAND HEALTH ATTRIBUTES HAD NONE-TO-SLIGHT OR SLIGHT-TO-MODERATE DEPARTURE FROM REFERENCE CONDITIONS (<=2),2019,Year,BLM rangeland acres (millions),acres,BLM rangeland acres (millions) where all 3 rangeland health attributes had none-to-slight or slight-to-moderate departure from reference conditions (<= 2),26,BLM rangeland acres (millions) where all 3 rangeland health attributes had none-to-slight or slight-to-moderate departure from reference conditions (<= 2),
30. Estimated BLM range acres with all 3 rangeland health attributes <= 2,13,BLM,2,69499169.00,2785920.00,0.04,65928869.00,73069469.00,ALL 3 RANGELAND HEALTH ATTRIBUTES HAD NONE-TO-SLIGHT OR SLIGHT-TO-MODERATE DEPARTURE FROM REFERENCE CONDITIONS (<=2),2017,Year,BLM rangeland acres (millions),acres,BLM rangeland acres (millions) where all 3 rangeland health attributes had none-to-slight or slight-to-moderate departure from reference conditions (<= 2),26,BLM rangeland acres (millions) where all 3 rangeland health attributes had none-to-slight or slight-to-moderate departure from reference conditions (<= 2),
31. Estimated % of BLM range acres with all 3 rangeland health attributes >= 4,14,BLM,2,1.82,0.75,0.41,0.86,2.78,ALL 3 RANGELAND HEALTH ATTRIBUTES HAD MODERATE-TO-EXTREME OR EXTREME-TO-TOTAL DEPARTURE FROM REFERENCE CONDITIONS (>=4),2015,Year,Percent of rangeland acres on BLM-administered lands,percent,Proportion of BLM rangelands where all 3 rangeland health attributes had moderate-to-extreme or extreme-to-total departure from reference conditions (>= 4) (80% confidence interval) ,27,Proportion of BLM rangelands where all 3 rangeland health attributes had moderate-to-extreme or extreme-to-total departure from reference conditions (>= 4) (80% confidence interval) ,
31. Estimated % of BLM range acres with all 3 rangeland health attributes >= 4,14,BLM,1,1.24,0.40,0.32,0.72,1.75,ALL 3 RANGELAND HEALTH ATTRIBUTES HAD MODERATE-TO-EXTREME OR EXTREME-TO-TOTAL DEPARTURE FROM REFERENCE CONDITIONS (>=4),2012,Year,Percent of rangeland acres on BLM-administered lands,percent,Proportion of BLM rangelands where all 3 rangeland health attributes had moderate-to-extreme or extreme-to-total departure from reference conditions (>= 4) (80% confidence interval) ,27,Proportion of BLM rangelands where all 3 rangeland health attributes had moderate-to-extreme or extreme-to-total departure from reference conditions (>= 4) (80% confidence interval) ,
31. Estimated % of BLM range acres with all 3 rangeland health attributes >= 4,14,BLM,2,3.10,0.79,0.25,2.08,4.11,ALL 3 RANGELAND HEALTH ATTRIBUTES HAD MODERATE-TO-EXTREME OR EXTREME-TO-TOTAL DEPARTURE FROM REFERENCE CONDITIONS (>=4),2011,Year,Percent of rangeland acres on BLM-administered lands,percent,Proportion of BLM rangelands where all 3 rangeland health attributes had moderate-to-extreme or extreme-to-total departure from reference conditions (>= 4) (80% confidence interval) ,27,Proportion of BLM rangelands where all 3 rangeland health attributes had moderate-to-extreme or extreme-to-total departure from reference conditions (>= 4) (80% confidence interval) ,
31. Estimated % of BLM range acres with all 3 rangeland health attributes >= 4,14,BLM,NA,1.78,0.61,0.34,1.00,2.56,ALL 3 RANGELAND HEALTH ATTRIBUTES HAD MODERATE-TO-EXTREME OR EXTREME-TO-TOTAL DEPARTURE FROM REFERENCE CONDITIONS (>=4),2012,Year,Percent of rangeland acres on BLM-administered lands,percent,Proportion of BLM rangelands where all 3 rangeland health attributes had moderate-to-extreme or extreme-to-total departure from reference conditions (>= 4) (80% confidence interval) ,27,Proportion of BLM rangelands where all 3 rangeland health attributes had moderate-to-extreme or extreme-to-total departure from reference conditions (>= 4) (80% confidence interval) ,
31. Estimated % of BLM range acres with all 3 rangeland health attributes >= 4,14,BLM,1,0.10,0.10,1.05,0.00,0.22,ALL 3 RANGELAND HEALTH ATTRIBUTES HAD MODERATE-TO-EXTREME OR EXTREME-TO-TOTAL DEPARTURE FROM REFERENCE CONDITIONS (>=4),2015,Year,Percent of rangeland acres on BLM-administered lands,percent,Proportion of BLM rangelands where all 3 rangeland health attributes had moderate-to-extreme or extreme-to-total departure from reference conditions (>= 4) (80% confidence interval) ,27,Proportion of BLM rangelands where all 3 rangeland health attributes had moderate-to-extreme or extreme-to-total departure from reference conditions (>= 4) (80% confidence interval) ,
31. Estimated % of BLM range acres with all 3 rangeland health attributes >= 4,14,BLM,2,1.63,0.51,0.31,0.98,2.29,ALL 3 RANGELAND HEALTH ATTRIBUTES HAD MODERATE-TO-EXTREME OR EXTREME-TO-TOTAL DEPARTURE FROM REFERENCE CONDITIONS (>=4),2016,Year,Percent of rangeland acres on BLM-administered lands,percent,Proportion of BLM rangelands where all 3 rangeland health attributes had moderate-to-extreme or extreme-to-total departure from reference conditions (>= 4) (80% confidence interval) ,27,Proportion of BLM rangelands where all 3 rangeland health attributes had moderate-to-extreme or extreme-to-total departure from reference conditions (>= 4) (80% confidence interval) ,
31. Estimated % of BLM range acres with all 3 rangeland health attributes >= 4,14,BLM,NA,1.98,0.50,0.25,1.34,2.63,ALL 3 RANGELAND HEALTH ATTRIBUTES HAD MODERATE-TO-EXTREME OR EXTREME-TO-TOTAL DEPARTURE FROM REFERENCE CONDITIONS (>=4),2011,Year,Percent of rangeland acres on BLM-administered lands,percent,Proportion of BLM rangelands where all 3 rangeland health attributes had moderate-to-extreme or extreme-to-total departure from reference conditions (>= 4) (80% confidence interval) ,27,Proportion of BLM rangelands where all 3 rangeland health attributes had moderate-to-extreme or extreme-to-total departure from reference conditions (>= 4) (80% confidence interval) ,
31. Estimated % of BLM range acres with all 3 rangeland health attributes >= 4,14,BLM,NA,1.25,0.51,0.41,0.60,1.90,ALL 3 RANGELAND HEALTH ATTRIBUTES HAD MODERATE-TO-EXTREME OR EXTREME-TO-TOTAL DEPARTURE FROM REFERENCE CONDITIONS (>=4),2015,Year,Percent of rangeland acres on BLM-administered lands,percent,Proportion of BLM rangelands where all 3 rangeland health attributes had moderate-to-extreme or extreme-to-total departure from reference conditions (>= 4) (80% confidence interval) ,27,Proportion of BLM rangelands where all 3 rangeland health attributes had moderate-to-extreme or extreme-to-total departure from reference conditions (>= 4) (80% confidence interval) ,
31. Estimated % of BLM range acres with all 3 rangeland health attributes >= 4,14,BLM,2,1.67,0.73,0.44,0.74,2.60,ALL 3 RANGELAND HEALTH ATTRIBUTES HAD MODERATE-TO-EXTREME OR EXTREME-TO-TOTAL DEPARTURE FROM REFERENCE CONDITIONS (>=4),2014,Year,Percent of rangeland acres on BLM-administered lands,percent,Proportion of BLM rangelands where all 3 rangeland health attributes had moderate-to-extreme or extreme-to-total departure from reference conditions (>= 4) (80% confidence interval) ,27,Proportion of BLM rangelands where all 3 rangeland health attributes had moderate-to-extreme or extreme-to-total departure from reference conditions (>= 4) (80% confidence interval) ,
31. Estimated % of BLM range acres with all 3 rangeland health attributes >= 4,14,BLM,1,0.21,0.14,0.65,0.03,0.39,ALL 3 RANGELAND HEALTH ATTRIBUTES HAD MODERATE-TO-EXTREME OR EXTREME-TO-TOTAL DEPARTURE FROM REFERENCE CONDITIONS (>=4),2016,Year,Percent of rangeland acres on BLM-administered lands,percent,Proportion of BLM rangelands where all 3 rangeland health attributes had moderate-to-extreme or extreme-to-total departure from reference conditions (>= 4) (80% confidence interval) ,27,Proportion of BLM rangelands where all 3 rangeland health attributes had moderate-to-extreme or extreme-to-total departure from reference conditions (>= 4) (80% confidence interval) ,
31. Estimated % of BLM range acres with all 3 rangeland health attributes >= 4,14,BLM,NA,1.22,0.47,0.39,0.61,1.83,ALL 3 RANGELAND HEALTH ATTRIBUTES HAD MODERATE-TO-EXTREME OR EXTREME-TO-TOTAL DEPARTURE FROM REFERENCE CONDITIONS (>=4),2014,Year,Percent of rangeland acres on BLM-administered lands,percent,Proportion of BLM rangelands where all 3 rangeland health attributes had moderate-to-extreme or extreme-to-total departure from reference conditions (>= 4) (80% confidence interval) ,27,Proportion of BLM rangelands where all 3 rangeland health attributes had moderate-to-extreme or extreme-to-total departure from reference conditions (>= 4) (80% confidence interval) ,
31. Estimated % of BLM range acres with all 3 rangeland health attributes >= 4,14,BLM,2,2.12,1.02,0.48,0.81,3.43,ALL 3 RANGELAND HEALTH ATTRIBUTES HAD MODERATE-TO-EXTREME OR EXTREME-TO-TOTAL DEPARTURE FROM REFERENCE CONDITIONS (>=4),2012,Year,Percent of rangeland acres on BLM-administered lands,percent,Proportion of BLM rangelands where all 3 rangeland health attributes had moderate-to-extreme or extreme-to-total departure from reference conditions (>= 4) (80% confidence interval) ,27,Proportion of BLM rangelands where all 3 rangeland health attributes had moderate-to-extreme or extreme-to-total departure from reference conditions (>= 4) (80% confidence interval) ,
31. Estimated % of BLM range acres with all 3 rangeland health attributes >= 4,14,BLM,NA,1.10,0.31,0.28,0.70,1.50,ALL 3 RANGELAND HEALTH ATTRIBUTES HAD MODERATE-TO-EXTREME OR EXTREME-TO-TOTAL DEPARTURE FROM REFERENCE CONDITIONS (>=4),2016,Year,Percent of rangeland acres on BLM-administered lands,percent,Proportion of BLM rangelands where all 3 rangeland health attributes had moderate-to-extreme or extreme-to-total departure from reference conditions (>= 4) (80% confidence interval) ,27,Proportion of BLM rangelands where all 3 rangeland health attributes had moderate-to-extreme or extreme-to-total departure from reference conditions (>= 4) (80% confidence interval) ,
31. Estimated % of BLM range acres with all 3 rangeland health attributes >= 4,14,BLM,1,0.00,0.00,0.00,0.00,0.00,ALL 3 RANGELAND HEALTH ATTRIBUTES HAD MODERATE-TO-EXTREME OR EXTREME-TO-TOTAL DEPARTURE FROM REFERENCE CONDITIONS (>=4),2018,Year,Percent of rangeland acres on BLM-administered lands,percent,Proportion of BLM rangelands where all 3 rangeland health attributes had moderate-to-extreme or extreme-to-total departure from reference conditions (>= 4) (80% confidence interval) ,27,Proportion of BLM rangelands where all 3 rangeland health attributes had moderate-to-extreme or extreme-to-total departure from reference conditions (>= 4) (80% confidence interval) ,
31. Estimated % of BLM range acres with all 3 rangeland health attributes >= 4,14,BLM,2,1.25,0.73,0.59,0.31,2.18,ALL 3 RANGELAND HEALTH ATTRIBUTES HAD MODERATE-TO-EXTREME OR EXTREME-TO-TOTAL DEPARTURE FROM REFERENCE CONDITIONS (>=4),2018,Year,Percent of rangeland acres on BLM-administered lands,percent,Proportion of BLM rangelands where all 3 rangeland health attributes had moderate-to-extreme or extreme-to-total departure from reference conditions (>= 4) (80% confidence interval) ,27,Proportion of BLM rangelands where all 3 rangeland health attributes had moderate-to-extreme or extreme-to-total departure from reference conditions (>= 4) (80% confidence interval) ,
31. Estimated % of BLM range acres with all 3 rangeland health attributes >= 4,14,BLM,2,3.09,1.06,0.34,1.73,4.44,ALL 3 RANGELAND HEALTH ATTRIBUTES HAD MODERATE-TO-EXTREME OR EXTREME-TO-TOTAL DEPARTURE FROM REFERENCE CONDITIONS (>=4),2017,Year,Percent of rangeland acres on BLM-administered lands,percent,Proportion of BLM rangelands where all 3 rangeland health attributes had moderate-to-extreme or extreme-to-total departure from reference conditions (>= 4) (80% confidence interval) ,27,Proportion of BLM rangelands where all 3 rangeland health attributes had moderate-to-extreme or extreme-to-total departure from reference conditions (>= 4) (80% confidence interval) ,
31. Estimated % of BLM range acres with all 3 rangeland health attributes >= 4,14,BLM,1,0.00,0.00,0.00,0.00,0.00,ALL 3 RANGELAND HEALTH ATTRIBUTES HAD MODERATE-TO-EXTREME OR EXTREME-TO-TOTAL DEPARTURE FROM REFERENCE CONDITIONS (>=4),2011,Year,Percent of rangeland acres on BLM-administered lands,percent,Proportion of BLM rangelands where all 3 rangeland health attributes had moderate-to-extreme or extreme-to-total departure from reference conditions (>= 4) (80% confidence interval) ,27,Proportion of BLM rangelands where all 3 rangeland health attributes had moderate-to-extreme or extreme-to-total departure from reference conditions (>= 4) (80% confidence interval) ,
31. Estimated % of BLM range acres with all 3 rangeland health attributes >= 4,14,BLM,1,0.39,0.17,0.44,0.17,0.61,ALL 3 RANGELAND HEALTH ATTRIBUTES HAD MODERATE-TO-EXTREME OR EXTREME-TO-TOTAL DEPARTURE FROM REFERENCE CONDITIONS (>=4),2014,Year,Percent of rangeland acres on BLM-administered lands,percent,Proportion of BLM rangelands where all 3 rangeland health attributes had moderate-to-extreme or extreme-to-total departure from reference conditions (>= 4) (80% confidence interval) ,27,Proportion of BLM rangelands where all 3 rangeland health attributes had moderate-to-extreme or extreme-to-total departure from reference conditions (>= 4) (80% confidence interval) ,
31. Estimated % of BLM range acres with all 3 rangeland health attributes >= 4,14,BLM,1,0.00,0.00,0.00,0.00,0.00,ALL 3 RANGELAND HEALTH ATTRIBUTES HAD MODERATE-TO-EXTREME OR EXTREME-TO-TOTAL DEPARTURE FROM REFERENCE CONDITIONS (>=4),2019,Year,Percent of rangeland acres on BLM-administered lands,percent,Proportion of BLM rangelands where all 3 rangeland health attributes had moderate-to-extreme or extreme-to-total departure from reference conditions (>= 4) (80% confidence interval) ,27,Proportion of BLM rangelands where all 3 rangeland health attributes had moderate-to-extreme or extreme-to-total departure from reference conditions (>= 4) (80% confidence interval) ,
31. Estimated % of BLM range acres with all 3 rangeland health attributes >= 4,14,BLM,NA,0.78,0.45,0.58,0.20,1.36,ALL 3 RANGELAND HEALTH ATTRIBUTES HAD MODERATE-TO-EXTREME OR EXTREME-TO-TOTAL DEPARTURE FROM REFERENCE CONDITIONS (>=4),2018,Year,Percent of rangeland acres on BLM-administered lands,percent,Proportion of BLM rangelands where all 3 rangeland health attributes had moderate-to-extreme or extreme-to-total departure from reference conditions (>= 4) (80% confidence interval) ,27,Proportion of BLM rangelands where all 3 rangeland health attributes had moderate-to-extreme or extreme-to-total departure from reference conditions (>= 4) (80% confidence interval) ,
31. Estimated % of BLM range acres with all 3 rangeland health attributes >= 4,14,BLM,NA,1.07,0.47,0.44,0.47,1.67,ALL 3 RANGELAND HEALTH ATTRIBUTES HAD MODERATE-TO-EXTREME OR EXTREME-TO-TOTAL DEPARTURE FROM REFERENCE CONDITIONS (>=4),2019,Year,Percent of rangeland acres on BLM-administered lands,percent,Proportion of BLM rangelands where all 3 rangeland health attributes had moderate-to-extreme or extreme-to-total departure from reference conditions (>= 4) (80% confidence interval) ,27,Proportion of BLM rangelands where all 3 rangeland health attributes had moderate-to-extreme or extreme-to-total departure from reference conditions (>= 4) (80% confidence interval) ,
31. Estimated % of BLM range acres with all 3 rangeland health attributes >= 4,14,BLM,1,0.11,0.11,1.00,0.00,0.24,ALL 3 RANGELAND HEALTH ATTRIBUTES HAD MODERATE-TO-EXTREME OR EXTREME-TO-TOTAL DEPARTURE FROM REFERENCE CONDITIONS (>=4),2017,Year,Percent of rangeland acres on BLM-administered lands,percent,Proportion of BLM rangelands where all 3 rangeland health attributes had moderate-to-extreme or extreme-to-total departure from reference conditions (>= 4) (80% confidence interval) ,27,Proportion of BLM rangelands where all 3 rangeland health attributes had moderate-to-extreme or extreme-to-total departure from reference conditions (>= 4) (80% confidence interval) ,
31. Estimated % of BLM range acres with all 3 rangeland health attributes >= 4,14,BLM,NA,1.95,0.66,0.34,1.11,2.80,ALL 3 RANGELAND HEALTH ATTRIBUTES HAD MODERATE-TO-EXTREME OR EXTREME-TO-TOTAL DEPARTURE FROM REFERENCE CONDITIONS (>=4),2017,Year,Percent of rangeland acres on BLM-administered lands,percent,Proportion of BLM rangelands where all 3 rangeland health attributes had moderate-to-extreme or extreme-to-total departure from reference conditions (>= 4) (80% confidence interval) ,27,Proportion of BLM rangelands where all 3 rangeland health attributes had moderate-to-extreme or extreme-to-total departure from reference conditions (>= 4) (80% confidence interval) ,
31. Estimated % of BLM range acres with all 3 rangeland health attributes >= 4,14,BLM,2,1.73,0.77,0.44,0.75,2.71,ALL 3 RANGELAND HEALTH ATTRIBUTES HAD MODERATE-TO-EXTREME OR EXTREME-TO-TOTAL DEPARTURE FROM REFERENCE CONDITIONS (>=4),2019,Year,Percent of rangeland acres on BLM-administered lands,percent,Proportion of BLM rangelands where all 3 rangeland health attributes had moderate-to-extreme or extreme-to-total departure from reference conditions (>= 4) (80% confidence interval) ,27,Proportion of BLM rangelands where all 3 rangeland health attributes had moderate-to-extreme or extreme-to-total departure from reference conditions (>= 4) (80% confidence interval) ,
33. Estimated BLM range acres with all 3 rangeland health attributes >= 4,14,BLM,1,647123.00,211078.00,0.33,376616.00,917630.00,ALL 3 RANGELAND HEALTH ATTRIBUTES HAD MODERATE-TO-EXTREME OR EXTREME-TO-TOTAL DEPARTURE FROM REFERENCE CONDITIONS (>=4),2012,Year,BLM rangeland acres (millions),acres,BLM rangeland acres (millions) where all 3 rangeland health attributes had moderate-to-extreme or extreme-to-total departure from reference conditions (>= 4),28,BLM rangeland acres (millions) where all 3 rangeland health attributes had moderate-to-extreme or extreme-to-total departure from reference conditions (>= 4),
33. Estimated BLM range acres with all 3 rangeland health attributes >= 4,14,BLM,2,1796806.00,860792.00,0.48,693657.00,2899956.00,ALL 3 RANGELAND HEALTH ATTRIBUTES HAD MODERATE-TO-EXTREME OR EXTREME-TO-TOTAL DEPARTURE FROM REFERENCE CONDITIONS (>=4),2012,Year,BLM rangeland acres (millions),acres,BLM rangeland acres (millions) where all 3 rangeland health attributes had moderate-to-extreme or extreme-to-total departure from reference conditions (>= 4),28,BLM rangeland acres (millions) where all 3 rangeland health attributes had moderate-to-extreme or extreme-to-total departure from reference conditions (>= 4),
33. Estimated BLM range acres with all 3 rangeland health attributes >= 4,14,BLM,NA,2443930.00,824444.00,0.34,1387362.00,3500497.00,ALL 3 RANGELAND HEALTH ATTRIBUTES HAD MODERATE-TO-EXTREME OR EXTREME-TO-TOTAL DEPARTURE FROM REFERENCE CONDITIONS (>=4),2012,Year,BLM rangeland acres (millions),acres,BLM rangeland acres (millions) where all 3 rangeland health attributes had moderate-to-extreme or extreme-to-total departure from reference conditions (>= 4),28,BLM rangeland acres (millions) where all 3 rangeland health attributes had moderate-to-extreme or extreme-to-total departure from reference conditions (>= 4),
33. Estimated BLM range acres with all 3 rangeland health attributes >= 4,14,BLM,1,201394.00,88615.00,0.44,87829.00,314959.00,ALL 3 RANGELAND HEALTH ATTRIBUTES HAD MODERATE-TO-EXTREME OR EXTREME-TO-TOTAL DEPARTURE FROM REFERENCE CONDITIONS (>=4),2014,Year,BLM rangeland acres (millions),acres,BLM rangeland acres (millions) where all 3 rangeland health attributes had moderate-to-extreme or extreme-to-total departure from reference conditions (>= 4),28,BLM rangeland acres (millions) where all 3 rangeland health attributes had moderate-to-extreme or extreme-to-total departure from reference conditions (>= 4),
33. Estimated BLM range acres with all 3 rangeland health attributes >= 4,14,BLM,1,0.00,0.00,0.00,0.00,0.00,ALL 3 RANGELAND HEALTH ATTRIBUTES HAD MODERATE-TO-EXTREME OR EXTREME-TO-TOTAL DEPARTURE FROM REFERENCE CONDITIONS (>=4),2011,Year,BLM rangeland acres (millions),acres,BLM rangeland acres (millions) where all 3 rangeland health attributes had moderate-to-extreme or extreme-to-total departure from reference conditions (>= 4),28,BLM rangeland acres (millions) where all 3 rangeland health attributes had moderate-to-extreme or extreme-to-total departure from reference conditions (>= 4),
33. Estimated BLM range acres with all 3 rangeland health attributes >= 4,14,BLM,2,2706630.00,696759.00,0.26,1813386.00,3599875.00,ALL 3 RANGELAND HEALTH ATTRIBUTES HAD MODERATE-TO-EXTREME OR EXTREME-TO-TOTAL DEPARTURE FROM REFERENCE CONDITIONS (>=4),2011,Year,BLM rangeland acres (millions),acres,BLM rangeland acres (millions) where all 3 rangeland health attributes had moderate-to-extreme or extreme-to-total departure from reference conditions (>= 4),28,BLM rangeland acres (millions) where all 3 rangeland health attributes had moderate-to-extreme or extreme-to-total departure from reference conditions (>= 4),
33. Estimated BLM range acres with all 3 rangeland health attributes >= 4,14,BLM,NA,1805486.00,698004.00,0.39,910958.00,2700013.00,ALL 3 RANGELAND HEALTH ATTRIBUTES HAD MODERATE-TO-EXTREME OR EXTREME-TO-TOTAL DEPARTURE FROM REFERENCE CONDITIONS (>=4),2014,Year,BLM rangeland acres (millions),acres,BLM rangeland acres (millions) where all 3 rangeland health attributes had moderate-to-extreme or extreme-to-total departure from reference conditions (>= 4),28,BLM rangeland acres (millions) where all 3 rangeland health attributes had moderate-to-extreme or extreme-to-total departure from reference conditions (>= 4),
33. Estimated BLM range acres with all 3 rangeland health attributes >= 4,14,BLM,2,1604092.00,693152.00,0.43,715782.00,2492402.00,ALL 3 RANGELAND HEALTH ATTRIBUTES HAD MODERATE-TO-EXTREME OR EXTREME-TO-TOTAL DEPARTURE FROM REFERENCE CONDITIONS (>=4),2014,Year,BLM rangeland acres (millions),acres,BLM rangeland acres (millions) where all 3 rangeland health attributes had moderate-to-extreme or extreme-to-total departure from reference conditions (>= 4),28,BLM rangeland acres (millions) where all 3 rangeland health attributes had moderate-to-extreme or extreme-to-total departure from reference conditions (>= 4),
33. Estimated BLM range acres with all 3 rangeland health attributes >= 4,14,BLM,NA,1669713.00,676315.00,0.41,802980.00,2536445.00,ALL 3 RANGELAND HEALTH ATTRIBUTES HAD MODERATE-TO-EXTREME OR EXTREME-TO-TOTAL DEPARTURE FROM REFERENCE CONDITIONS (>=4),2015,Year,BLM rangeland acres (millions),acres,BLM rangeland acres (millions) where all 3 rangeland health attributes had moderate-to-extreme or extreme-to-total departure from reference conditions (>= 4),28,BLM rangeland acres (millions) where all 3 rangeland health attributes had moderate-to-extreme or extreme-to-total departure from reference conditions (>= 4),
33. Estimated BLM range acres with all 3 rangeland health attributes >= 4,14,BLM,NA,2706630.00,696759.00,0.26,1813386.00,3599875.00,ALL 3 RANGELAND HEALTH ATTRIBUTES HAD MODERATE-TO-EXTREME OR EXTREME-TO-TOTAL DEPARTURE FROM REFERENCE CONDITIONS (>=4),2011,Year,BLM rangeland acres (millions),acres,BLM rangeland acres (millions) where all 3 rangeland health attributes had moderate-to-extreme or extreme-to-total departure from reference conditions (>= 4),28,BLM rangeland acres (millions) where all 3 rangeland health attributes had moderate-to-extreme or extreme-to-total departure from reference conditions (>= 4),
33. Estimated BLM range acres with all 3 rangeland health attributes >= 4,14,BLM,2,1077226.00,619977.00,0.58,282693.00,1871758.00,ALL 3 RANGELAND HEALTH ATTRIBUTES HAD MODERATE-TO-EXTREME OR EXTREME-TO-TOTAL DEPARTURE FROM REFERENCE CONDITIONS (>=4),2018,Year,BLM rangeland acres (millions),acres,BLM rangeland acres (millions) where all 3 rangeland health attributes had moderate-to-extreme or extreme-to-total departure from reference conditions (>= 4),28,BLM rangeland acres (millions) where all 3 rangeland health attributes had moderate-to-extreme or extreme-to-total departure from reference conditions (>= 4),
33. Estimated BLM range acres with all 3 rangeland health attributes >= 4,14,BLM,2,1626981.00,665692.00,0.41,773863.00,2480099.00,ALL 3 RANGELAND HEALTH ATTRIBUTES HAD MODERATE-TO-EXTREME OR EXTREME-TO-TOTAL DEPARTURE FROM REFERENCE CONDITIONS (>=4),2015,Year,BLM rangeland acres (millions),acres,BLM rangeland acres (millions) where all 3 rangeland health attributes had moderate-to-extreme or extreme-to-total departure from reference conditions (>= 4),28,BLM rangeland acres (millions) where all 3 rangeland health attributes had moderate-to-extreme or extreme-to-total departure from reference conditions (>= 4),
33. Estimated BLM range acres with all 3 rangeland health attributes >= 4,14,BLM,NA,1077226.00,619977.00,0.58,282693.00,1871758.00,ALL 3 RANGELAND HEALTH ATTRIBUTES HAD MODERATE-TO-EXTREME OR EXTREME-TO-TOTAL DEPARTURE FROM REFERENCE CONDITIONS (>=4),2018,Year,BLM rangeland acres (millions),acres,BLM rangeland acres (millions) where all 3 rangeland health attributes had moderate-to-extreme or extreme-to-total departure from reference conditions (>= 4),28,BLM rangeland acres (millions) where all 3 rangeland health attributes had moderate-to-extreme or extreme-to-total departure from reference conditions (>= 4),
33. Estimated BLM range acres with all 3 rangeland health attributes >= 4,14,BLM,1,0.00,0.00,0.00,0.00,0.00,ALL 3 RANGELAND HEALTH ATTRIBUTES HAD MODERATE-TO-EXTREME OR EXTREME-TO-TOTAL DEPARTURE FROM REFERENCE CONDITIONS (>=4),2018,Year,BLM rangeland acres (millions),acres,BLM rangeland acres (millions) where all 3 rangeland health attributes had moderate-to-extreme or extreme-to-total departure from reference conditions (>= 4),28,BLM rangeland acres (millions) where all 3 rangeland health attributes had moderate-to-extreme or extreme-to-total departure from reference conditions (>= 4),
33. Estimated BLM range acres with all 3 rangeland health attributes >= 4,14,BLM,1,0.00,0.00,0.00,0.00,0.00,ALL 3 RANGELAND HEALTH ATTRIBUTES HAD MODERATE-TO-EXTREME OR EXTREME-TO-TOTAL DEPARTURE FROM REFERENCE CONDITIONS (>=4),2019,Year,BLM rangeland acres (millions),acres,BLM rangeland acres (millions) where all 3 rangeland health attributes had moderate-to-extreme or extreme-to-total departure from reference conditions (>= 4),28,BLM rangeland acres (millions) where all 3 rangeland health attributes had moderate-to-extreme or extreme-to-total departure from reference conditions (>= 4),
33. Estimated BLM range acres with all 3 rangeland health attributes >= 4,14,BLM,1,42732.00,44621.00,1.04,0.00,99916.00,ALL 3 RANGELAND HEALTH ATTRIBUTES HAD MODERATE-TO-EXTREME OR EXTREME-TO-TOTAL DEPARTURE FROM REFERENCE CONDITIONS (>=4),2015,Year,BLM rangeland acres (millions),acres,BLM rangeland acres (millions) where all 3 rangeland health attributes had moderate-to-extreme or extreme-to-total departure from reference conditions (>= 4),28,BLM rangeland acres (millions) where all 3 rangeland health attributes had moderate-to-extreme or extreme-to-total departure from reference conditions (>= 4),
33. Estimated BLM range acres with all 3 rangeland health attributes >= 4,14,BLM,2,1420875.00,446226.00,0.31,849013.00,1992737.00,ALL 3 RANGELAND HEALTH ATTRIBUTES HAD MODERATE-TO-EXTREME OR EXTREME-TO-TOTAL DEPARTURE FROM REFERENCE CONDITIONS (>=4),2016,Year,BLM rangeland acres (millions),acres,BLM rangeland acres (millions) where all 3 rangeland health attributes had moderate-to-extreme or extreme-to-total departure from reference conditions (>= 4),28,BLM rangeland acres (millions) where all 3 rangeland health attributes had moderate-to-extreme or extreme-to-total departure from reference conditions (>= 4),
33. Estimated BLM range acres with all 3 rangeland health attributes >= 4,14,BLM,NA,1462453.00,639402.00,0.44,643026.00,2281880.00,ALL 3 RANGELAND HEALTH ATTRIBUTES HAD MODERATE-TO-EXTREME OR EXTREME-TO-TOTAL DEPARTURE FROM REFERENCE CONDITIONS (>=4),2019,Year,BLM rangeland acres (millions),acres,BLM rangeland acres (millions) where all 3 rangeland health attributes had moderate-to-extreme or extreme-to-total departure from reference conditions (>= 4),28,BLM rangeland acres (millions) where all 3 rangeland health attributes had moderate-to-extreme or extreme-to-total departure from reference conditions (>= 4),
33. Estimated BLM range acres with all 3 rangeland health attributes >= 4,14,BLM,2,1462453.00,639402.00,0.44,643026.00,2281880.00,ALL 3 RANGELAND HEALTH ATTRIBUTES HAD MODERATE-TO-EXTREME OR EXTREME-TO-TOTAL DEPARTURE FROM REFERENCE CONDITIONS (>=4),2019,Year,BLM rangeland acres (millions),acres,BLM rangeland acres (millions) where all 3 rangeland health attributes had moderate-to-extreme or extreme-to-total departure from reference conditions (>= 4),28,BLM rangeland acres (millions) where all 3 rangeland health attributes had moderate-to-extreme or extreme-to-total departure from reference conditions (>= 4),
33. Estimated BLM range acres with all 3 rangeland health attributes >= 4,14,BLM,NA,1531681.00,432864.00,0.28,976943.00,2086418.00,ALL 3 RANGELAND HEALTH ATTRIBUTES HAD MODERATE-TO-EXTREME OR EXTREME-TO-TOTAL DEPARTURE FROM REFERENCE CONDITIONS (>=4),2016,Year,BLM rangeland acres (millions),acres,BLM rangeland acres (millions) where all 3 rangeland health attributes had moderate-to-extreme or extreme-to-total departure from reference conditions (>= 4),28,BLM rangeland acres (millions) where all 3 rangeland health attributes had moderate-to-extreme or extreme-to-total departure from reference conditions (>= 4),
33. Estimated BLM range acres with all 3 rangeland health attributes >= 4,14,BLM,1,110805.00,72526.00,0.66,17859.00,203752.00,ALL 3 RANGELAND HEALTH ATTRIBUTES HAD MODERATE-TO-EXTREME OR EXTREME-TO-TOTAL DEPARTURE FROM REFERENCE CONDITIONS (>=4),2016,Year,BLM rangeland acres (millions),acres,BLM rangeland acres (millions) where all 3 rangeland health attributes had moderate-to-extreme or extreme-to-total departure from reference conditions (>= 4),28,BLM rangeland acres (millions) where all 3 rangeland health attributes had moderate-to-extreme or extreme-to-total departure from reference conditions (>= 4),
33. Estimated BLM range acres with all 3 rangeland health attributes >= 4,14,BLM,2,2633752.00,907048.00,0.34,1471323.00,3796182.00,ALL 3 RANGELAND HEALTH ATTRIBUTES HAD MODERATE-TO-EXTREME OR EXTREME-TO-TOTAL DEPARTURE FROM REFERENCE CONDITIONS (>=4),2017,Year,BLM rangeland acres (millions),acres,BLM rangeland acres (millions) where all 3 rangeland health attributes had moderate-to-extreme or extreme-to-total departure from reference conditions (>= 4),28,BLM rangeland acres (millions) where all 3 rangeland health attributes had moderate-to-extreme or extreme-to-total departure from reference conditions (>= 4),
33. Estimated BLM range acres with all 3 rangeland health attributes >= 4,14,BLM,1,55643.00,55695.00,1.00,0.00,127020.00,ALL 3 RANGELAND HEALTH ATTRIBUTES HAD MODERATE-TO-EXTREME OR EXTREME-TO-TOTAL DEPARTURE FROM REFERENCE CONDITIONS (>=4),2017,Year,BLM rangeland acres (millions),acres,BLM rangeland acres (millions) where all 3 rangeland health attributes had moderate-to-extreme or extreme-to-total departure from reference conditions (>= 4),28,BLM rangeland acres (millions) where all 3 rangeland health attributes had moderate-to-extreme or extreme-to-total departure from reference conditions (>= 4),
33. Estimated BLM range acres with all 3 rangeland health attributes >= 4,14,BLM,NA,2689396.00,911729.00,0.34,1520968.00,3857824.00,ALL 3 RANGELAND HEALTH ATTRIBUTES HAD MODERATE-TO-EXTREME OR EXTREME-TO-TOTAL DEPARTURE FROM REFERENCE CONDITIONS (>=4),2017,Year,BLM rangeland acres (millions),acres,BLM rangeland acres (millions) where all 3 rangeland health attributes had moderate-to-extreme or extreme-to-total departure from reference conditions (>= 4),28,BLM rangeland acres (millions) where all 3 rangeland health attributes had moderate-to-extreme or extreme-to-total departure from reference conditions (>= 4),
34. Estimated % of BLM range acres with at least 1 rangeland health attribute = 3,15,BLM,2,19.73,1.78,0.09,17.45,22.01,AT LEAST 1 RANGELAND HEALTH ATTRIBUTE HAD MODERATE DEPARTURE FROM REFERENCE CONDITIONS (=3),2014,Year,Percent of rangeland acres on BLM-administered lands,percent,Proportion of BLM rangelands where at least 1 rangeland health attribute had moderate departure from reference conditions (= 3) (80% confidence interval) ,29,Proportion of BLM rangelands where at least 1 rangeland health attribute had moderate departure from reference conditions (= 3) (80% confidence interval) ,
34. Estimated % of BLM range acres with at least 1 rangeland health attribute = 3,15,BLM,NA,15.20,1.14,0.08,13.74,16.66,AT LEAST 1 RANGELAND HEALTH ATTRIBUTE HAD MODERATE DEPARTURE FROM REFERENCE CONDITIONS (=3),2015,Year,Percent of rangeland acres on BLM-administered lands,percent,Proportion of BLM rangelands where at least 1 rangeland health attribute had moderate departure from reference conditions (= 3) (80% confidence interval) ,29,Proportion of BLM rangelands where at least 1 rangeland health attribute had moderate departure from reference conditions (= 3) (80% confidence interval) ,
34. Estimated % of BLM range acres with at least 1 rangeland health attribute = 3,15,BLM,2,16.53,1.59,0.10,14.49,18.57,AT LEAST 1 RANGELAND HEALTH ATTRIBUTE HAD MODERATE DEPARTURE FROM REFERENCE CONDITIONS (=3),2015,Year,Percent of rangeland acres on BLM-administered lands,percent,Proportion of BLM rangelands where at least 1 rangeland health attribute had moderate departure from reference conditions (= 3) (80% confidence interval) ,29,Proportion of BLM rangelands where at least 1 rangeland health attribute had moderate departure from reference conditions (= 3) (80% confidence interval) ,
34. Estimated % of BLM range acres with at least 1 rangeland health attribute = 3,15,BLM,1,11.73,1.19,0.10,10.20,13.25,AT LEAST 1 RANGELAND HEALTH ATTRIBUTE HAD MODERATE DEPARTURE FROM REFERENCE CONDITIONS (=3),2012,Year,Percent of rangeland acres on BLM-administered lands,percent,Proportion of BLM rangelands where at least 1 rangeland health attribute had moderate departure from reference conditions (= 3) (80% confidence interval) ,29,Proportion of BLM rangelands where at least 1 rangeland health attribute had moderate departure from reference conditions (= 3) (80% confidence interval) ,
34. Estimated % of BLM range acres with at least 1 rangeland health attribute = 3,15,BLM,1,10.91,2.06,0.19,8.27,13.56,AT LEAST 1 RANGELAND HEALTH ATTRIBUTE HAD MODERATE DEPARTURE FROM REFERENCE CONDITIONS (=3),2011,Year,Percent of rangeland acres on BLM-administered lands,percent,Proportion of BLM rangelands where at least 1 rangeland health attribute had moderate departure from reference conditions (= 3) (80% confidence interval) ,29,Proportion of BLM rangelands where at least 1 rangeland health attribute had moderate departure from reference conditions (= 3) (80% confidence interval) ,
34. Estimated % of BLM range acres with at least 1 rangeland health attribute = 3,15,BLM,2,15.31,2.22,0.14,12.47,18.15,AT LEAST 1 RANGELAND HEALTH ATTRIBUTE HAD MODERATE DEPARTURE FROM REFERENCE CONDITIONS (=3),2011,Year,Percent of rangeland acres on BLM-administered lands,percent,Proportion of BLM rangelands where at least 1 rangeland health attribute had moderate departure from reference conditions (= 3) (80% confidence interval) ,29,Proportion of BLM rangelands where at least 1 rangeland health attribute had moderate departure from reference conditions (= 3) (80% confidence interval) ,
34. Estimated % of BLM range acres with at least 1 rangeland health attribute = 3,15,BLM,1,12.54,1.12,0.09,11.10,13.98,AT LEAST 1 RANGELAND HEALTH ATTRIBUTE HAD MODERATE DEPARTURE FROM REFERENCE CONDITIONS (=3),2015,Year,Percent of rangeland acres on BLM-administered lands,percent,Proportion of BLM rangelands where at least 1 rangeland health attribute had moderate departure from reference conditions (= 3) (80% confidence interval) ,29,Proportion of BLM rangelands where at least 1 rangeland health attribute had moderate departure from reference conditions (= 3) (80% confidence interval) ,
34. Estimated % of BLM range acres with at least 1 rangeland health attribute = 3,15,BLM,NA,17.99,2.00,0.11,15.43,20.56,AT LEAST 1 RANGELAND HEALTH ATTRIBUTE HAD MODERATE DEPARTURE FROM REFERENCE CONDITIONS (=3),2012,Year,Percent of rangeland acres on BLM-administered lands,percent,Proportion of BLM rangelands where at least 1 rangeland health attribute had moderate departure from reference conditions (= 3) (80% confidence interval) ,29,Proportion of BLM rangelands where at least 1 rangeland health attribute had moderate departure from reference conditions (= 3) (80% confidence interval) ,
34. Estimated % of BLM range acres with at least 1 rangeland health attribute = 3,15,BLM,1,8.92,0.74,0.08,7.97,9.88,AT LEAST 1 RANGELAND HEALTH ATTRIBUTE HAD MODERATE DEPARTURE FROM REFERENCE CONDITIONS (=3),2014,Year,Percent of rangeland acres on BLM-administered lands,percent,Proportion of BLM rangelands where at least 1 rangeland health attribute had moderate departure from reference conditions (= 3) (80% confidence interval) ,29,Proportion of BLM rangelands where at least 1 rangeland health attribute had moderate departure from reference conditions (= 3) (80% confidence interval) ,
34. Estimated % of BLM range acres with at least 1 rangeland health attribute = 3,15,BLM,NA,14.89,1.00,0.07,13.61,16.17,AT LEAST 1 RANGELAND HEALTH ATTRIBUTE HAD MODERATE DEPARTURE FROM REFERENCE CONDITIONS (=3),2016,Year,Percent of rangeland acres on BLM-administered lands,percent,Proportion of BLM rangelands where at least 1 rangeland health attribute had moderate departure from reference conditions (= 3) (80% confidence interval) ,29,Proportion of BLM rangelands where at least 1 rangeland health attribute had moderate departure from reference conditions (= 3) (80% confidence interval) ,
34. Estimated % of BLM range acres with at least 1 rangeland health attribute = 3,15,BLM,NA,12.64,1.24,0.10,11.05,14.22,AT LEAST 1 RANGELAND HEALTH ATTRIBUTE HAD MODERATE DEPARTURE FROM REFERENCE CONDITIONS (=3),2017,Year,Percent of rangeland acres on BLM-administered lands,percent,Proportion of BLM rangelands where at least 1 rangeland health attribute had moderate departure from reference conditions (= 3) (80% confidence interval) ,29,Proportion of BLM rangelands where at least 1 rangeland health attribute had moderate departure from reference conditions (= 3) (80% confidence interval) ,
34. Estimated % of BLM range acres with at least 1 rangeland health attribute = 3,15,BLM,1,11.94,1.10,0.09,10.52,13.35,AT LEAST 1 RANGELAND HEALTH ATTRIBUTE HAD MODERATE DEPARTURE FROM REFERENCE CONDITIONS (=3),2016,Year,Percent of rangeland acres on BLM-administered lands,percent,Proportion of BLM rangelands where at least 1 rangeland health attribute had moderate departure from reference conditions (= 3) (80% confidence interval) ,29,Proportion of BLM rangelands where at least 1 rangeland health attribute had moderate departure from reference conditions (= 3) (80% confidence interval) ,
34. Estimated % of BLM range acres with at least 1 rangeland health attribute = 3,15,BLM,NA,15.94,1.17,0.07,14.44,17.43,AT LEAST 1 RANGELAND HEALTH ATTRIBUTE HAD MODERATE DEPARTURE FROM REFERENCE CONDITIONS (=3),2014,Year,Percent of rangeland acres on BLM-administered lands,percent,Proportion of BLM rangelands where at least 1 rangeland health attribute had moderate departure from reference conditions (= 3) (80% confidence interval) ,29,Proportion of BLM rangelands where at least 1 rangeland health attribute had moderate departure from reference conditions (= 3) (80% confidence interval) ,
34. Estimated % of BLM range acres with at least 1 rangeland health attribute = 3,15,BLM,2,21.86,3.14,0.14,17.84,25.88,AT LEAST 1 RANGELAND HEALTH ATTRIBUTE HAD MODERATE DEPARTURE FROM REFERENCE CONDITIONS (=3),2012,Year,Percent of rangeland acres on BLM-administered lands,percent,Proportion of BLM rangelands where at least 1 rangeland health attribute had moderate departure from reference conditions (= 3) (80% confidence interval) ,29,Proportion of BLM rangelands where at least 1 rangeland health attribute had moderate departure from reference conditions (= 3) (80% confidence interval) ,
34. Estimated % of BLM range acres with at least 1 rangeland health attribute = 3,15,BLM,NA,13.73,1.41,0.10,11.93,15.54,AT LEAST 1 RANGELAND HEALTH ATTRIBUTE HAD MODERATE DEPARTURE FROM REFERENCE CONDITIONS (=3),2011,Year,Percent of rangeland acres on BLM-administered lands,percent,Proportion of BLM rangelands where at least 1 rangeland health attribute had moderate departure from reference conditions (= 3) (80% confidence interval) ,29,Proportion of BLM rangelands where at least 1 rangeland health attribute had moderate departure from reference conditions (= 3) (80% confidence interval) ,
34. Estimated % of BLM range acres with at least 1 rangeland health attribute = 3,15,BLM,NA,12.04,0.89,0.07,10.90,13.17,AT LEAST 1 RANGELAND HEALTH ATTRIBUTE HAD MODERATE DEPARTURE FROM REFERENCE CONDITIONS (=3),2018,Year,Percent of rangeland acres on BLM-administered lands,percent,Proportion of BLM rangelands where at least 1 rangeland health attribute had moderate departure from reference conditions (= 3) (80% confidence interval) ,29,Proportion of BLM rangelands where at least 1 rangeland health attribute had moderate departure from reference conditions (= 3) (80% confidence interval) ,
34. Estimated % of BLM range acres with at least 1 rangeland health attribute = 3,15,BLM,1,14.66,1.38,0.09,12.89,16.42,AT LEAST 1 RANGELAND HEALTH ATTRIBUTE HAD MODERATE DEPARTURE FROM REFERENCE CONDITIONS (=3),2018,Year,Percent of rangeland acres on BLM-administered lands,percent,Proportion of BLM rangelands where at least 1 rangeland health attribute had moderate departure from reference conditions (= 3) (80% confidence interval) ,29,Proportion of BLM rangelands where at least 1 rangeland health attribute had moderate departure from reference conditions (= 3) (80% confidence interval) ,
34. Estimated % of BLM range acres with at least 1 rangeland health attribute = 3,15,BLM,1,9.78,1.07,0.11,8.41,11.16,AT LEAST 1 RANGELAND HEALTH ATTRIBUTE HAD MODERATE DEPARTURE FROM REFERENCE CONDITIONS (=3),2017,Year,Percent of rangeland acres on BLM-administered lands,percent,Proportion of BLM rangelands where at least 1 rangeland health attribute had moderate departure from reference conditions (= 3) (80% confidence interval) ,29,Proportion of BLM rangelands where at least 1 rangeland health attribute had moderate departure from reference conditions (= 3) (80% confidence interval) ,
34. Estimated % of BLM range acres with at least 1 rangeland health attribute = 3,15,BLM,2,7.56,1.16,0.15,6.07,9.05,AT LEAST 1 RANGELAND HEALTH ATTRIBUTE HAD MODERATE DEPARTURE FROM REFERENCE CONDITIONS (=3),2019,Year,Percent of rangeland acres on BLM-administered lands,percent,Proportion of BLM rangelands where at least 1 rangeland health attribute had moderate departure from reference conditions (= 3) (80% confidence interval) ,29,Proportion of BLM rangelands where at least 1 rangeland health attribute had moderate departure from reference conditions (= 3) (80% confidence interval) ,
34. Estimated % of BLM range acres with at least 1 rangeland health attribute = 3,15,BLM,2,16.66,1.46,0.09,14.79,18.52,AT LEAST 1 RANGELAND HEALTH ATTRIBUTE HAD MODERATE DEPARTURE FROM REFERENCE CONDITIONS (=3),2016,Year,Percent of rangeland acres on BLM-administered lands,percent,Proportion of BLM rangelands where at least 1 rangeland health attribute had moderate departure from reference conditions (= 3) (80% confidence interval) ,29,Proportion of BLM rangelands where at least 1 rangeland health attribute had moderate departure from reference conditions (= 3) (80% confidence interval) ,
34. Estimated % of BLM range acres with at least 1 rangeland health attribute = 3,15,BLM,NA,6.24,0.80,0.13,5.22,7.27,AT LEAST 1 RANGELAND HEALTH ATTRIBUTE HAD MODERATE DEPARTURE FROM REFERENCE CONDITIONS (=3),2019,Year,Percent of rangeland acres on BLM-administered lands,percent,Proportion of BLM rangelands where at least 1 rangeland health attribute had moderate departure from reference conditions (= 3) (80% confidence interval) ,29,Proportion of BLM rangelands where at least 1 rangeland health attribute had moderate departure from reference conditions (= 3) (80% confidence interval) ,
34. Estimated % of BLM range acres with at least 1 rangeland health attribute = 3,15,BLM,2,10.46,1.20,0.12,8.92,12.00,AT LEAST 1 RANGELAND HEALTH ATTRIBUTE HAD MODERATE DEPARTURE FROM REFERENCE CONDITIONS (=3),2018,Year,Percent of rangeland acres on BLM-administered lands,percent,Proportion of BLM rangelands where at least 1 rangeland health attribute had moderate departure from reference conditions (= 3) (80% confidence interval) ,29,Proportion of BLM rangelands where at least 1 rangeland health attribute had moderate departure from reference conditions (= 3) (80% confidence interval) ,
34. Estimated % of BLM range acres with at least 1 rangeland health attribute = 3,15,BLM,2,14.39,1.87,0.13,12.00,16.78,AT LEAST 1 RANGELAND HEALTH ATTRIBUTE HAD MODERATE DEPARTURE FROM REFERENCE CONDITIONS (=3),2017,Year,Percent of rangeland acres on BLM-administered lands,percent,Proportion of BLM rangelands where at least 1 rangeland health attribute had moderate departure from reference conditions (= 3) (80% confidence interval) ,29,Proportion of BLM rangelands where at least 1 rangeland health attribute had moderate departure from reference conditions (= 3) (80% confidence interval) ,
34. Estimated % of BLM range acres with at least 1 rangeland health attribute = 3,15,BLM,1,4.11,0.84,0.20,3.04,5.19,AT LEAST 1 RANGELAND HEALTH ATTRIBUTE HAD MODERATE DEPARTURE FROM REFERENCE CONDITIONS (=3),2019,Year,Percent of rangeland acres on BLM-administered lands,percent,Proportion of BLM rangelands where at least 1 rangeland health attribute had moderate departure from reference conditions (= 3) (80% confidence interval) ,29,Proportion of BLM rangelands where at least 1 rangeland health attribute had moderate departure from reference conditions (= 3) (80% confidence interval) ,
36. Estimated BLM range acres with at least 1 rangeland health attribute = 3,15,BLM,NA,24688385.00,2872678.00,0.12,21006900.00,28369870.00,AT LEAST 1 RANGELAND HEALTH ATTRIBUTE HAD MODERATE DEPARTURE FROM REFERENCE CONDITIONS (=3),2012,Year,BLM rangeland acres (millions),acres,BLM rangeland acres (millions) where at least 1 rangeland health attribute had moderate departure from reference conditions (= 3),30,BLM rangeland acres (millions) where at least 1 rangeland health attribute had moderate departure from reference conditions (= 3),
36. Estimated BLM range acres with at least 1 rangeland health attribute = 3,15,BLM,1,6140618.00,657677.00,0.11,5297771.00,6983466.00,AT LEAST 1 RANGELAND HEALTH ATTRIBUTE HAD MODERATE DEPARTURE FROM REFERENCE CONDITIONS (=3),2012,Year,BLM rangeland acres (millions),acres,BLM rangeland acres (millions) where at least 1 rangeland health attribute had moderate departure from reference conditions (= 3),30,BLM rangeland acres (millions) where at least 1 rangeland health attribute had moderate departure from reference conditions (= 3),
36. Estimated BLM range acres with at least 1 rangeland health attribute = 3,15,BLM,1,5345851.00,983196.00,0.18,4085394.00,6606308.00,AT LEAST 1 RANGELAND HEALTH ATTRIBUTE HAD MODERATE DEPARTURE FROM REFERENCE CONDITIONS (=3),2011,Year,BLM rangeland acres (millions),acres,BLM rangeland acres (millions) where at least 1 rangeland health attribute had moderate departure from reference conditions (= 3),30,BLM rangeland acres (millions) where at least 1 rangeland health attribute had moderate departure from reference conditions (= 3),
36. Estimated BLM range acres with at least 1 rangeland health attribute = 3,15,BLM,NA,23573464.00,1741092.00,0.07,21342164.00,25804764.00,AT LEAST 1 RANGELAND HEALTH ATTRIBUTE HAD MODERATE DEPARTURE FROM REFERENCE CONDITIONS (=3),2014,Year,BLM rangeland acres (millions),acres,BLM rangeland acres (millions) where at least 1 rangeland health attribute had moderate departure from reference conditions (= 3),30,BLM rangeland acres (millions) where at least 1 rangeland health attribute had moderate departure from reference conditions (= 3),
36. Estimated BLM range acres with at least 1 rangeland health attribute = 3,15,BLM,1,4631988.00,380546.00,0.08,4144299.00,5119677.00,AT LEAST 1 RANGELAND HEALTH ATTRIBUTE HAD MODERATE DEPARTURE FROM REFERENCE CONDITIONS (=3),2014,Year,BLM rangeland acres (millions),acres,BLM rangeland acres (millions) where at least 1 rangeland health attribute had moderate departure from reference conditions (= 3),30,BLM rangeland acres (millions) where at least 1 rangeland health attribute had moderate departure from reference conditions (= 3),
36. Estimated BLM range acres with at least 1 rangeland health attribute = 3,15,BLM,NA,18732861.00,1876661.00,0.10,16326981.00,21138741.00,AT LEAST 1 RANGELAND HEALTH ATTRIBUTE HAD MODERATE DEPARTURE FROM REFERENCE CONDITIONS (=3),2011,Year,BLM rangeland acres (millions),acres,BLM rangeland acres (millions) where at least 1 rangeland health attribute had moderate departure from reference conditions (= 3),30,BLM rangeland acres (millions) where at least 1 rangeland health attribute had moderate departure from reference conditions (= 3),
36. Estimated BLM range acres with at least 1 rangeland health attribute = 3,15,BLM,NA,20358406.00,1582363.00,0.08,18330526.00,22386285.00,AT LEAST 1 RANGELAND HEALTH ATTRIBUTE HAD MODERATE DEPARTURE FROM REFERENCE CONDITIONS (=3),2015,Year,BLM rangeland acres (millions),acres,BLM rangeland acres (millions) where at least 1 rangeland health attribute had moderate departure from reference conditions (= 3),30,BLM rangeland acres (millions) where at least 1 rangeland health attribute had moderate departure from reference conditions (= 3),
36. Estimated BLM range acres with at least 1 rangeland health attribute = 3,15,BLM,2,13387010.00,1669754.00,0.12,11246386.00,15527635.00,AT LEAST 1 RANGELAND HEALTH ATTRIBUTE HAD MODERATE DEPARTURE FROM REFERENCE CONDITIONS (=3),2011,Year,BLM rangeland acres (millions),acres,BLM rangeland acres (millions) where at least 1 rangeland health attribute had moderate departure from reference conditions (= 3),30,BLM rangeland acres (millions) where at least 1 rangeland health attribute had moderate departure from reference conditions (= 3),
36. Estimated BLM range acres with at least 1 rangeland health attribute = 3,15,BLM,2,9033941.00,1103473.00,0.12,7619784.00,10448098.00,AT LEAST 1 RANGELAND HEALTH ATTRIBUTE HAD MODERATE DEPARTURE FROM REFERENCE CONDITIONS (=3),2018,Year,BLM rangeland acres (millions),acres,BLM rangeland acres (millions) where at least 1 rangeland health attribute had moderate departure from reference conditions (= 3),30,BLM rangeland acres (millions) where at least 1 rangeland health attribute had moderate departure from reference conditions (= 3),
36. Estimated BLM range acres with at least 1 rangeland health attribute = 3,15,BLM,1,5583349.00,493731.00,0.09,4950608.00,6216091.00,AT LEAST 1 RANGELAND HEALTH ATTRIBUTE HAD MODERATE DEPARTURE FROM REFERENCE CONDITIONS (=3),2015,Year,BLM rangeland acres (millions),acres,BLM rangeland acres (millions) where at least 1 rangeland health attribute had moderate departure from reference conditions (= 3),30,BLM rangeland acres (millions) where at least 1 rangeland health attribute had moderate departure from reference conditions (= 3),
36. Estimated BLM range acres with at least 1 rangeland health attribute = 3,15,BLM,2,14775056.00,1504780.00,0.10,12846602.00,16703510.00,AT LEAST 1 RANGELAND HEALTH ATTRIBUTE HAD MODERATE DEPARTURE FROM REFERENCE CONDITIONS (=3),2015,Year,BLM rangeland acres (millions),acres,BLM rangeland acres (millions) where at least 1 rangeland health attribute had moderate departure from reference conditions (= 3),30,BLM rangeland acres (millions) where at least 1 rangeland health attribute had moderate departure from reference conditions (= 3),
36. Estimated BLM range acres with at least 1 rangeland health attribute = 3,15,BLM,NA,16643469.00,1279608.00,0.08,15003586.00,18283352.00,AT LEAST 1 RANGELAND HEALTH ATTRIBUTE HAD MODERATE DEPARTURE FROM REFERENCE CONDITIONS (=3),2018,Year,BLM rangeland acres (millions),acres,BLM rangeland acres (millions) where at least 1 rangeland health attribute had moderate departure from reference conditions (= 3),30,BLM rangeland acres (millions) where at least 1 rangeland health attribute had moderate departure from reference conditions (= 3),
36. Estimated BLM range acres with at least 1 rangeland health attribute = 3,15,BLM,2,18547766.00,2793595.00,0.15,14967630.00,22127903.00,AT LEAST 1 RANGELAND HEALTH ATTRIBUTE HAD MODERATE DEPARTURE FROM REFERENCE CONDITIONS (=3),2012,Year,BLM rangeland acres (millions),acres,BLM rangeland acres (millions) where at least 1 rangeland health attribute had moderate departure from reference conditions (= 3),30,BLM rangeland acres (millions) where at least 1 rangeland health attribute had moderate departure from reference conditions (= 3),
36. Estimated BLM range acres with at least 1 rangeland health attribute = 3,15,BLM,NA,20716288.00,1415855.00,0.07,18901797.00,22530779.00,AT LEAST 1 RANGELAND HEALTH ATTRIBUTE HAD MODERATE DEPARTURE FROM REFERENCE CONDITIONS (=3),2016,Year,BLM rangeland acres (millions),acres,BLM rangeland acres (millions) where at least 1 rangeland health attribute had moderate departure from reference conditions (= 3),30,BLM rangeland acres (millions) where at least 1 rangeland health attribute had moderate departure from reference conditions (= 3),
36. Estimated BLM range acres with at least 1 rangeland health attribute = 3,15,BLM,1,6220497.00,572882.00,0.09,5486319.00,6954675.00,AT LEAST 1 RANGELAND HEALTH ATTRIBUTE HAD MODERATE DEPARTURE FROM REFERENCE CONDITIONS (=3),2016,Year,BLM rangeland acres (millions),acres,BLM rangeland acres (millions) where at least 1 rangeland health attribute had moderate departure from reference conditions (= 3),30,BLM rangeland acres (millions) where at least 1 rangeland health attribute had moderate departure from reference conditions (= 3),
36. Estimated BLM range acres with at least 1 rangeland health attribute = 3,15,BLM,2,14495791.00,1333572.00,0.09,12786750.00,16204832.00,AT LEAST 1 RANGELAND HEALTH ATTRIBUTE HAD MODERATE DEPARTURE FROM REFERENCE CONDITIONS (=3),2016,Year,BLM rangeland acres (millions),acres,BLM rangeland acres (millions) where at least 1 rangeland health attribute had moderate departure from reference conditions (= 3),30,BLM rangeland acres (millions) where at least 1 rangeland health attribute had moderate departure from reference conditions (= 3),
36. Estimated BLM range acres with at least 1 rangeland health attribute = 3,15,BLM,NA,8529008.00,1090425.00,0.13,7131573.00,9926444.00,AT LEAST 1 RANGELAND HEALTH ATTRIBUTE HAD MODERATE DEPARTURE FROM REFERENCE CONDITIONS (=3),2019,Year,BLM rangeland acres (millions),acres,BLM rangeland acres (millions) where at least 1 rangeland health attribute had moderate departure from reference conditions (= 3),30,BLM rangeland acres (millions) where at least 1 rangeland health attribute had moderate departure from reference conditions (= 3),
36. Estimated BLM range acres with at least 1 rangeland health attribute = 3,15,BLM,2,18941476.00,1722949.00,0.09,16733428.00,21149524.00,AT LEAST 1 RANGELAND HEALTH ATTRIBUTE HAD MODERATE DEPARTURE FROM REFERENCE CONDITIONS (=3),2014,Year,BLM rangeland acres (millions),acres,BLM rangeland acres (millions) where at least 1 rangeland health attribute had moderate departure from reference conditions (= 3),30,BLM rangeland acres (millions) where at least 1 rangeland health attribute had moderate departure from reference conditions (= 3),
36. Estimated BLM range acres with at least 1 rangeland health attribute = 3,15,BLM,NA,17399401.00,1795221.00,0.10,15098733.00,19700070.00,AT LEAST 1 RANGELAND HEALTH ATTRIBUTE HAD MODERATE DEPARTURE FROM REFERENCE CONDITIONS (=3),2017,Year,BLM rangeland acres (millions),acres,BLM rangeland acres (millions) where at least 1 rangeland health attribute had moderate departure from reference conditions (= 3),30,BLM rangeland acres (millions) where at least 1 rangeland health attribute had moderate departure from reference conditions (= 3),
36. Estimated BLM range acres with at least 1 rangeland health attribute = 3,15,BLM,1,5127844.00,575351.00,0.11,4390501.00,5865187.00,AT LEAST 1 RANGELAND HEALTH ATTRIBUTE HAD MODERATE DEPARTURE FROM REFERENCE CONDITIONS (=3),2017,Year,BLM rangeland acres (millions),acres,BLM rangeland acres (millions) where at least 1 rangeland health attribute had moderate departure from reference conditions (= 3),30,BLM rangeland acres (millions) where at least 1 rangeland health attribute had moderate departure from reference conditions (= 3),
36. Estimated BLM range acres with at least 1 rangeland health attribute = 3,15,BLM,2,12271557.00,1687319.00,0.14,10109171.00,14433944.00,AT LEAST 1 RANGELAND HEALTH ATTRIBUTE HAD MODERATE DEPARTURE FROM REFERENCE CONDITIONS (=3),2017,Year,BLM rangeland acres (millions),acres,BLM rangeland acres (millions) where at least 1 rangeland health attribute had moderate departure from reference conditions (= 3),30,BLM rangeland acres (millions) where at least 1 rangeland health attribute had moderate departure from reference conditions (= 3),
36. Estimated BLM range acres with at least 1 rangeland health attribute = 3,15,BLM,1,7609528.00,714185.00,0.09,6694263.00,8524793.00,AT LEAST 1 RANGELAND HEALTH ATTRIBUTE HAD MODERATE DEPARTURE FROM REFERENCE CONDITIONS (=3),2018,Year,BLM rangeland acres (millions),acres,BLM rangeland acres (millions) where at least 1 rangeland health attribute had moderate departure from reference conditions (= 3),30,BLM rangeland acres (millions) where at least 1 rangeland health attribute had moderate departure from reference conditions (= 3),
36. Estimated BLM range acres with at least 1 rangeland health attribute = 3,15,BLM,1,2144655.00,436487.00,0.20,1585274.00,2704036.00,AT LEAST 1 RANGELAND HEALTH ATTRIBUTE HAD MODERATE DEPARTURE FROM REFERENCE CONDITIONS (=3),2019,Year,BLM rangeland acres (millions),acres,BLM rangeland acres (millions) where at least 1 rangeland health attribute had moderate departure from reference conditions (= 3),30,BLM rangeland acres (millions) where at least 1 rangeland health attribute had moderate departure from reference conditions (= 3),
36. Estimated BLM range acres with at least 1 rangeland health attribute = 3,15,BLM,2,6384353.00,965002.00,0.15,5147653.00,7621053.00,AT LEAST 1 RANGELAND HEALTH ATTRIBUTE HAD MODERATE DEPARTURE FROM REFERENCE CONDITIONS (=3),2019,Year,BLM rangeland acres (millions),acres,BLM rangeland acres (millions) where at least 1 rangeland health attribute had moderate departure from reference conditions (= 3),30,BLM rangeland acres (millions) where at least 1 rangeland health attribute had moderate departure from reference conditions (= 3),
37. Estimated % of BLM range acres that meet this condition,16,BLM,1,59.10,2.70,0.05,55.63,62.56,NON-NATIVE INVASIVE SPECIES ARE PRESENT,2011,Year,Percent of rangeland acres on BLM-administered lands,percent,Proportion of BLM rangelands with non-native invasive species present (80% confidence interval) ,31,Proportion of BLM rangelands with non-native invasive species present (80% confidence interval) ,
37. Estimated % of BLM range acres that meet this condition,16,BLM,2,57.53,2.21,0.04,54.70,60.36,NON-NATIVE INVASIVE SPECIES ARE PRESENT,2015,Year,Percent of rangeland acres on BLM-administered lands,percent,Proportion of BLM rangelands with non-native invasive species present (80% confidence interval) ,31,Proportion of BLM rangelands with non-native invasive species present (80% confidence interval) ,
37. Estimated % of BLM range acres that meet this condition,16,BLM,NA,55.52,1.77,0.03,53.25,57.79,NON-NATIVE INVASIVE SPECIES ARE PRESENT,2012,Year,Percent of rangeland acres on BLM-administered lands,percent,Proportion of BLM rangelands with non-native invasive species present (80% confidence interval) ,31,Proportion of BLM rangelands with non-native invasive species present (80% confidence interval) ,
37. Estimated % of BLM range acres that meet this condition,16,BLM,NA,59.82,1.50,0.03,57.90,61.74,NON-NATIVE INVASIVE SPECIES ARE PRESENT,2015,Year,Percent of rangeland acres on BLM-administered lands,percent,Proportion of BLM rangelands with non-native invasive species present (80% confidence interval) ,31,Proportion of BLM rangelands with non-native invasive species present (80% confidence interval) ,
37. Estimated % of BLM range acres that meet this condition,16,BLM,NA,57.44,2.13,0.04,54.71,60.16,NON-NATIVE INVASIVE SPECIES ARE PRESENT,2011,Year,Percent of rangeland acres on BLM-administered lands,percent,Proportion of BLM rangelands with non-native invasive species present (80% confidence interval) ,31,Proportion of BLM rangelands with non-native invasive species present (80% confidence interval) ,
37. Estimated % of BLM range acres that meet this condition,16,BLM,2,56.34,2.58,0.05,53.03,59.64,NON-NATIVE INVASIVE SPECIES ARE PRESENT,2012,Year,Percent of rangeland acres on BLM-administered lands,percent,Proportion of BLM rangelands with non-native invasive species present (80% confidence interval) ,31,Proportion of BLM rangelands with non-native invasive species present (80% confidence interval) ,
37. Estimated % of BLM range acres that meet this condition,16,BLM,1,64.50,1.44,0.02,62.66,66.34,NON-NATIVE INVASIVE SPECIES ARE PRESENT,2015,Year,Percent of rangeland acres on BLM-administered lands,percent,Proportion of BLM rangelands with non-native invasive species present (80% confidence interval) ,31,Proportion of BLM rangelands with non-native invasive species present (80% confidence interval) ,
37. Estimated % of BLM range acres that meet this condition,16,BLM,1,61.14,2.16,0.04,58.37,63.91,NON-NATIVE INVASIVE SPECIES ARE PRESENT,2014,Year,Percent of rangeland acres on BLM-administered lands,percent,Proportion of BLM rangelands with non-native invasive species present (80% confidence interval) ,31,Proportion of BLM rangelands with non-native invasive species present (80% confidence interval) ,
37. Estimated % of BLM range acres that meet this condition,16,BLM,NA,63.47,1.36,0.02,61.73,65.21,NON-NATIVE INVASIVE SPECIES ARE PRESENT,2016,Year,Percent of rangeland acres on BLM-administered lands,percent,Proportion of BLM rangelands with non-native invasive species present (80% confidence interval) ,31,Proportion of BLM rangelands with non-native invasive species present (80% confidence interval) ,
37. Estimated % of BLM range acres that meet this condition,16,BLM,NA,65.52,1.64,0.03,63.42,67.63,NON-NATIVE INVASIVE SPECIES ARE PRESENT,2017,Year,Percent of rangeland acres on BLM-administered lands,percent,Proportion of BLM rangelands with non-native invasive species present (80% confidence interval) ,31,Proportion of BLM rangelands with non-native invasive species present (80% confidence interval) ,
37. Estimated % of BLM range acres that meet this condition,16,BLM,1,53.97,1.56,0.03,51.97,55.98,NON-NATIVE INVASIVE SPECIES ARE PRESENT,2012,Year,Percent of rangeland acres on BLM-administered lands,percent,Proportion of BLM rangelands with non-native invasive species present (80% confidence interval) ,31,Proportion of BLM rangelands with non-native invasive species present (80% confidence interval) ,
37. Estimated % of BLM range acres that meet this condition,16,BLM,NA,55.65,1.80,0.03,53.34,57.96,NON-NATIVE INVASIVE SPECIES ARE PRESENT,2014,Year,Percent of rangeland acres on BLM-administered lands,percent,Proportion of BLM rangelands with non-native invasive species present (80% confidence interval) ,31,Proportion of BLM rangelands with non-native invasive species present (80% confidence interval) ,
37. Estimated % of BLM range acres that meet this condition,16,BLM,2,56.57,2.98,0.05,52.75,60.39,NON-NATIVE INVASIVE SPECIES ARE PRESENT,2011,Year,Percent of rangeland acres on BLM-administered lands,percent,Proportion of BLM rangelands with non-native invasive species present (80% confidence interval) ,31,Proportion of BLM rangelands with non-native invasive species present (80% confidence interval) ,
37. Estimated % of BLM range acres that meet this condition,16,BLM,2,53.01,2.27,0.04,50.10,55.92,NON-NATIVE INVASIVE SPECIES ARE PRESENT,2014,Year,Percent of rangeland acres on BLM-administered lands,percent,Proportion of BLM rangelands with non-native invasive species present (80% confidence interval) ,31,Proportion of BLM rangelands with non-native invasive species present (80% confidence interval) ,
37. Estimated % of BLM range acres that meet this condition,16,BLM,1,65.96,1.83,0.03,63.62,68.30,NON-NATIVE INVASIVE SPECIES ARE PRESENT,2018,Year,Percent of rangeland acres on BLM-administered lands,percent,Proportion of BLM rangelands with non-native invasive species present (80% confidence interval) ,31,Proportion of BLM rangelands with non-native invasive species present (80% confidence interval) ,
37. Estimated % of BLM range acres that meet this condition,16,BLM,2,57.30,2.82,0.05,53.68,60.91,NON-NATIVE INVASIVE SPECIES ARE PRESENT,2018,Year,Percent of rangeland acres on BLM-administered lands,percent,Proportion of BLM rangelands with non-native invasive species present (80% confidence interval) ,31,Proportion of BLM rangelands with non-native invasive species present (80% confidence interval) ,
37. Estimated % of BLM range acres that meet this condition,16,BLM,2,62.09,2.01,0.03,59.51,64.66,NON-NATIVE INVASIVE SPECIES ARE PRESENT,2016,Year,Percent of rangeland acres on BLM-administered lands,percent,Proportion of BLM rangelands with non-native invasive species present (80% confidence interval) ,31,Proportion of BLM rangelands with non-native invasive species present (80% confidence interval) ,
37. Estimated % of BLM range acres that meet this condition,16,BLM,NA,60.21,2.07,0.03,57.56,62.87,NON-NATIVE INVASIVE SPECIES ARE PRESENT,2018,Year,Percent of rangeland acres on BLM-administered lands,percent,Proportion of BLM rangelands with non-native invasive species present (80% confidence interval) ,31,Proportion of BLM rangelands with non-native invasive species present (80% confidence interval) ,
37. Estimated % of BLM range acres that meet this condition,16,BLM,NA,65.11,1.62,0.03,63.04,67.19,NON-NATIVE INVASIVE SPECIES ARE PRESENT,2019,Year,Percent of rangeland acres on BLM-administered lands,percent,Proportion of BLM rangelands with non-native invasive species present (80% confidence interval) ,31,Proportion of BLM rangelands with non-native invasive species present (80% confidence interval) ,
37. Estimated % of BLM range acres that meet this condition,16,BLM,1,66.91,1.50,0.02,64.99,68.83,NON-NATIVE INVASIVE SPECIES ARE PRESENT,2019,Year,Percent of rangeland acres on BLM-administered lands,percent,Proportion of BLM rangelands with non-native invasive species present (80% confidence interval) ,31,Proportion of BLM rangelands with non-native invasive species present (80% confidence interval) ,
37. Estimated % of BLM range acres that meet this condition,16,BLM,1,66.30,1.29,0.02,64.65,67.95,NON-NATIVE INVASIVE SPECIES ARE PRESENT,2016,Year,Percent of rangeland acres on BLM-administered lands,percent,Proportion of BLM rangelands with non-native invasive species present (80% confidence interval) ,31,Proportion of BLM rangelands with non-native invasive species present (80% confidence interval) ,
37. Estimated % of BLM range acres that meet this condition,16,BLM,2,63.98,2.04,0.03,61.37,66.59,NON-NATIVE INVASIVE SPECIES ARE PRESENT,2017,Year,Percent of rangeland acres on BLM-administered lands,percent,Proportion of BLM rangelands with non-native invasive species present (80% confidence interval) ,31,Proportion of BLM rangelands with non-native invasive species present (80% confidence interval) ,
37. Estimated % of BLM range acres that meet this condition,16,BLM,2,64.17,2.33,0.04,61.18,67.15,NON-NATIVE INVASIVE SPECIES ARE PRESENT,2019,Year,Percent of rangeland acres on BLM-administered lands,percent,Proportion of BLM rangelands with non-native invasive species present (80% confidence interval) ,31,Proportion of BLM rangelands with non-native invasive species present (80% confidence interval) ,
37. Estimated % of BLM range acres that meet this condition,16,BLM,1,68.56,2.22,0.03,65.72,71.40,NON-NATIVE INVASIVE SPECIES ARE PRESENT,2017,Year,Percent of rangeland acres on BLM-administered lands,percent,Proportion of BLM rangelands with non-native invasive species present (80% confidence interval) ,31,Proportion of BLM rangelands with non-native invasive species present (80% confidence interval) ,
39. Estimated BLM range acres that meet this condition,16,BLM,1,28537486.00,1039115.00,0.04,27205807.00,29869165.00,NON-NATIVE INVASIVE SPECIES ARE PRESENT,2012,Year,BLM rangeland acres (millions),acres,BLM rangeland acres (millions) with non-native invasive species present,32,BLM rangeland acres (millions) with non-native invasive species present,
39. Estimated BLM range acres that meet this condition,16,BLM,2,56513317.00,3311004.00,0.06,52270095.00,60756538.00,NON-NATIVE INVASIVE SPECIES ARE PRESENT,2012,Year,BLM rangeland acres (millions),acres,BLM rangeland acres (millions) with non-native invasive species present,32,BLM rangeland acres (millions) with non-native invasive species present,
39. Estimated BLM range acres that meet this condition,16,BLM,2,59043668.00,3070490.00,0.05,55108676.00,62978660.00,NON-NATIVE INVASIVE SPECIES ARE PRESENT,2018,Year,BLM rangeland acres (millions),acres,BLM rangeland acres (millions) with non-native invasive species present,32,BLM rangeland acres (millions) with non-native invasive species present,
39. Estimated BLM range acres that meet this condition,16,BLM,NA,86792146.00,3334381.00,0.04,82517470.00,91066822.00,NON-NATIVE INVASIVE SPECIES ARE PRESENT,2011,Year,BLM rangeland acres (millions),acres,BLM rangeland acres (millions) with non-native invasive species present,32,BLM rangeland acres (millions) with non-native invasive species present,
39. Estimated BLM range acres that meet this condition,16,BLM,1,30674312.00,2071529.00,0.07,28018613.00,33330012.00,NON-NATIVE INVASIVE SPECIES ARE PRESENT,2011,Year,BLM rangeland acres (millions),acres,BLM rangeland acres (millions) with non-native invasive species present,32,BLM rangeland acres (millions) with non-native invasive species present,
39. Estimated BLM range acres that meet this condition,16,BLM,2,56117834.00,3644419.00,0.06,51445689.00,60789978.00,NON-NATIVE INVASIVE SPECIES ARE PRESENT,2011,Year,BLM rangeland acres (millions),acres,BLM rangeland acres (millions) with non-native invasive species present,32,BLM rangeland acres (millions) with non-native invasive species present,
39. Estimated BLM range acres that meet this condition,16,BLM,2,58706045.00,2784404.00,0.05,55137688.00,62274403.00,NON-NATIVE INVASIVE SPECIES ARE PRESENT,2014,Year,BLM rangeland acres (millions),acres,BLM rangeland acres (millions) with non-native invasive species present,32,BLM rangeland acres (millions) with non-native invasive species present,
39. Estimated BLM range acres that meet this condition,16,BLM,NA,91215410.00,3239158.00,0.04,87064262.00,95366558.00,NON-NATIVE INVASIVE SPECIES ARE PRESENT,2014,Year,BLM rangeland acres (millions),acres,BLM rangeland acres (millions) with non-native invasive species present,32,BLM rangeland acres (millions) with non-native invasive species present,
39. Estimated BLM range acres that meet this condition,16,BLM,2,62358371.00,2504244.00,0.04,59149054.00,65567689.00,NON-NATIVE INVASIVE SPECIES ARE PRESENT,2015,Year,BLM rangeland acres (millions),acres,BLM rangeland acres (millions) with non-native invasive species present,32,BLM rangeland acres (millions) with non-native invasive species present,
39. Estimated BLM range acres that meet this condition,16,BLM,1,32509365.00,1167290.00,0.04,31013423.00,34005307.00,NON-NATIVE INVASIVE SPECIES ARE PRESENT,2014,Year,BLM rangeland acres (millions),acres,BLM rangeland acres (millions) with non-native invasive species present,32,BLM rangeland acres (millions) with non-native invasive species present,
39. Estimated BLM range acres that meet this condition,16,BLM,NA,96537394.00,2537405.00,0.03,93285579.00,99789209.00,NON-NATIVE INVASIVE SPECIES ARE PRESENT,2015,Year,BLM rangeland acres (millions),acres,BLM rangeland acres (millions) with non-native invasive species present,32,BLM rangeland acres (millions) with non-native invasive species present,
39. Estimated BLM range acres that meet this condition,16,BLM,NA,102889701.00,2200934.00,0.02,100069091.00,105710312.00,NON-NATIVE INVASIVE SPECIES ARE PRESENT,2016,Year,BLM rangeland acres (millions),acres,BLM rangeland acres (millions) with non-native invasive species present,32,BLM rangeland acres (millions) with non-native invasive species present,
39. Estimated BLM range acres that meet this condition,16,BLM,1,34179022.00,815353.00,0.02,33134105.00,35223939.00,NON-NATIVE INVASIVE SPECIES ARE PRESENT,2015,Year,BLM rangeland acres (millions),acres,BLM rangeland acres (millions) with non-native invasive species present,32,BLM rangeland acres (millions) with non-native invasive species present,
39. Estimated BLM range acres that meet this condition,16,BLM,NA,85050802.00,3379222.00,0.04,80720156.00,89381449.00,NON-NATIVE INVASIVE SPECIES ARE PRESENT,2012,Year,BLM rangeland acres (millions),acres,BLM rangeland acres (millions) with non-native invasive species present,32,BLM rangeland acres (millions) with non-native invasive species present,
39. Estimated BLM range acres that meet this condition,16,BLM,2,67532375.00,2287802.00,0.03,64600438.00,70464311.00,NON-NATIVE INVASIVE SPECIES ARE PRESENT,2016,Year,BLM rangeland acres (millions),acres,BLM rangeland acres (millions) with non-native invasive species present,32,BLM rangeland acres (millions) with non-native invasive species present,
39. Estimated BLM range acres that meet this condition,16,BLM,1,34517185.00,1055176.00,0.03,33164922.00,35869447.00,NON-NATIVE INVASIVE SPECIES ARE PRESENT,2018,Year,BLM rangeland acres (millions),acres,BLM rangeland acres (millions) with non-native invasive species present,32,BLM rangeland acres (millions) with non-native invasive species present,
39. Estimated BLM range acres that meet this condition,16,BLM,NA,103892214.00,2815553.00,0.03,100283938.00,107500490.00,NON-NATIVE INVASIVE SPECIES ARE PRESENT,2017,Year,BLM rangeland acres (millions),acres,BLM rangeland acres (millions) with non-native invasive species present,32,BLM rangeland acres (millions) with non-native invasive species present,
39. Estimated BLM range acres that meet this condition,16,BLM,1,36638825.00,1275617.00,0.04,35004056.00,38273595.00,NON-NATIVE INVASIVE SPECIES ARE PRESENT,2017,Year,BLM rangeland acres (millions),acres,BLM rangeland acres (millions) with non-native invasive species present,32,BLM rangeland acres (millions) with non-native invasive species present,
39. Estimated BLM range acres that meet this condition,16,BLM,NA,93560853.00,3274871.00,0.04,89363936.00,97757769.00,NON-NATIVE INVASIVE SPECIES ARE PRESENT,2018,Year,BLM rangeland acres (millions),acres,BLM rangeland acres (millions) with non-native invasive species present,32,BLM rangeland acres (millions) with non-native invasive species present,
39. Estimated BLM range acres that meet this condition,16,BLM,1,35357327.00,823328.00,0.02,34302190.00,36412464.00,NON-NATIVE INVASIVE SPECIES ARE PRESENT,2016,Year,BLM rangeland acres (millions),acres,BLM rangeland acres (millions) with non-native invasive species present,32,BLM rangeland acres (millions) with non-native invasive species present,
39. Estimated BLM range acres that meet this condition,16,BLM,NA,99442997.00,2736025.00,0.03,95936640.00,102949354.00,NON-NATIVE INVASIVE SPECIES ARE PRESENT,2019,Year,BLM rangeland acres (millions),acres,BLM rangeland acres (millions) with non-native invasive species present,32,BLM rangeland acres (millions) with non-native invasive species present,
39. Estimated BLM range acres that meet this condition,16,BLM,1,35271527.00,685760.00,0.02,34392690.00,36150363.00,NON-NATIVE INVASIVE SPECIES ARE PRESENT,2019,Year,BLM rangeland acres (millions),acres,BLM rangeland acres (millions) with non-native invasive species present,32,BLM rangeland acres (millions) with non-native invasive species present,
39. Estimated BLM range acres that meet this condition,16,BLM,2,67253389.00,2684103.00,0.04,63813573.00,70693204.00,NON-NATIVE INVASIVE SPECIES ARE PRESENT,2017,Year,BLM rangeland acres (millions),acres,BLM rangeland acres (millions) with non-native invasive species present,32,BLM rangeland acres (millions) with non-native invasive species present,
39. Estimated BLM range acres that meet this condition,16,BLM,2,64171471.00,2551924.00,0.04,60901048.00,67441893.00,NON-NATIVE INVASIVE SPECIES ARE PRESENT,2019,Year,BLM rangeland acres (millions),acres,BLM rangeland acres (millions) with non-native invasive species present,32,BLM rangeland acres (millions) with non-native invasive species present,
4. Estimated % of BLM range acres with BI = 3,2,BLM,NA,12.40,1.81,0.15,10.08,14.72,BIOTIC INTEGRITY HAD MODERATE DEPARTURE FROM REFERENCE CONDITIONS (BI = 3),2012,Year,Percent of rangeland acres on BLM-administered lands ,percent,Proportion of BLM rangelands with moderate departure from biotic integrity reference conditions (BI = 3) (80% confidence interval) ,3,Proportion of BLM rangelands with moderate departure from biotic integrity reference conditions (BI = 3) (80% confidence interval) ,
4. Estimated % of BLM range acres with BI = 3,2,BLM,NA,8.09,0.95,0.12,6.87,9.31,BIOTIC INTEGRITY HAD MODERATE DEPARTURE FROM REFERENCE CONDITIONS (BI = 3),2011,Year,Percent of rangeland acres on BLM-administered lands ,percent,Proportion of BLM rangelands with moderate departure from biotic integrity reference conditions (BI = 3) (80% confidence interval) ,3,Proportion of BLM rangelands with moderate departure from biotic integrity reference conditions (BI = 3) (80% confidence interval) ,
4. Estimated % of BLM range acres with BI = 3,2,BLM,2,11.69,1.39,0.12,9.90,13.47,BIOTIC INTEGRITY HAD MODERATE DEPARTURE FROM REFERENCE CONDITIONS (BI = 3),2015,Year,Percent of rangeland acres on BLM-administered lands ,percent,Proportion of BLM rangelands with moderate departure from biotic integrity reference conditions (BI = 3) (80% confidence interval) ,3,Proportion of BLM rangelands with moderate departure from biotic integrity reference conditions (BI = 3) (80% confidence interval) ,
4. Estimated % of BLM range acres with BI = 3,2,BLM,1,5.87,0.65,0.11,5.04,6.70,BIOTIC INTEGRITY HAD MODERATE DEPARTURE FROM REFERENCE CONDITIONS (BI = 3),2012,Year,Percent of rangeland acres on BLM-administered lands ,percent,Proportion of BLM rangelands with moderate departure from biotic integrity reference conditions (BI = 3) (80% confidence interval) ,3,Proportion of BLM rangelands with moderate departure from biotic integrity reference conditions (BI = 3) (80% confidence interval) ,
4. Estimated % of BLM range acres with BI = 3,2,BLM,1,8.28,1.02,0.12,6.98,9.58,BIOTIC INTEGRITY HAD MODERATE DEPARTURE FROM REFERENCE CONDITIONS (BI = 3),2015,Year,Percent of rangeland acres on BLM-administered lands ,percent,Proportion of BLM rangelands with moderate departure from biotic integrity reference conditions (BI = 3) (80% confidence interval) ,3,Proportion of BLM rangelands with moderate departure from biotic integrity reference conditions (BI = 3) (80% confidence interval) ,
4. Estimated % of BLM range acres with BI = 3,2,BLM,2,9.26,1.39,0.15,7.47,11.04,BIOTIC INTEGRITY HAD MODERATE DEPARTURE FROM REFERENCE CONDITIONS (BI = 3),2011,Year,Percent of rangeland acres on BLM-administered lands ,percent,Proportion of BLM rangelands with moderate departure from biotic integrity reference conditions (BI = 3) (80% confidence interval) ,3,Proportion of BLM rangelands with moderate departure from biotic integrity reference conditions (BI = 3) (80% confidence interval) ,
4. Estimated % of BLM range acres with BI = 3,2,BLM,NA,10.67,0.96,0.09,9.45,11.90,BIOTIC INTEGRITY HAD MODERATE DEPARTURE FROM REFERENCE CONDITIONS (BI = 3),2014,Year,Percent of rangeland acres on BLM-administered lands ,percent,Proportion of BLM rangelands with moderate departure from biotic integrity reference conditions (BI = 3) (80% confidence interval) ,3,Proportion of BLM rangelands with moderate departure from biotic integrity reference conditions (BI = 3) (80% confidence interval) ,
4. Estimated % of BLM range acres with BI = 3,2,BLM,1,5.05,0.46,0.09,4.46,5.64,BIOTIC INTEGRITY HAD MODERATE DEPARTURE FROM REFERENCE CONDITIONS (BI = 3),2014,Year,Percent of rangeland acres on BLM-administered lands ,percent,Proportion of BLM rangelands with moderate departure from biotic integrity reference conditions (BI = 3) (80% confidence interval) ,3,Proportion of BLM rangelands with moderate departure from biotic integrity reference conditions (BI = 3) (80% confidence interval) ,
4. Estimated % of BLM range acres with BI = 3,2,BLM,1,6.01,1.66,0.28,3.89,8.14,BIOTIC INTEGRITY HAD MODERATE DEPARTURE FROM REFERENCE CONDITIONS (BI = 3),2011,Year,Percent of rangeland acres on BLM-administered lands ,percent,Proportion of BLM rangelands with moderate departure from biotic integrity reference conditions (BI = 3) (80% confidence interval) ,3,Proportion of BLM rangelands with moderate departure from biotic integrity reference conditions (BI = 3) (80% confidence interval) ,
4. Estimated % of BLM range acres with BI = 3,2,BLM,NA,9.61,0.99,0.10,8.35,10.88,BIOTIC INTEGRITY HAD MODERATE DEPARTURE FROM REFERENCE CONDITIONS (BI = 3),2016,Year,Percent of rangeland acres on BLM-administered lands ,percent,Proportion of BLM rangelands with moderate departure from biotic integrity reference conditions (BI = 3) (80% confidence interval) ,3,Proportion of BLM rangelands with moderate departure from biotic integrity reference conditions (BI = 3) (80% confidence interval) ,
4. Estimated % of BLM range acres with BI = 3,2,BLM,1,8.52,0.83,0.10,7.46,9.58,BIOTIC INTEGRITY HAD MODERATE DEPARTURE FROM REFERENCE CONDITIONS (BI = 3),2016,Year,Percent of rangeland acres on BLM-administered lands ,percent,Proportion of BLM rangelands with moderate departure from biotic integrity reference conditions (BI = 3) (80% confidence interval) ,3,Proportion of BLM rangelands with moderate departure from biotic integrity reference conditions (BI = 3) (80% confidence interval) ,
4. Estimated % of BLM range acres with BI = 3,2,BLM,2,10.27,1.50,0.15,8.34,12.19,BIOTIC INTEGRITY HAD MODERATE DEPARTURE FROM REFERENCE CONDITIONS (BI = 3),2016,Year,Percent of rangeland acres on BLM-administered lands ,percent,Proportion of BLM rangelands with moderate departure from biotic integrity reference conditions (BI = 3) (80% confidence interval) ,3,Proportion of BLM rangelands with moderate departure from biotic integrity reference conditions (BI = 3) (80% confidence interval) ,
4. Estimated % of BLM range acres with BI = 3,2,BLM,NA,10.56,1.01,0.10,9.27,11.84,BIOTIC INTEGRITY HAD MODERATE DEPARTURE FROM REFERENCE CONDITIONS (BI = 3),2015,Year,Percent of rangeland acres on BLM-administered lands ,percent,Proportion of BLM rangelands with moderate departure from biotic integrity reference conditions (BI = 3) (80% confidence interval) ,3,Proportion of BLM rangelands with moderate departure from biotic integrity reference conditions (BI = 3) (80% confidence interval) ,
4. Estimated % of BLM range acres with BI = 3,2,BLM,2,5.88,1.62,0.28,3.80,7.97,BIOTIC INTEGRITY HAD MODERATE DEPARTURE FROM REFERENCE CONDITIONS (BI = 3),2018,Year,Percent of rangeland acres on BLM-administered lands ,percent,Proportion of BLM rangelands with moderate departure from biotic integrity reference conditions (BI = 3) (80% confidence interval) ,3,Proportion of BLM rangelands with moderate departure from biotic integrity reference conditions (BI = 3) (80% confidence interval) ,
4. Estimated % of BLM range acres with BI = 3,2,BLM,2,16.43,2.89,0.18,12.74,20.13,BIOTIC INTEGRITY HAD MODERATE DEPARTURE FROM REFERENCE CONDITIONS (BI = 3),2012,Year,Percent of rangeland acres on BLM-administered lands ,percent,Proportion of BLM rangelands with moderate departure from biotic integrity reference conditions (BI = 3) (80% confidence interval) ,3,Proportion of BLM rangelands with moderate departure from biotic integrity reference conditions (BI = 3) (80% confidence interval) ,
4. Estimated % of BLM range acres with BI = 3,2,BLM,2,12.56,1.81,0.14,10.24,14.88,BIOTIC INTEGRITY HAD MODERATE DEPARTURE FROM REFERENCE CONDITIONS (BI = 3),2017,Year,Percent of rangeland acres on BLM-administered lands ,percent,Proportion of BLM rangelands with moderate departure from biotic integrity reference conditions (BI = 3) (80% confidence interval) ,3,Proportion of BLM rangelands with moderate departure from biotic integrity reference conditions (BI = 3) (80% confidence interval) ,
4. Estimated % of BLM range acres with BI = 3,2,BLM,NA,7.92,1.09,0.14,6.52,9.31,BIOTIC INTEGRITY HAD MODERATE DEPARTURE FROM REFERENCE CONDITIONS (BI = 3),2018,Year,Percent of rangeland acres on BLM-administered lands ,percent,Proportion of BLM rangelands with moderate departure from biotic integrity reference conditions (BI = 3) (80% confidence interval) ,3,Proportion of BLM rangelands with moderate departure from biotic integrity reference conditions (BI = 3) (80% confidence interval) ,
4. Estimated % of BLM range acres with BI = 3,2,BLM,1,11.29,1.14,0.10,9.83,12.76,BIOTIC INTEGRITY HAD MODERATE DEPARTURE FROM REFERENCE CONDITIONS (BI = 3),2018,Year,Percent of rangeland acres on BLM-administered lands ,percent,Proportion of BLM rangelands with moderate departure from biotic integrity reference conditions (BI = 3) (80% confidence interval) ,3,Proportion of BLM rangelands with moderate departure from biotic integrity reference conditions (BI = 3) (80% confidence interval) ,
4. Estimated % of BLM range acres with BI = 3,2,BLM,1,7.51,0.91,0.12,6.34,8.68,BIOTIC INTEGRITY HAD MODERATE DEPARTURE FROM REFERENCE CONDITIONS (BI = 3),2017,Year,Percent of rangeland acres on BLM-administered lands ,percent,Proportion of BLM rangelands with moderate departure from biotic integrity reference conditions (BI = 3) (80% confidence interval) ,3,Proportion of BLM rangelands with moderate departure from biotic integrity reference conditions (BI = 3) (80% confidence interval) ,
4. Estimated % of BLM range acres with BI = 3,2,BLM,2,13.71,1.45,0.11,11.86,15.57,BIOTIC INTEGRITY HAD MODERATE DEPARTURE FROM REFERENCE CONDITIONS (BI = 3),2014,Year,Percent of rangeland acres on BLM-administered lands ,percent,Proportion of BLM rangelands with moderate departure from biotic integrity reference conditions (BI = 3) (80% confidence interval) ,3,Proportion of BLM rangelands with moderate departure from biotic integrity reference conditions (BI = 3) (80% confidence interval) ,
4. Estimated % of BLM range acres with BI = 3,2,BLM,NA,10.64,1.15,0.11,9.17,12.11,BIOTIC INTEGRITY HAD MODERATE DEPARTURE FROM REFERENCE CONDITIONS (BI = 3),2017,Year,Percent of rangeland acres on BLM-administered lands ,percent,Proportion of BLM rangelands with moderate departure from biotic integrity reference conditions (BI = 3) (80% confidence interval) ,3,Proportion of BLM rangelands with moderate departure from biotic integrity reference conditions (BI = 3) (80% confidence interval) ,
4. Estimated % of BLM range acres with BI = 3,2,BLM,NA,4.11,0.74,0.18,3.16,5.06,BIOTIC INTEGRITY HAD MODERATE DEPARTURE FROM REFERENCE CONDITIONS (BI = 3),2019,Year,Percent of rangeland acres on BLM-administered lands ,percent,Proportion of BLM rangelands with moderate departure from biotic integrity reference conditions (BI = 3) (80% confidence interval) ,3,Proportion of BLM rangelands with moderate departure from biotic integrity reference conditions (BI = 3) (80% confidence interval) ,
4. Estimated % of BLM range acres with BI = 3,2,BLM,1,2.94,0.60,0.21,2.17,3.71,BIOTIC INTEGRITY HAD MODERATE DEPARTURE FROM REFERENCE CONDITIONS (BI = 3),2019,Year,Percent of rangeland acres on BLM-administered lands ,percent,Proportion of BLM rangelands with moderate departure from biotic integrity reference conditions (BI = 3) (80% confidence interval) ,3,Proportion of BLM rangelands with moderate departure from biotic integrity reference conditions (BI = 3) (80% confidence interval) ,
4. Estimated % of BLM range acres with BI = 3,2,BLM,2,4.84,1.18,0.24,3.33,6.35,BIOTIC INTEGRITY HAD MODERATE DEPARTURE FROM REFERENCE CONDITIONS (BI = 3),2019,Year,Percent of rangeland acres on BLM-administered lands ,percent,Proportion of BLM rangelands with moderate departure from biotic integrity reference conditions (BI = 3) (80% confidence interval) ,3,Proportion of BLM rangelands with moderate departure from biotic integrity reference conditions (BI = 3) (80% confidence interval) ,
40. Estimated % of BLM range acres that meet this condition,17,BLM,2,16.21,1.65,0.10,14.09,18.33,25% OR GREATER OF FOLIAGE COMPOSED OF NON-NATIVE INVASIVE SPECIES,2015,Year,Percent of rangeland acres on BLM-administered lands,percent,Proportion of BLM rangelands where non-native invasive species are abundant (>= 25%) (80% confidence interval) ,33,Proportion of BLM rangelands where >= 25% of foliar cover is comprised of non-native invasive species (80% confidence interval) ,
40. Estimated % of BLM range acres that meet this condition,17,BLM,1,6.22,1.91,0.31,3.77,8.68,25% OR GREATER OF FOLIAR COVER COMPOSED OF NON-NATIVE INVASIVE SPECIES,2011,Year,Percent of rangeland acres on BLM-administered lands,percent,Proportion of BLM rangelands where non-native invasive species are abundant (>= 25%) (80% confidence interval) ,33,Proportion of BLM rangelands where >= 25% of foliar cover is comprised of non-native invasive species (80% confidence interval) ,
40. Estimated % of BLM range acres that meet this condition,17,BLM,2,9.85,2.36,0.24,6.83,12.87,25% OR GREATER OF FOLIAR COVER COMPOSED OF NON-NATIVE INVASIVE SPECIES,2011,Year,Percent of rangeland acres on BLM-administered lands,percent,Proportion of BLM rangelands where non-native invasive species are abundant (>= 25%) (80% confidence interval) ,33,Proportion of BLM rangelands where >= 25% of foliar cover is comprised of non-native invasive species (80% confidence interval) ,
40. Estimated % of BLM range acres that meet this condition,17,BLM,1,18.55,1.07,0.06,17.18,19.93,25% OR GREATER OF FOLIAGE COMPOSED OF NON-NATIVE INVASIVE SPECIES,2015,Year,Percent of rangeland acres on BLM-administered lands,percent,Proportion of BLM rangelands where non-native invasive species are abundant (>= 25%) (80% confidence interval) ,33,Proportion of BLM rangelands where >= 25% of foliar cover is comprised of non-native invasive species (80% confidence interval) ,
40. Estimated % of BLM range acres that meet this condition,17,BLM,NA,17.07,1.58,0.09,15.05,19.08,25% OR GREATER OF FOLIAGE COMPOSED OF NON-NATIVE INVASIVE SPECIES,2012,Year,Percent of rangeland acres on BLM-administered lands,percent,Proportion of BLM rangelands where non-native invasive species are abundant (>= 25%) (80% confidence interval) ,33,Proportion of BLM rangelands where >= 25% of foliar cover is comprised of non-native invasive species (80% confidence interval) ,
40. Estimated % of BLM range acres that meet this condition,17,BLM,1,10.34,1.14,0.11,8.89,11.80,25% OR GREATER OF FOLIAGE COMPOSED OF NON-NATIVE INVASIVE SPECIES,2012,Year,Percent of rangeland acres on BLM-administered lands,percent,Proportion of BLM rangelands where non-native invasive species are abundant (>= 25%) (80% confidence interval) ,33,Proportion of BLM rangelands where >= 25% of foliar cover is comprised of non-native invasive species (80% confidence interval) ,
40. Estimated % of BLM range acres that meet this condition,17,BLM,NA,8.60,1.42,0.16,6.79,10.42,25% OR GREATER OF FOLIAR COVER COMPOSED OF NON-NATIVE INVASIVE SPECIES,2011,Year,Percent of rangeland acres on BLM-administered lands,percent,Proportion of BLM rangelands where non-native invasive species are abundant (>= 25%) (80% confidence interval) ,33,Proportion of BLM rangelands where >= 25% of foliar cover is comprised of non-native invasive species (80% confidence interval) ,
40. Estimated % of BLM range acres that meet this condition,17,BLM,NA,16.98,1.22,0.07,15.41,18.54,25% OR GREATER OF FOLIAGE COMPOSED OF NON-NATIVE INVASIVE SPECIES,2015,Year,Percent of rangeland acres on BLM-administered lands,percent,Proportion of BLM rangelands where non-native invasive species are abundant (>= 25%) (80% confidence interval) ,33,Proportion of BLM rangelands where >= 25% of foliar cover is comprised of non-native invasive species (80% confidence interval) ,
40. Estimated % of BLM range acres that meet this condition,17,BLM,1,21.96,1.03,0.05,20.64,23.28,25% OR GREATER OF FOLIAGE COMPOSED OF NON-NATIVE INVASIVE SPECIES,2016,Year,Percent of rangeland acres on BLM-administered lands,percent,Proportion of BLM rangelands where non-native invasive species are abundant (>= 25%) (80% confidence interval) ,33,Proportion of BLM rangelands where >= 25% of foliar cover is comprised of non-native invasive species (80% confidence interval) ,
40. Estimated % of BLM range acres that meet this condition,17,BLM,NA,17.17,1.14,0.07,15.70,18.64,25% OR GREATER OF FOLIAGE COMPOSED OF NON-NATIVE INVASIVE SPECIES,2014,Year,Percent of rangeland acres on BLM-administered lands,percent,Proportion of BLM rangelands where non-native invasive species are abundant (>= 25%) (80% confidence interval) ,33,Proportion of BLM rangelands where >= 25% of foliar cover is comprised of non-native invasive species (80% confidence interval) ,
40. Estimated % of BLM range acres that meet this condition,17,BLM,2,20.61,2.31,0.11,17.65,23.56,25% OR GREATER OF FOLIAGE COMPOSED OF NON-NATIVE INVASIVE SPECIES,2012,Year,Percent of rangeland acres on BLM-administered lands,percent,Proportion of BLM rangelands where non-native invasive species are abundant (>= 25%) (80% confidence interval) ,33,Proportion of BLM rangelands where >= 25% of foliar cover is comprised of non-native invasive species (80% confidence interval) ,
40. Estimated % of BLM range acres that meet this condition,17,BLM,2,17.94,1.49,0.08,16.03,19.84,25% OR GREATER OF FOLIAGE COMPOSED OF NON-NATIVE INVASIVE SPECIES,2014,Year,Percent of rangeland acres on BLM-administered lands,percent,Proportion of BLM rangelands where non-native invasive species are abundant (>= 25%) (80% confidence interval) ,33,Proportion of BLM rangelands where >= 25% of foliar cover is comprised of non-native invasive species (80% confidence interval) ,
40. Estimated % of BLM range acres that meet this condition,17,BLM,NA,23.28,1.69,0.07,21.11,25.45,25% OR GREATER OF FOLIAGE COMPOSED OF NON-NATIVE INVASIVE SPECIES,2016,Year,Percent of rangeland acres on BLM-administered lands,percent,Proportion of BLM rangelands where non-native invasive species are abundant (>= 25%) (80% confidence interval) ,33,Proportion of BLM rangelands where >= 25% of foliar cover is comprised of non-native invasive species (80% confidence interval) ,
40. Estimated % of BLM range acres that meet this condition,17,BLM,2,23.50,2.80,0.12,19.91,27.09,25% OR GREATER OF FOLIAGE COMPOSED OF NON-NATIVE INVASIVE SPECIES,2018,Year,Percent of rangeland acres on BLM-administered lands,percent,Proportion of BLM rangelands where non-native invasive species are abundant (>= 25%) (80% confidence interval) ,33,Proportion of BLM rangelands where >= 25% of foliar cover is comprised of non-native invasive species (80% confidence interval) ,
40. Estimated % of BLM range acres that meet this condition,17,BLM,1,15.57,1.14,0.07,14.11,17.04,25% OR GREATER OF FOLIAGE COMPOSED OF NON-NATIVE INVASIVE SPECIES,2014,Year,Percent of rangeland acres on BLM-administered lands,percent,Proportion of BLM rangelands where non-native invasive species are abundant (>= 25%) (80% confidence interval) ,33,Proportion of BLM rangelands where >= 25% of foliar cover is comprised of non-native invasive species (80% confidence interval) ,
40. Estimated % of BLM range acres that meet this condition,17,BLM,2,23.93,2.39,0.10,20.87,26.99,25% OR GREATER OF FOLIAGE COMPOSED OF NON-NATIVE INVASIVE SPECIES,2016,Year,Percent of rangeland acres on BLM-administered lands,percent,Proportion of BLM rangelands where non-native invasive species are abundant (>= 25%) (80% confidence interval) ,33,Proportion of BLM rangelands where >= 25% of foliar cover is comprised of non-native invasive species (80% confidence interval) ,
40. Estimated % of BLM range acres that meet this condition,17,BLM,NA,25.24,2.06,0.08,22.60,27.88,25% OR GREATER OF FOLIAGE COMPOSED OF NON-NATIVE INVASIVE SPECIES,2018,Year,Percent of rangeland acres on BLM-administered lands,percent,Proportion of BLM rangelands where non-native invasive species are abundant (>= 25%) (80% confidence interval) ,33,Proportion of BLM rangelands where >= 25% of foliar cover is comprised of non-native invasive species (80% confidence interval) ,
40. Estimated % of BLM range acres that meet this condition,17,BLM,1,28.65,1.90,0.07,26.22,31.08,25% OR GREATER OF FOLIAGE COMPOSED OF NON-NATIVE INVASIVE SPECIES,2018,Year,Percent of rangeland acres on BLM-administered lands,percent,Proportion of BLM rangelands where non-native invasive species are abundant (>= 25%) (80% confidence interval) ,33,Proportion of BLM rangelands where >= 25% of foliar cover is comprised of non-native invasive species (80% confidence interval) ,
40. Estimated % of BLM range acres that meet this condition,17,BLM,1,22.70,1.54,0.07,20.73,24.68,25% OR GREATER OF FOLIAGE COMPOSED OF NON-NATIVE INVASIVE SPECIES,2017,Year,Percent of rangeland acres on BLM-administered lands,percent,Proportion of BLM rangelands where non-native invasive species are abundant (>= 25%) (80% confidence interval) ,33,Proportion of BLM rangelands where >= 25% of foliar cover is comprised of non-native invasive species (80% confidence interval) ,
40. Estimated % of BLM range acres that meet this condition,17,BLM,NA,28.89,1.67,0.06,26.76,31.03,25% OR GREATER OF FOLIAGE COMPOSED OF NON-NATIVE INVASIVE SPECIES,2017,Year,Percent of rangeland acres on BLM-administered lands,percent,Proportion of BLM rangelands where non-native invasive species are abundant (>= 25%) (80% confidence interval) ,33,Proportion of BLM rangelands where >= 25% of foliar cover is comprised of non-native invasive species (80% confidence interval) ,
40. Estimated % of BLM range acres that meet this condition,17,BLM,2,32.04,2.57,0.08,28.74,35.34,25% OR GREATER OF FOLIAGE COMPOSED OF NON-NATIVE INVASIVE SPECIES,2017,Year,Percent of rangeland acres on BLM-administered lands,percent,Proportion of BLM rangelands where non-native invasive species are abundant (>= 25%) (80% confidence interval) ,33,Proportion of BLM rangelands where >= 25% of foliar cover is comprised of non-native invasive species (80% confidence interval) ,
40. Estimated % of BLM range acres that meet this condition,17,BLM,2,21.67,2.07,0.10,19.03,24.32,25% OR GREATER OF FOLIAGE COMPOSED OF NON-NATIVE INVASIVE SPECIES,2019,Year,Percent of rangeland acres on BLM-administered lands,percent,Proportion of BLM rangelands where non-native invasive species are abundant (>= 25%) (80% confidence interval) ,33,Proportion of BLM rangelands where >= 25% of foliar cover is comprised of non-native invasive species (80% confidence interval) ,
40. Estimated % of BLM range acres that meet this condition,17,BLM,1,21.01,1.43,0.07,19.17,22.84,25% OR GREATER OF FOLIAGE COMPOSED OF NON-NATIVE INVASIVE SPECIES,2019,Year,Percent of rangeland acres on BLM-administered lands,percent,Proportion of BLM rangelands where non-native invasive species are abundant (>= 25%) (80% confidence interval) ,33,Proportion of BLM rangelands where >= 25% of foliar cover is comprised of non-native invasive species (80% confidence interval) ,
40. Estimated % of BLM range acres that meet this condition,17,BLM,NA,21.44,1.37,0.06,19.68,23.21,25% OR GREATER OF FOLIAGE COMPOSED OF NON-NATIVE INVASIVE SPECIES,2019,Year,Percent of rangeland acres on BLM-administered lands,percent,Proportion of BLM rangelands where non-native invasive species are abundant (>= 25%) (80% confidence interval) ,33,Proportion of BLM rangelands where >= 25% of foliar cover is comprised of non-native invasive species (80% confidence interval) ,
42. Estimated BLM range acres that meet this condition,17,BLM,2,20672597.00,2426882.00,0.12,17562423.00,23782771.00,25% OR GREATER OF FOLIAGE COMPOSED OF NON-NATIVE INVASIVE SPECIES,2012,Year,BLM rangeland acres (millions),acres,BLM rangeland acres (millions) where non-native invasive species are abundant (>= 25%),34,BLM rangeland acres (millions) where non-native invasive species are abundant (>= 25%),
42. Estimated BLM range acres that meet this condition,17,BLM,NA,26141004.00,2476308.00,0.10,22967488.00,29314520.00,25% OR GREATER OF FOLIAGE COMPOSED OF NON-NATIVE INVASIVE SPECIES,2012,Year,BLM rangeland acres (millions),acres,BLM rangeland acres (millions) where non-native invasive species are abundant (>= 25%),34,BLM rangeland acres (millions) where non-native invasive species are abundant (>= 25%),
42. Estimated BLM range acres that meet this condition,17,BLM,1,8280974.00,628177.00,0.08,7475932.00,9086015.00,25% OR GREATER OF FOLIAGE COMPOSED OF NON-NATIVE INVASIVE SPECIES,2014,Year,BLM rangeland acres (millions),acres,BLM rangeland acres (millions) where non-native invasive species are abundant (>= 25%),34,BLM rangeland acres (millions) where non-native invasive species are abundant (>= 25%),
42. Estimated BLM range acres that meet this condition,17,BLM,NA,13002380.00,2180980.00,0.17,10206364.00,15798396.00,25% OR GREATER OF FOLIAR COVER COMPOSED OF NON-NATIVE INVASIVE SPECIES,2011,Year,BLM rangeland acres (millions),acres,BLM rangeland acres (millions) where non-native invasive species are abundant (>= 25%),34,BLM rangeland acres (millions) where non-native invasive species are abundant (>= 25%),
42. Estimated BLM range acres that meet this condition,17,BLM,1,5468407.00,610457.00,0.11,4686075.00,6250740.00,25% OR GREATER OF FOLIAGE COMPOSED OF NON-NATIVE INVASIVE SPECIES,2012,Year,BLM rangeland acres (millions),acres,BLM rangeland acres (millions) where non-native invasive species are abundant (>= 25%),34,BLM rangeland acres (millions) where non-native invasive species are abundant (>= 25%),
42. Estimated BLM range acres that meet this condition,17,BLM,1,9830511.00,568274.00,0.06,9102238.00,10558784.00,25% OR GREATER OF FOLIAGE COMPOSED OF NON-NATIVE INVASIVE SPECIES,2015,Year,BLM rangeland acres (millions),acres,BLM rangeland acres (millions) where non-native invasive species are abundant (>= 25%),34,BLM rangeland acres (millions) where non-native invasive species are abundant (>= 25%),
42. Estimated BLM range acres that meet this condition,17,BLM,2,19862660.00,1695846.00,0.09,17689346.00,22035974.00,25% OR GREATER OF FOLIAGE COMPOSED OF NON-NATIVE INVASIVE SPECIES,2014,Year,BLM rangeland acres (millions),acres,BLM rangeland acres (millions) where non-native invasive species are abundant (>= 25%),34,BLM rangeland acres (millions) where non-native invasive species are abundant (>= 25%),
42. Estimated BLM range acres that meet this condition,17,BLM,NA,39212787.00,3127077.00,0.08,35205277.00,43220298.00,25% OR GREATER OF FOLIAGE COMPOSED OF NON-NATIVE INVASIVE SPECIES,2018,Year,BLM rangeland acres (millions),acres,BLM rangeland acres (millions) where non-native invasive species are abundant (>= 25%),34,BLM rangeland acres (millions) where non-native invasive species are abundant (>= 25%),
42. Estimated BLM range acres that meet this condition,17,BLM,NA,28143634.00,1943919.00,0.07,25652402.00,30634866.00,25% OR GREATER OF FOLIAGE COMPOSED OF NON-NATIVE INVASIVE SPECIES,2014,Year,BLM rangeland acres (millions),acres,BLM rangeland acres (millions) where non-native invasive species are abundant (>= 25%),34,BLM rangeland acres (millions) where non-native invasive species are abundant (>= 25%),
42. Estimated BLM range acres that meet this condition,17,BLM,1,3230903.00,972376.00,0.30,1984317.00,4477490.00,25% OR GREATER OF FOLIAR COVER COMPOSED OF NON-NATIVE INVASIVE SPECIES,2011,Year,BLM rangeland acres (millions),acres,BLM rangeland acres (millions) where non-native invasive species are abundant (>= 25%),34,BLM rangeland acres (millions) where non-native invasive species are abundant (>= 25%),
42. Estimated BLM range acres that meet this condition,17,BLM,2,17572193.00,1796277.00,0.10,15270172.00,19874215.00,25% OR GREATER OF FOLIAGE COMPOSED OF NON-NATIVE INVASIVE SPECIES,2015,Year,BLM rangeland acres (millions),acres,BLM rangeland acres (millions) where non-native invasive species are abundant (>= 25%),34,BLM rangeland acres (millions) where non-native invasive species are abundant (>= 25%),
42. Estimated BLM range acres that meet this condition,17,BLM,2,26029446.00,2612506.00,0.10,22681384.00,29377507.00,25% OR GREATER OF FOLIAGE COMPOSED OF NON-NATIVE INVASIVE SPECIES,2016,Year,BLM rangeland acres (millions),acres,BLM rangeland acres (millions) where non-native invasive species are abundant (>= 25%),34,BLM rangeland acres (millions) where non-native invasive species are abundant (>= 25%),
42. Estimated BLM range acres that meet this condition,17,BLM,NA,27402704.00,1977851.00,0.07,24867987.00,29937422.00,25% OR GREATER OF FOLIAGE COMPOSED OF NON-NATIVE INVASIVE SPECIES,2015,Year,BLM rangeland acres (millions),acres,BLM rangeland acres (millions) where non-native invasive species are abundant (>= 25%),34,BLM rangeland acres (millions) where non-native invasive species are abundant (>= 25%),
42. Estimated BLM range acres that meet this condition,17,BLM,NA,37741861.00,2695540.00,0.07,34287387.00,41196334.00,25% OR GREATER OF FOLIAGE COMPOSED OF NON-NATIVE INVASIVE SPECIES,2016,Year,BLM rangeland acres (millions),acres,BLM rangeland acres (millions) where non-native invasive species are abundant (>= 25%),34,BLM rangeland acres (millions) where non-native invasive species are abundant (>= 25%),
42. Estimated BLM range acres that meet this condition,17,BLM,2,9771476.00,2342274.00,0.24,6768681.00,12774272.00,25% OR GREATER OF FOLIAR COVER COMPOSED OF NON-NATIVE INVASIVE SPECIES,2011,Year,BLM rangeland acres (millions),acres,BLM rangeland acres (millions) where non-native invasive species are abundant (>= 25%),34,BLM rangeland acres (millions) where non-native invasive species are abundant (>= 25%),
42. Estimated BLM range acres that meet this condition,17,BLM,1,12132309.00,831821.00,0.07,11066287.00,13198331.00,25% OR GREATER OF FOLIAGE COMPOSED OF NON-NATIVE INVASIVE SPECIES,2017,Year,BLM rangeland acres (millions),acres,BLM rangeland acres (millions) where non-native invasive species are abundant (>= 25%),34,BLM rangeland acres (millions) where non-native invasive species are abundant (>= 25%),
42. Estimated BLM range acres that meet this condition,17,BLM,NA,32748187.00,2090093.00,0.06,30069625.00,35426750.00,25% OR GREATER OF FOLIAGE COMPOSED OF NON-NATIVE INVASIVE SPECIES,2019,Year,BLM rangeland acres (millions),acres,BLM rangeland acres (millions) where non-native invasive species are abundant (>= 25%),34,BLM rangeland acres (millions) where non-native invasive species are abundant (>= 25%),
42. Estimated BLM range acres that meet this condition,17,BLM,1,14993349.00,1003047.00,0.07,13707892.00,16278805.00,25% OR GREATER OF FOLIAGE COMPOSED OF NON-NATIVE INVASIVE SPECIES,2018,Year,BLM rangeland acres (millions),acres,BLM rangeland acres (millions) where non-native invasive species are abundant (>= 25%),34,BLM rangeland acres (millions) where non-native invasive species are abundant (>= 25%),
42. Estimated BLM range acres that meet this condition,17,BLM,1,11712415.00,550866.00,0.05,11006452.00,12418378.00,25% OR GREATER OF FOLIAGE COMPOSED OF NON-NATIVE INVASIVE SPECIES,2016,Year,BLM rangeland acres (millions),acres,BLM rangeland acres (millions) where non-native invasive species are abundant (>= 25%),34,BLM rangeland acres (millions) where non-native invasive species are abundant (>= 25%),
42. Estimated BLM range acres that meet this condition,17,BLM,2,33679480.00,3051505.00,0.09,29768819.00,37590141.00,25% OR GREATER OF FOLIAGE COMPOSED OF NON-NATIVE INVASIVE SPECIES,2017,Year,BLM rangeland acres (millions),acres,BLM rangeland acres (millions) where non-native invasive species are abundant (>= 25%),34,BLM rangeland acres (millions) where non-native invasive species are abundant (>= 25%),
42. Estimated BLM range acres that meet this condition,17,BLM,2,24219439.00,2919093.00,0.12,20478471.00,27960407.00,25% OR GREATER OF FOLIAGE COMPOSED OF NON-NATIVE INVASIVE SPECIES,2018,Year,BLM rangeland acres (millions),acres,BLM rangeland acres (millions) where non-native invasive species are abundant (>= 25%),34,BLM rangeland acres (millions) where non-native invasive species are abundant (>= 25%),
42. Estimated BLM range acres that meet this condition,17,BLM,NA,45811789.00,2918060.00,0.06,42072145.00,49551433.00,25% OR GREATER OF FOLIAGE COMPOSED OF NON-NATIVE INVASIVE SPECIES,2017,Year,BLM rangeland acres (millions),acres,BLM rangeland acres (millions) where non-native invasive species are abundant (>= 25%),34,BLM rangeland acres (millions) where non-native invasive species are abundant (>= 25%),
42. Estimated BLM range acres that meet this condition,17,BLM,1,11073251.00,717260.00,0.07,10154044.00,11992457.00,25% OR GREATER OF FOLIAGE COMPOSED OF NON-NATIVE INVASIVE SPECIES,2019,Year,BLM rangeland acres (millions),acres,BLM rangeland acres (millions) where non-native invasive species are abundant (>= 25%),34,BLM rangeland acres (millions) where non-native invasive species are abundant (>= 25%),
42. Estimated BLM range acres that meet this condition,17,BLM,2,21674937.00,2024129.00,0.09,19080911.00,24268962.00,25% OR GREATER OF FOLIAGE COMPOSED OF NON-NATIVE INVASIVE SPECIES,2019,Year,BLM rangeland acres (millions),acres,BLM rangeland acres (millions) where non-native invasive species are abundant (>= 25%),34,BLM rangeland acres (millions) where non-native invasive species are abundant (>= 25%),
43. Estimated % of BLM range acres that meet this condition,18,BLM,NA,44.35,1.89,0.04,41.93,46.77,AT LEAST 20% OF THE LAND HAS INTERCANOPY GAPS OF AT LEAST 2 M,2015,Year,Percent of rangeland acres on BLM-administered lands,percent,Proportion of BLM rangelands with at least 20% of land having intercanopy gaps of at least 2 meters (80% confidence interval) ,35,Proportion of BLM rangelands with at least 20% of land having intercanopy gaps of at least 2 meters (80% confidence interval) ,
43. Estimated % of BLM range acres that meet this condition,18,BLM,NA,41.15,2.07,0.05,38.50,43.80,AT LEAST 20% OF THE LAND HAS INTERCANOPY GAPS OF AT LEAST 2 M,2011,Year,Percent of rangeland acres on BLM-administered lands,percent,Proportion of BLM rangelands with at least 20% of land having intercanopy gaps of at least 2 meters (80% confidence interval) ,35,Proportion of BLM rangelands with at least 20% of land having intercanopy gaps of at least 2 meters (80% confidence interval) ,
43. Estimated % of BLM range acres that meet this condition,18,BLM,1,9.10,0.78,0.09,8.10,10.10,AT LEAST 20% OF THE LAND HAS INTERCANOPY GAPS OF AT LEAST 2 M,2016,Year,Percent of rangeland acres on BLM-administered lands,percent,Proportion of BLM rangelands with at least 20% of land having intercanopy gaps of at least 2 meters (80% confidence interval) ,35,Proportion of BLM rangelands with at least 20% of land having intercanopy gaps of at least 2 meters (80% confidence interval) ,
43. Estimated % of BLM range acres that meet this condition,18,BLM,1,16.54,1.53,0.09,14.58,18.49,AT LEAST 20% OF THE LAND HAS INTERCANOPY GAPS OF AT LEAST 2 M,2012,Year,Percent of rangeland acres on BLM-administered lands,percent,Proportion of BLM rangelands with at least 20% of land having intercanopy gaps of at least 2 meters (80% confidence interval) ,35,Proportion of BLM rangelands with at least 20% of land having intercanopy gaps of at least 2 meters (80% confidence interval) ,
43. Estimated % of BLM range acres that meet this condition,18,BLM,1,15.47,1.22,0.08,13.91,17.04,AT LEAST 20% OF THE LAND HAS INTERCANOPY GAPS OF AT LEAST 2 M,2015,Year,Percent of rangeland acres on BLM-administered lands,percent,Proportion of BLM rangelands with at least 20% of land having intercanopy gaps of at least 2 meters (80% confidence interval) ,35,Proportion of BLM rangelands with at least 20% of land having intercanopy gaps of at least 2 meters (80% confidence interval) ,
43. Estimated % of BLM range acres that meet this condition,18,BLM,NA,37.44,1.74,0.05,35.21,39.67,AT LEAST 20% OF THE LAND HAS INTERCANOPY GAPS OF AT LEAST 2 M,2017,Year,Percent of rangeland acres on BLM-administered lands,percent,Proportion of BLM rangelands with at least 20% of land having intercanopy gaps of at least 2 meters (80% confidence interval) ,35,Proportion of BLM rangelands with at least 20% of land having intercanopy gaps of at least 2 meters (80% confidence interval) ,
43. Estimated % of BLM range acres that meet this condition,18,BLM,NA,42.72,1.86,0.04,40.33,45.10,AT LEAST 20% OF THE LAND HAS INTERCANOPY GAPS OF AT LEAST 2 M,2012,Year,Percent of rangeland acres on BLM-administered lands,percent,Proportion of BLM rangelands with at least 20% of land having intercanopy gaps of at least 2 meters (80% confidence interval) ,35,Proportion of BLM rangelands with at least 20% of land having intercanopy gaps of at least 2 meters (80% confidence interval) ,
43. Estimated % of BLM range acres that meet this condition,18,BLM,NA,41.46,1.47,0.04,39.58,43.33,AT LEAST 20% OF THE LAND HAS INTERCANOPY GAPS OF AT LEAST 2 M,2014,Year,Percent of rangeland acres on BLM-administered lands,percent,Proportion of BLM rangelands with at least 20% of land having intercanopy gaps of at least 2 meters (80% confidence interval) ,35,Proportion of BLM rangelands with at least 20% of land having intercanopy gaps of at least 2 meters (80% confidence interval) ,
43. Estimated % of BLM range acres that meet this condition,18,BLM,NA,30.23,1.08,0.04,28.85,31.61,AT LEAST 20% OF THE LAND HAS INTERCANOPY GAPS OF AT LEAST 2 M,2016,Year,Percent of rangeland acres on BLM-administered lands,percent,Proportion of BLM rangelands with at least 20% of land having intercanopy gaps of at least 2 meters (80% confidence interval) ,35,Proportion of BLM rangelands with at least 20% of land having intercanopy gaps of at least 2 meters (80% confidence interval) ,
43. Estimated % of BLM range acres that meet this condition,18,BLM,2,52.37,1.98,0.04,49.84,54.91,AT LEAST 20% OF THE LAND HAS INTERCANOPY GAPS OF AT LEAST 2 M,2014,Year,Percent of rangeland acres on BLM-administered lands,percent,Proportion of BLM rangelands with at least 20% of land having intercanopy gaps of at least 2 meters (80% confidence interval) ,35,Proportion of BLM rangelands with at least 20% of land having intercanopy gaps of at least 2 meters (80% confidence interval) ,
43. Estimated % of BLM range acres that meet this condition,18,BLM,1,12.34,1.28,0.10,10.70,13.98,AT LEAST 20% OF THE LAND HAS INTERCANOPY GAPS OF AT LEAST 2 M,2017,Year,Percent of rangeland acres on BLM-administered lands,percent,Proportion of BLM rangelands with at least 20% of land having intercanopy gaps of at least 2 meters (80% confidence interval) ,35,Proportion of BLM rangelands with at least 20% of land having intercanopy gaps of at least 2 meters (80% confidence interval) ,
43. Estimated % of BLM range acres that meet this condition,18,BLM,1,9.95,2.37,0.24,6.91,12.99,AT LEAST 20% OF THE LAND HAS INTERCANOPY GAPS OF AT LEAST 2 M,2011,Year,Percent of rangeland acres on BLM-administered lands,percent,Proportion of BLM rangelands with at least 20% of land having intercanopy gaps of at least 2 meters (80% confidence interval) ,35,Proportion of BLM rangelands with at least 20% of land having intercanopy gaps of at least 2 meters (80% confidence interval) ,
43. Estimated % of BLM range acres that meet this condition,18,BLM,2,56.51,2.57,0.05,53.22,59.81,AT LEAST 20% OF THE LAND HAS INTERCANOPY GAPS OF AT LEAST 2 M,2012,Year,Percent of rangeland acres on BLM-administered lands,percent,Proportion of BLM rangelands with at least 20% of land having intercanopy gaps of at least 2 meters (80% confidence interval) ,35,Proportion of BLM rangelands with at least 20% of land having intercanopy gaps of at least 2 meters (80% confidence interval) ,
43. Estimated % of BLM range acres that meet this condition,18,BLM,2,57.48,3.24,0.06,53.32,61.63,AT LEAST 20% OF THE LAND HAS INTERCANOPY GAPS OF AT LEAST 2 M,2011,Year,Percent of rangeland acres on BLM-administered lands,percent,Proportion of BLM rangelands with at least 20% of land having intercanopy gaps of at least 2 meters (80% confidence interval) ,35,Proportion of BLM rangelands with at least 20% of land having intercanopy gaps of at least 2 meters (80% confidence interval) ,
43. Estimated % of BLM range acres that meet this condition,18,BLM,NA,38.23,1.52,0.04,36.28,40.18,AT LEAST 20% OF THE LAND HAS INTERCANOPY GAPS OF AT LEAST 2 M,2018,Year,Percent of rangeland acres on BLM-administered lands,percent,Proportion of BLM rangelands with at least 20% of land having intercanopy gaps of at least 2 meters (80% confidence interval) ,35,Proportion of BLM rangelands with at least 20% of land having intercanopy gaps of at least 2 meters (80% confidence interval) ,
43. Estimated % of BLM range acres that meet this condition,18,BLM,1,11.77,1.45,0.12,9.91,13.63,AT LEAST 20% OF THE LAND HAS INTERCANOPY GAPS OF AT LEAST 2 M,2018,Year,Percent of rangeland acres on BLM-administered lands,percent,Proportion of BLM rangelands with at least 20% of land having intercanopy gaps of at least 2 meters (80% confidence interval) ,35,Proportion of BLM rangelands with at least 20% of land having intercanopy gaps of at least 2 meters (80% confidence interval) ,
43. Estimated % of BLM range acres that meet this condition,18,BLM,1,18.72,1.43,0.08,16.89,20.55,AT LEAST 20% OF THE LAND HAS INTERCANOPY GAPS OF AT LEAST 2 M,2014,Year,Percent of rangeland acres on BLM-administered lands,percent,Proportion of BLM rangelands with at least 20% of land having intercanopy gaps of at least 2 meters (80% confidence interval) ,35,Proportion of BLM rangelands with at least 20% of land having intercanopy gaps of at least 2 meters (80% confidence interval) ,
43. Estimated % of BLM range acres that meet this condition,18,BLM,2,33.90,3.17,0.09,29.84,37.96,AT LEAST 20% OF THE LAND HAS INTERCANOPY GAPS OF AT LEAST 2 M,2019,Year,Percent of rangeland acres on BLM-administered lands,percent,Proportion of BLM rangelands with at least 20% of land having intercanopy gaps of at least 2 meters (80% confidence interval) ,35,Proportion of BLM rangelands with at least 20% of land having intercanopy gaps of at least 2 meters (80% confidence interval) ,
43. Estimated % of BLM range acres that meet this condition,18,BLM,2,58.47,3.00,0.05,54.62,62.31,AT LEAST 20% OF THE LAND HAS INTERCANOPY GAPS OF AT LEAST 2 M,2015,Year,Percent of rangeland acres on BLM-administered lands,percent,Proportion of BLM rangelands with at least 20% of land having intercanopy gaps of at least 2 meters (80% confidence interval) ,35,Proportion of BLM rangelands with at least 20% of land having intercanopy gaps of at least 2 meters (80% confidence interval) ,
43. Estimated % of BLM range acres that meet this condition,18,BLM,NA,26.02,2.10,0.08,23.33,28.71,AT LEAST 20% OF THE LAND HAS INTERCANOPY GAPS OF AT LEAST 2 M,2019,Year,Percent of rangeland acres on BLM-administered lands,percent,Proportion of BLM rangelands with at least 20% of land having intercanopy gaps of at least 2 meters (80% confidence interval) ,35,Proportion of BLM rangelands with at least 20% of land having intercanopy gaps of at least 2 meters (80% confidence interval) ,
43. Estimated % of BLM range acres that meet this condition,18,BLM,2,51.67,2.02,0.04,49.07,54.26,AT LEAST 20% OF THE LAND HAS INTERCANOPY GAPS OF AT LEAST 2 M,2018,Year,Percent of rangeland acres on BLM-administered lands,percent,Proportion of BLM rangelands with at least 20% of land having intercanopy gaps of at least 2 meters (80% confidence interval) ,35,Proportion of BLM rangelands with at least 20% of land having intercanopy gaps of at least 2 meters (80% confidence interval) ,
43. Estimated % of BLM range acres that meet this condition,18,BLM,2,40.59,1.59,0.04,38.56,42.62,AT LEAST 20% OF THE LAND HAS INTERCANOPY GAPS OF AT LEAST 2 M,2016,Year,Percent of rangeland acres on BLM-administered lands,percent,Proportion of BLM rangelands with at least 20% of land having intercanopy gaps of at least 2 meters (80% confidence interval) ,35,Proportion of BLM rangelands with at least 20% of land having intercanopy gaps of at least 2 meters (80% confidence interval) ,
43. Estimated % of BLM range acres that meet this condition,18,BLM,1,11.07,1.05,0.10,9.72,12.42,AT LEAST 20% OF THE LAND HAS INTERCANOPY GAPS OF AT LEAST 2 M,2019,Year,Percent of rangeland acres on BLM-administered lands,percent,Proportion of BLM rangelands with at least 20% of land having intercanopy gaps of at least 2 meters (80% confidence interval) ,35,Proportion of BLM rangelands with at least 20% of land having intercanopy gaps of at least 2 meters (80% confidence interval) ,
43. Estimated % of BLM range acres that meet this condition,18,BLM,2,50.20,2.59,0.05,46.88,53.52,AT LEAST 20% OF THE LAND HAS INTERCANOPY GAPS OF AT LEAST 2 M,2017,Year,Percent of rangeland acres on BLM-administered lands,percent,Proportion of BLM rangelands with at least 20% of land having intercanopy gaps of at least 2 meters (80% confidence interval) ,35,Proportion of BLM rangelands with at least 20% of land having intercanopy gaps of at least 2 meters (80% confidence interval) ,
45. Estimated BLM range acres that meet this condition,18,BLM,NA,65432429.00,3061131.00,0.05,61509432.00,69355426.00,AT LEAST 20% OF THE LAND HAS INTERCANOPY GAPS OF AT LEAST 2 M,2012,Year,BLM rangeland acres (millions),acres,BLM rangeland acres (millions) with at least 20% of land having intercanopy gaps of at least 2 meters in length ,36,BLM rangeland acres (millions) with at least 20% of land having intercanopy gaps of at least 2 meters in length ,
45. Estimated BLM range acres that meet this condition,18,BLM,NA,67951539.00,2376344.00,0.04,64906131.00,70996947.00,AT LEAST 20% OF THE LAND HAS INTERCANOPY GAPS OF AT LEAST 2 M,2014,Year,BLM rangeland acres (millions),acres,BLM rangeland acres (millions) with at least 20% of land having intercanopy gaps of at least 2 meters in length ,36,BLM rangeland acres (millions) with at least 20% of land having intercanopy gaps of at least 2 meters in length ,
45. Estimated BLM range acres that meet this condition,18,BLM,NA,62179493.00,3055887.00,0.05,58261846.00,66097140.00,AT LEAST 20% OF THE LAND HAS INTERCANOPY GAPS OF AT LEAST 2 M,2011,Year,BLM rangeland acres (millions),acres,BLM rangeland acres (millions) with at least 20% of land having intercanopy gaps of at least 2 meters in length ,36,BLM rangeland acres (millions) with at least 20% of land having intercanopy gaps of at least 2 meters in length ,
45. Estimated BLM range acres that meet this condition,18,BLM,1,5162931.00,1143830.00,0.22,3696542.00,6629321.00,AT LEAST 20% OF THE LAND HAS INTERCANOPY GAPS OF AT LEAST 2 M,2011,Year,BLM rangeland acres (millions),acres,BLM rangeland acres (millions) with at least 20% of land having intercanopy gaps of at least 2 meters in length ,36,BLM rangeland acres (millions) with at least 20% of land having intercanopy gaps of at least 2 meters in length ,
45. Estimated BLM range acres that meet this condition,18,BLM,2,57016562.00,2837990.00,0.05,53378258.00,60654866.00,AT LEAST 20% OF THE LAND HAS INTERCANOPY GAPS OF AT LEAST 2 M,2011,Year,BLM rangeland acres (millions),acres,BLM rangeland acres (millions) with at least 20% of land having intercanopy gaps of at least 2 meters in length ,36,BLM rangeland acres (millions) with at least 20% of land having intercanopy gaps of at least 2 meters in length ,
45. Estimated BLM range acres that meet this condition,18,BLM,NA,59401136.00,2475069.00,0.04,56229208.00,62573065.00,AT LEAST 20% OF THE LAND HAS INTERCANOPY GAPS OF AT LEAST 2 M,2018,Year,BLM rangeland acres (millions),acres,BLM rangeland acres (millions) with at least 20% of land having intercanopy gaps of at least 2 meters in length ,36,BLM rangeland acres (millions) with at least 20% of land having intercanopy gaps of at least 2 meters in length ,
45. Estimated BLM range acres that meet this condition,18,BLM,2,63375807.00,3176457.00,0.05,59305014.00,67446600.00,AT LEAST 20% OF THE LAND HAS INTERCANOPY GAPS OF AT LEAST 2 M,2015,Year,BLM rangeland acres (millions),acres,BLM rangeland acres (millions) with at least 20% of land having intercanopy gaps of at least 2 meters in length ,36,BLM rangeland acres (millions) with at least 20% of land having intercanopy gaps of at least 2 meters in length ,
45. Estimated BLM range acres that meet this condition,18,BLM,NA,71576202.00,3014734.00,0.04,67712665.00,75439739.00,AT LEAST 20% OF THE LAND HAS INTERCANOPY GAPS OF AT LEAST 2 M,2015,Year,BLM rangeland acres (millions),acres,BLM rangeland acres (millions) with at least 20% of land having intercanopy gaps of at least 2 meters in length ,36,BLM rangeland acres (millions) with at least 20% of land having intercanopy gaps of at least 2 meters in length ,
45. Estimated BLM range acres that meet this condition,18,BLM,1,8742539.00,821367.00,0.09,7689915.00,9795163.00,AT LEAST 20% OF THE LAND HAS INTERCANOPY GAPS OF AT LEAST 2 M,2012,Year,BLM rangeland acres (millions),acres,BLM rangeland acres (millions) with at least 20% of land having intercanopy gaps of at least 2 meters in length ,36,BLM rangeland acres (millions) with at least 20% of land having intercanopy gaps of at least 2 meters in length ,
45. Estimated BLM range acres that meet this condition,18,BLM,1,4851875.00,421271.00,0.09,4311994.00,5391755.00,AT LEAST 20% OF THE LAND HAS INTERCANOPY GAPS OF AT LEAST 2 M,2016,Year,BLM rangeland acres (millions),acres,BLM rangeland acres (millions) with at least 20% of land having intercanopy gaps of at least 2 meters in length ,36,BLM rangeland acres (millions) with at least 20% of land having intercanopy gaps of at least 2 meters in length ,
45. Estimated BLM range acres that meet this condition,18,BLM,NA,39741401.00,3305995.00,0.08,35504598.00,43978203.00,AT LEAST 20% OF THE LAND HAS INTERCANOPY GAPS OF AT LEAST 2 M,2019,Year,BLM rangeland acres (millions),acres,BLM rangeland acres (millions) with at least 20% of land having intercanopy gaps of at least 2 meters in length ,36,BLM rangeland acres (millions) with at least 20% of land having intercanopy gaps of at least 2 meters in length ,
45. Estimated BLM range acres that meet this condition,18,BLM,2,56689890.00,2942757.00,0.05,52918596.00,60461185.00,AT LEAST 20% OF THE LAND HAS INTERCANOPY GAPS OF AT LEAST 2 M,2012,Year,BLM rangeland acres (millions),acres,BLM rangeland acres (millions) with at least 20% of land having intercanopy gaps of at least 2 meters in length ,36,BLM rangeland acres (millions) with at least 20% of land having intercanopy gaps of at least 2 meters in length ,
45. Estimated BLM range acres that meet this condition,18,BLM,NA,49005515.00,1779166.00,0.04,46725423.00,51285607.00,AT LEAST 20% OF THE LAND HAS INTERCANOPY GAPS OF AT LEAST 2 M,2016,Year,BLM rangeland acres (millions),acres,BLM rangeland acres (millions) with at least 20% of land having intercanopy gaps of at least 2 meters in length ,36,BLM rangeland acres (millions) with at least 20% of land having intercanopy gaps of at least 2 meters in length ,
45. Estimated BLM range acres that meet this condition,18,BLM,NA,59365937.00,2774869.00,0.05,55809799.00,62922075.00,AT LEAST 20% OF THE LAND HAS INTERCANOPY GAPS OF AT LEAST 2 M,2017,Year,BLM rangeland acres (millions),acres,BLM rangeland acres (millions) with at least 20% of land having intercanopy gaps of at least 2 meters in length ,36,BLM rangeland acres (millions) with at least 20% of land having intercanopy gaps of at least 2 meters in length ,
45. Estimated BLM range acres that meet this condition,18,BLM,2,44153640.00,1786631.00,0.04,41863981.00,46443299.00,AT LEAST 20% OF THE LAND HAS INTERCANOPY GAPS OF AT LEAST 2 M,2016,Year,BLM rangeland acres (millions),acres,BLM rangeland acres (millions) with at least 20% of land having intercanopy gaps of at least 2 meters in length ,36,BLM rangeland acres (millions) with at least 20% of land having intercanopy gaps of at least 2 meters in length ,
45. Estimated BLM range acres that meet this condition,18,BLM,1,9953541.00,757974.00,0.08,8982159.00,10924924.00,AT LEAST 20% OF THE LAND HAS INTERCANOPY GAPS OF AT LEAST 2 M,2014,Year,BLM rangeland acres (millions),acres,BLM rangeland acres (millions) with at least 20% of land having intercanopy gaps of at least 2 meters in length ,36,BLM rangeland acres (millions) with at least 20% of land having intercanopy gaps of at least 2 meters in length ,
45. Estimated BLM range acres that meet this condition,18,BLM,2,57997997.00,2162542.00,0.04,55226588.00,60769407.00,AT LEAST 20% OF THE LAND HAS INTERCANOPY GAPS OF AT LEAST 2 M,2014,Year,BLM rangeland acres (millions),acres,BLM rangeland acres (millions) with at least 20% of land having intercanopy gaps of at least 2 meters in length ,36,BLM rangeland acres (millions) with at least 20% of land having intercanopy gaps of at least 2 meters in length ,
45. Estimated BLM range acres that meet this condition,18,BLM,1,6592114.00,702168.00,0.11,5692249.00,7491979.00,AT LEAST 20% OF THE LAND HAS INTERCANOPY GAPS OF AT LEAST 2 M,2017,Year,BLM rangeland acres (millions),acres,BLM rangeland acres (millions) with at least 20% of land having intercanopy gaps of at least 2 meters in length ,36,BLM rangeland acres (millions) with at least 20% of land having intercanopy gaps of at least 2 meters in length ,
45. Estimated BLM range acres that meet this condition,18,BLM,2,52773824.00,2614056.00,0.05,49423777.00,56123870.00,AT LEAST 20% OF THE LAND HAS INTERCANOPY GAPS OF AT LEAST 2 M,2017,Year,BLM rangeland acres (millions),acres,BLM rangeland acres (millions) with at least 20% of land having intercanopy gaps of at least 2 meters in length ,36,BLM rangeland acres (millions) with at least 20% of land having intercanopy gaps of at least 2 meters in length ,
45. Estimated BLM range acres that meet this condition,18,BLM,1,8200395.00,655790.00,0.08,7359966.00,9040824.00,AT LEAST 20% OF THE LAND HAS INTERCANOPY GAPS OF AT LEAST 2 M,2015,Year,BLM rangeland acres (millions),acres,BLM rangeland acres (millions) with at least 20% of land having intercanopy gaps of at least 2 meters in length ,36,BLM rangeland acres (millions) with at least 20% of land having intercanopy gaps of at least 2 meters in length ,
45. Estimated BLM range acres that meet this condition,18,BLM,1,6158473.00,736412.00,0.12,5214723.00,7102222.00,AT LEAST 20% OF THE LAND HAS INTERCANOPY GAPS OF AT LEAST 2 M,2018,Year,BLM rangeland acres (millions),acres,BLM rangeland acres (millions) with at least 20% of land having intercanopy gaps of at least 2 meters in length ,36,BLM rangeland acres (millions) with at least 20% of land having intercanopy gaps of at least 2 meters in length ,
45. Estimated BLM range acres that meet this condition,18,BLM,2,53242664.00,2082093.00,0.04,50574354.00,55910974.00,AT LEAST 20% OF THE LAND HAS INTERCANOPY GAPS OF AT LEAST 2 M,2018,Year,BLM rangeland acres (millions),acres,BLM rangeland acres (millions) with at least 20% of land having intercanopy gaps of at least 2 meters in length ,36,BLM rangeland acres (millions) with at least 20% of land having intercanopy gaps of at least 2 meters in length ,
45. Estimated BLM range acres that meet this condition,18,BLM,2,33904873.00,3229271.00,0.10,29766396.00,38043350.00,AT LEAST 20% OF THE LAND HAS INTERCANOPY GAPS OF AT LEAST 2 M,2019,Year,BLM rangeland acres (millions),acres,BLM rangeland acres (millions) with at least 20% of land having intercanopy gaps of at least 2 meters in length ,36,BLM rangeland acres (millions) with at least 20% of land having intercanopy gaps of at least 2 meters in length ,
45. Estimated BLM range acres that meet this condition,18,BLM,1,5836528.00,563251.00,0.10,5114693.00,6558363.00,AT LEAST 20% OF THE LAND HAS INTERCANOPY GAPS OF AT LEAST 2 M,2019,Year,BLM rangeland acres (millions),acres,BLM rangeland acres (millions) with at least 20% of land having intercanopy gaps of at least 2 meters in length ,36,BLM rangeland acres (millions) with at least 20% of land having intercanopy gaps of at least 2 meters in length ,
46. Estimated % of BLM range acres that meet this condition,19,BLM,NA,12.52,1.87,0.15,10.12,14.91,AT LEAST 20% OF THE LAND HAS INTERCANOPY GAPS OF AT LEAST 2 M AND THE GAPS ARE AT LEAST 50% BARE GROUND,2011,Year,Percent of rangeland acres on BLM-administered lands ,percent,Proportion of BLM rangelands with at least 20% of land having intercanopy gaps of at least 2 meters and gaps are at least 50% bare ground (80% confidence interval) ,37,Proportion of BLM rangelands where at least 20% of land has intercanopy gaps of at least 2 meters and at least 50% bare ground (80% confidence interval),
46. Estimated % of BLM range acres that meet this condition,19,BLM,NA,22.74,1.82,0.08,20.40,25.07,AT LEAST 20% OF THE LAND HAS INTERCANOPY GAPS OF AT LEAST 2 M AND THE GAPS ARE AT LEAST 50% BARE GROUND,2012,Year,Percent of rangeland acres on BLM-administered lands ,percent,Proportion of BLM rangelands with at least 20% of land having intercanopy gaps of at least 2 meters and gaps are at least 50% bare ground (80% confidence interval) ,37,Proportion of BLM rangelands where at least 20% of land has intercanopy gaps of at least 2 meters and at least 50% bare ground (80% confidence interval),
46. Estimated % of BLM range acres that meet this condition,19,BLM,2,16.60,3.03,0.18,12.71,20.48,AT LEAST 20% OF THE LAND HAS INTERCANOPY GAPS OF AT LEAST 2 M AND THE GAPS ARE AT LEAST 50% BARE GROUND,2011,Year,Percent of rangeland acres on BLM-administered lands ,percent,Proportion of BLM rangelands with at least 20% of land having intercanopy gaps of at least 2 meters and gaps are at least 50% bare ground (80% confidence interval) ,37,Proportion of BLM rangelands where at least 20% of land has intercanopy gaps of at least 2 meters and at least 50% bare ground (80% confidence interval),
46. Estimated % of BLM range acres that meet this condition,19,BLM,1,9.87,1.20,0.12,8.33,11.40,AT LEAST 20% OF THE LAND HAS INTERCANOPY GAPS OF AT LEAST 2 M AND THE GAPS ARE AT LEAST 50% BARE GROUND,2012,Year,Percent of rangeland acres on BLM-administered lands ,percent,Proportion of BLM rangelands with at least 20% of land having intercanopy gaps of at least 2 meters and gaps are at least 50% bare ground (80% confidence interval) ,37,Proportion of BLM rangelands where at least 20% of land has intercanopy gaps of at least 2 meters and at least 50% bare ground (80% confidence interval),
46. Estimated % of BLM range acres that meet this condition,19,BLM,2,23.21,1.52,0.07,21.27,25.15,AT LEAST 20% OF THE LAND HAS INTERCANOPY GAPS OF AT LEAST 2 M AND THE GAPS ARE AT LEAST 50% BARE GROUND,2015,Year,Percent of rangeland acres on BLM-administered lands ,percent,Proportion of BLM rangelands with at least 20% of land having intercanopy gaps of at least 2 meters and gaps are at least 50% bare ground (80% confidence interval) ,37,Proportion of BLM rangelands where at least 20% of land has intercanopy gaps of at least 2 meters and at least 50% bare ground (80% confidence interval),
46. Estimated % of BLM range acres that meet this condition,19,BLM,1,8.38,0.81,0.10,7.34,9.43,AT LEAST 20% OF THE LAND HAS INTERCANOPY GAPS OF AT LEAST 2 M AND THE GAPS ARE AT LEAST 50% BARE GROUND,2015,Year,Percent of rangeland acres on BLM-administered lands ,percent,Proportion of BLM rangelands with at least 20% of land having intercanopy gaps of at least 2 meters and gaps are at least 50% bare ground (80% confidence interval) ,37,Proportion of BLM rangelands where at least 20% of land has intercanopy gaps of at least 2 meters and at least 50% bare ground (80% confidence interval),
46. Estimated % of BLM range acres that meet this condition,19,BLM,NA,16.52,1.38,0.08,14.75,18.29,AT LEAST 20% OF THE LAND HAS INTERCANOPY GAPS OF AT LEAST 2 M AND THE GAPS ARE AT LEAST 50% BARE GROUND,2014,Year,Percent of rangeland acres on BLM-administered lands ,percent,Proportion of BLM rangelands with at least 20% of land having intercanopy gaps of at least 2 meters and gaps are at least 50% bare ground (80% confidence interval) ,37,Proportion of BLM rangelands where at least 20% of land has intercanopy gaps of at least 2 meters and at least 50% bare ground (80% confidence interval),
46. Estimated % of BLM range acres that meet this condition,19,BLM,2,29.52,2.72,0.09,26.04,33.00,AT LEAST 20% OF THE LAND HAS INTERCANOPY GAPS OF AT LEAST 2 M AND THE GAPS ARE AT LEAST 50% BARE GROUND,2012,Year,Percent of rangeland acres on BLM-administered lands ,percent,Proportion of BLM rangelands with at least 20% of land having intercanopy gaps of at least 2 meters and gaps are at least 50% bare ground (80% confidence interval) ,37,Proportion of BLM rangelands where at least 20% of land has intercanopy gaps of at least 2 meters and at least 50% bare ground (80% confidence interval),
46. Estimated % of BLM range acres that meet this condition,19,BLM,1,4.72,1.31,0.28,3.04,6.40,AT LEAST 20% OF THE LAND HAS INTERCANOPY GAPS OF AT LEAST 2 M AND THE GAPS ARE AT LEAST 50% BARE GROUND,2011,Year,Percent of rangeland acres on BLM-administered lands ,percent,Proportion of BLM rangelands with at least 20% of land having intercanopy gaps of at least 2 meters and gaps are at least 50% bare ground (80% confidence interval) ,37,Proportion of BLM rangelands where at least 20% of land has intercanopy gaps of at least 2 meters and at least 50% bare ground (80% confidence interval),
46. Estimated % of BLM range acres that meet this condition,19,BLM,NA,15.61,1.06,0.07,14.25,16.98,AT LEAST 20% OF THE LAND HAS INTERCANOPY GAPS OF AT LEAST 2 M AND THE GAPS ARE AT LEAST 50% BARE GROUND,2016,Year,Percent of rangeland acres on BLM-administered lands ,percent,Proportion of BLM rangelands with at least 20% of land having intercanopy gaps of at least 2 meters and gaps are at least 50% bare ground (80% confidence interval) ,37,Proportion of BLM rangelands where at least 20% of land has intercanopy gaps of at least 2 meters and at least 50% bare ground (80% confidence interval),
46. Estimated % of BLM range acres that meet this condition,19,BLM,NA,18.34,1.00,0.06,17.05,19.63,AT LEAST 20% OF THE LAND HAS INTERCANOPY GAPS OF AT LEAST 2 M AND THE GAPS ARE AT LEAST 50% BARE GROUND,2015,Year,Percent of rangeland acres on BLM-administered lands ,percent,Proportion of BLM rangelands with at least 20% of land having intercanopy gaps of at least 2 meters and gaps are at least 50% bare ground (80% confidence interval) ,37,Proportion of BLM rangelands where at least 20% of land has intercanopy gaps of at least 2 meters and at least 50% bare ground (80% confidence interval),
46. Estimated % of BLM range acres that meet this condition,19,BLM,1,10.22,1.14,0.11,8.76,11.68,AT LEAST 20% OF THE LAND HAS INTERCANOPY GAPS OF AT LEAST 2 M AND THE GAPS ARE AT LEAST 50% BARE GROUND,2014,Year,Percent of rangeland acres on BLM-administered lands ,percent,Proportion of BLM rangelands with at least 20% of land having intercanopy gaps of at least 2 meters and gaps are at least 50% bare ground (80% confidence interval) ,37,Proportion of BLM rangelands where at least 20% of land has intercanopy gaps of at least 2 meters and at least 50% bare ground (80% confidence interval),
46. Estimated % of BLM range acres that meet this condition,19,BLM,2,19.54,1.84,0.09,17.18,21.91,AT LEAST 20% OF THE LAND HAS INTERCANOPY GAPS OF AT LEAST 2 M AND THE GAPS ARE AT LEAST 50% BARE GROUND,2014,Year,Percent of rangeland acres on BLM-administered lands ,percent,Proportion of BLM rangelands with at least 20% of land having intercanopy gaps of at least 2 meters and gaps are at least 50% bare ground (80% confidence interval) ,37,Proportion of BLM rangelands where at least 20% of land has intercanopy gaps of at least 2 meters and at least 50% bare ground (80% confidence interval),
46. Estimated % of BLM range acres that meet this condition,19,BLM,NA,10.64,1.59,0.15,8.60,12.69,AT LEAST 20% OF THE LAND HAS INTERCANOPY GAPS OF AT LEAST 2 M AND THE GAPS ARE AT LEAST 50% BARE GROUND,2019,Year,Percent of rangeland acres on BLM-administered lands ,percent,Proportion of BLM rangelands with at least 20% of land having intercanopy gaps of at least 2 meters and gaps are at least 50% bare ground (80% confidence interval) ,37,Proportion of BLM rangelands where at least 20% of land has intercanopy gaps of at least 2 meters and at least 50% bare ground (80% confidence interval),
46. Estimated % of BLM range acres that meet this condition,19,BLM,1,6.17,0.85,0.14,5.09,7.26,AT LEAST 20% OF THE LAND HAS INTERCANOPY GAPS OF AT LEAST 2 M AND THE GAPS ARE AT LEAST 50% BARE GROUND,2019,Year,Percent of rangeland acres on BLM-administered lands ,percent,Proportion of BLM rangelands with at least 20% of land having intercanopy gaps of at least 2 meters and gaps are at least 50% bare ground (80% confidence interval) ,37,Proportion of BLM rangelands where at least 20% of land has intercanopy gaps of at least 2 meters and at least 50% bare ground (80% confidence interval),
46. Estimated % of BLM range acres that meet this condition,19,BLM,1,4.98,0.64,0.13,4.16,5.79,AT LEAST 20% OF THE LAND HAS INTERCANOPY GAPS OF AT LEAST 2 M AND THE GAPS ARE AT LEAST 50% BARE GROUND,2016,Year,Percent of rangeland acres on BLM-administered lands ,percent,Proportion of BLM rangelands with at least 20% of land having intercanopy gaps of at least 2 meters and gaps are at least 50% bare ground (80% confidence interval) ,37,Proportion of BLM rangelands where at least 20% of land has intercanopy gaps of at least 2 meters and at least 50% bare ground (80% confidence interval),
46. Estimated % of BLM range acres that meet this condition,19,BLM,NA,15.39,1.69,0.11,13.23,17.55,AT LEAST 20% OF THE LAND HAS INTERCANOPY GAPS OF AT LEAST 2 M AND THE GAPS ARE AT LEAST 50% BARE GROUND,2018,Year,Percent of rangeland acres on BLM-administered lands ,percent,Proportion of BLM rangelands with at least 20% of land having intercanopy gaps of at least 2 meters and gaps are at least 50% bare ground (80% confidence interval) ,37,Proportion of BLM rangelands where at least 20% of land has intercanopy gaps of at least 2 meters and at least 50% bare ground (80% confidence interval),
46. Estimated % of BLM range acres that meet this condition,19,BLM,2,22.15,2.11,0.10,19.45,24.85,AT LEAST 20% OF THE LAND HAS INTERCANOPY GAPS OF AT LEAST 2 M AND THE GAPS ARE AT LEAST 50% BARE GROUND,2017,Year,Percent of rangeland acres on BLM-administered lands ,percent,Proportion of BLM rangelands with at least 20% of land having intercanopy gaps of at least 2 meters and gaps are at least 50% bare ground (80% confidence interval) ,37,Proportion of BLM rangelands where at least 20% of land has intercanopy gaps of at least 2 meters and at least 50% bare ground (80% confidence interval),
46. Estimated % of BLM range acres that meet this condition,19,BLM,2,13.00,2.30,0.18,10.05,15.95,AT LEAST 20% OF THE LAND HAS INTERCANOPY GAPS OF AT LEAST 2 M AND THE GAPS ARE AT LEAST 50% BARE GROUND,2019,Year,Percent of rangeland acres on BLM-administered lands ,percent,Proportion of BLM rangelands with at least 20% of land having intercanopy gaps of at least 2 meters and gaps are at least 50% bare ground (80% confidence interval) ,37,Proportion of BLM rangelands where at least 20% of land has intercanopy gaps of at least 2 meters and at least 50% bare ground (80% confidence interval),
46. Estimated % of BLM range acres that meet this condition,19,BLM,2,20.83,1.63,0.08,18.74,22.92,AT LEAST 20% OF THE LAND HAS INTERCANOPY GAPS OF AT LEAST 2 M AND THE GAPS ARE AT LEAST 50% BARE GROUND,2016,Year,Percent of rangeland acres on BLM-administered lands ,percent,Proportion of BLM rangelands with at least 20% of land having intercanopy gaps of at least 2 meters and gaps are at least 50% bare ground (80% confidence interval) ,37,Proportion of BLM rangelands where at least 20% of land has intercanopy gaps of at least 2 meters and at least 50% bare ground (80% confidence interval),
46. Estimated % of BLM range acres that meet this condition,19,BLM,2,20.00,2.43,0.12,16.88,23.12,AT LEAST 20% OF THE LAND HAS INTERCANOPY GAPS OF AT LEAST 2 M AND THE GAPS ARE AT LEAST 50% BARE GROUND,2018,Year,Percent of rangeland acres on BLM-administered lands ,percent,Proportion of BLM rangelands with at least 20% of land having intercanopy gaps of at least 2 meters and gaps are at least 50% bare ground (80% confidence interval) ,37,Proportion of BLM rangelands where at least 20% of land has intercanopy gaps of at least 2 meters and at least 50% bare ground (80% confidence interval),
46. Estimated % of BLM range acres that meet this condition,19,BLM,1,5.78,0.93,0.16,4.58,6.97,AT LEAST 20% OF THE LAND HAS INTERCANOPY GAPS OF AT LEAST 2 M AND THE GAPS ARE AT LEAST 50% BARE GROUND,2017,Year,Percent of rangeland acres on BLM-administered lands ,percent,Proportion of BLM rangelands with at least 20% of land having intercanopy gaps of at least 2 meters and gaps are at least 50% bare ground (80% confidence interval) ,37,Proportion of BLM rangelands where at least 20% of land has intercanopy gaps of at least 2 meters and at least 50% bare ground (80% confidence interval),
46. Estimated % of BLM range acres that meet this condition,19,BLM,1,6.31,0.96,0.15,5.08,7.53,AT LEAST 20% OF THE LAND HAS INTERCANOPY GAPS OF AT LEAST 2 M AND THE GAPS ARE AT LEAST 50% BARE GROUND,2018,Year,Percent of rangeland acres on BLM-administered lands ,percent,Proportion of BLM rangelands with at least 20% of land having intercanopy gaps of at least 2 meters and gaps are at least 50% bare ground (80% confidence interval) ,37,Proportion of BLM rangelands where at least 20% of land has intercanopy gaps of at least 2 meters and at least 50% bare ground (80% confidence interval),
46. Estimated % of BLM range acres that meet this condition,19,BLM,NA,16.63,1.36,0.08,14.89,18.37,AT LEAST 20% OF THE LAND HAS INTERCANOPY GAPS OF AT LEAST 2 M AND THE GAPS ARE AT LEAST 50% BARE GROUND,2017,Year,Percent of rangeland acres on BLM-administered lands ,percent,Proportion of BLM rangelands with at least 20% of land having intercanopy gaps of at least 2 meters and gaps are at least 50% bare ground (80% confidence interval) ,37,Proportion of BLM rangelands where at least 20% of land has intercanopy gaps of at least 2 meters and at least 50% bare ground (80% confidence interval),
48. Estimated BLM range acres that meet this condition,19,BLM,2,29613699.00,2711136.00,0.09,26139239.00,33088160.00,AT LEAST 20% OF THE LAND HAS INTERCANOPY GAPS OF AT LEAST 2 M AND THE GAPS ARE AT LEAST 50% BARE GROUND,2012,Year,BLM rangeland acres (millions),acres,BLM rangeland acres (millions) with at least 20% of land having intercanopy gaps of at least 2 meters and gaps are at least 50% bare ground,38,BLM rangeland acres (millions) where at least 20% of land has intercanopy gaps of at least 2 meters and at least 50% bare ground,
48. Estimated BLM range acres that meet this condition,19,BLM,1,5215832.00,649347.00,0.12,4383660.00,6048003.00,AT LEAST 20% OF THE LAND HAS INTERCANOPY GAPS OF AT LEAST 2 M AND THE GAPS ARE AT LEAST 50% BARE GROUND,2012,Year,BLM rangeland acres (millions),acres,BLM rangeland acres (millions) with at least 20% of land having intercanopy gaps of at least 2 meters and gaps are at least 50% bare ground,38,BLM rangeland acres (millions) where at least 20% of land has intercanopy gaps of at least 2 meters and at least 50% bare ground,
48. Estimated BLM range acres that meet this condition,19,BLM,1,2448867.00,641065.00,0.26,1627022.00,3270712.00,AT LEAST 20% OF THE LAND HAS INTERCANOPY GAPS OF AT LEAST 2 M AND THE GAPS ARE AT LEAST 50% BARE GROUND,2011,Year,BLM rangeland acres (millions),acres,BLM rangeland acres (millions) with at least 20% of land having intercanopy gaps of at least 2 meters and gaps are at least 50% bare ground,38,BLM rangeland acres (millions) where at least 20% of land has intercanopy gaps of at least 2 meters and at least 50% bare ground,
48. Estimated BLM range acres that meet this condition,19,BLM,1,4441872.00,438820.00,0.10,3879501.00,5004243.00,AT LEAST 20% OF THE LAND HAS INTERCANOPY GAPS OF AT LEAST 2 M AND THE GAPS ARE AT LEAST 50% BARE GROUND,2015,Year,BLM rangeland acres (millions),acres,BLM rangeland acres (millions) with at least 20% of land having intercanopy gaps of at least 2 meters and gaps are at least 50% bare ground,38,BLM rangeland acres (millions) where at least 20% of land has intercanopy gaps of at least 2 meters and at least 50% bare ground,
48. Estimated BLM range acres that meet this condition,19,BLM,NA,18914172.00,2723910.00,0.14,15422119.00,22406225.00,AT LEAST 20% OF THE LAND HAS INTERCANOPY GAPS OF AT LEAST 2 M AND THE GAPS ARE AT LEAST 50% BARE GROUND,2011,Year,BLM rangeland acres (millions),acres,BLM rangeland acres (millions) with at least 20% of land having intercanopy gaps of at least 2 meters and gaps are at least 50% bare ground,38,BLM rangeland acres (millions) where at least 20% of land has intercanopy gaps of at least 2 meters and at least 50% bare ground,
48. Estimated BLM range acres that meet this condition,19,BLM,NA,34829531.00,2810371.00,0.08,31227896.00,38431167.00,AT LEAST 20% OF THE LAND HAS INTERCANOPY GAPS OF AT LEAST 2 M AND THE GAPS ARE AT LEAST 50% BARE GROUND,2012,Year,BLM rangeland acres (millions),acres,BLM rangeland acres (millions) with at least 20% of land having intercanopy gaps of at least 2 meters and gaps are at least 50% bare ground,38,BLM rangeland acres (millions) where at least 20% of land has intercanopy gaps of at least 2 meters and at least 50% bare ground,
48. Estimated BLM range acres that meet this condition,19,BLM,NA,25311640.00,1706525.00,0.07,23124640.00,27498639.00,AT LEAST 20% OF THE LAND HAS INTERCANOPY GAPS OF AT LEAST 2 M AND THE GAPS ARE AT LEAST 50% BARE GROUND,2016,Year,BLM rangeland acres (millions),acres,BLM rangeland acres (millions) with at least 20% of land having intercanopy gaps of at least 2 meters and gaps are at least 50% bare ground,38,BLM rangeland acres (millions) where at least 20% of land has intercanopy gaps of at least 2 meters and at least 50% bare ground,
48. Estimated BLM range acres that meet this condition,19,BLM,2,25159071.00,1572021.00,0.06,23144445.00,27173697.00,AT LEAST 20% OF THE LAND HAS INTERCANOPY GAPS OF AT LEAST 2 M AND THE GAPS ARE AT LEAST 50% BARE GROUND,2015,Year,BLM rangeland acres (millions),acres,BLM rangeland acres (millions) with at least 20% of land having intercanopy gaps of at least 2 meters and gaps are at least 50% bare ground,38,BLM rangeland acres (millions) where at least 20% of land has intercanopy gaps of at least 2 meters and at least 50% bare ground,
48. Estimated BLM range acres that meet this condition,19,BLM,2,21642134.00,2006981.00,0.09,19070083.00,24214184.00,AT LEAST 20% OF THE LAND HAS INTERCANOPY GAPS OF AT LEAST 2 M AND THE GAPS ARE AT LEAST 50% BARE GROUND,2014,Year,BLM rangeland acres (millions),acres,BLM rangeland acres (millions) with at least 20% of land having intercanopy gaps of at least 2 meters and gaps are at least 50% bare ground,38,BLM rangeland acres (millions) where at least 20% of land has intercanopy gaps of at least 2 meters and at least 50% bare ground,
48. Estimated BLM range acres that meet this condition,19,BLM,2,16465305.00,2673769.00,0.16,13037534.00,19893076.00,AT LEAST 20% OF THE LAND HAS INTERCANOPY GAPS OF AT LEAST 2 M AND THE GAPS ARE AT LEAST 50% BARE GROUND,2011,Year,BLM rangeland acres (millions),acres,BLM rangeland acres (millions) with at least 20% of land having intercanopy gaps of at least 2 meters and gaps are at least 50% bare ground,38,BLM rangeland acres (millions) where at least 20% of land has intercanopy gaps of at least 2 meters and at least 50% bare ground,
48. Estimated BLM range acres that meet this condition,19,BLM,1,3301398.00,497209.00,0.15,2664200.00,3938597.00,AT LEAST 20% OF THE LAND HAS INTERCANOPY GAPS OF AT LEAST 2 M AND THE GAPS ARE AT LEAST 50% BARE GROUND,2018,Year,BLM rangeland acres (millions),acres,BLM rangeland acres (millions) with at least 20% of land having intercanopy gaps of at least 2 meters and gaps are at least 50% bare ground,38,BLM rangeland acres (millions) where at least 20% of land has intercanopy gaps of at least 2 meters and at least 50% bare ground,
48. Estimated BLM range acres that meet this condition,19,BLM,1,2654492.00,341512.00,0.13,2216827.00,3092157.00,AT LEAST 20% OF THE LAND HAS INTERCANOPY GAPS OF AT LEAST 2 M AND THE GAPS ARE AT LEAST 50% BARE GROUND,2016,Year,BLM rangeland acres (millions),acres,BLM rangeland acres (millions) with at least 20% of land having intercanopy gaps of at least 2 meters and gaps are at least 50% bare ground,38,BLM rangeland acres (millions) where at least 20% of land has intercanopy gaps of at least 2 meters and at least 50% bare ground,
48. Estimated BLM range acres that meet this condition,19,BLM,1,5434926.00,600648.00,0.11,4665165.00,6204688.00,AT LEAST 20% OF THE LAND HAS INTERCANOPY GAPS OF AT LEAST 2 M AND THE GAPS ARE AT LEAST 50% BARE GROUND,2014,Year,BLM rangeland acres (millions),acres,BLM rangeland acres (millions) with at least 20% of land having intercanopy gaps of at least 2 meters and gaps are at least 50% bare ground,38,BLM rangeland acres (millions) where at least 20% of land has intercanopy gaps of at least 2 meters and at least 50% bare ground,
48. Estimated BLM range acres that meet this condition,19,BLM,NA,29600943.00,1565073.00,0.05,27595221.00,31606665.00,AT LEAST 20% OF THE LAND HAS INTERCANOPY GAPS OF AT LEAST 2 M AND THE GAPS ARE AT LEAST 50% BARE GROUND,2015,Year,BLM rangeland acres (millions),acres,BLM rangeland acres (millions) with at least 20% of land having intercanopy gaps of at least 2 meters and gaps are at least 50% bare ground,38,BLM rangeland acres (millions) where at least 20% of land has intercanopy gaps of at least 2 meters and at least 50% bare ground,
48. Estimated BLM range acres that meet this condition,19,BLM,NA,23909820.00,2736955.00,0.11,20402271.00,27417369.00,AT LEAST 20% OF THE LAND HAS INTERCANOPY GAPS OF AT LEAST 2 M AND THE GAPS ARE AT LEAST 50% BARE GROUND,2018,Year,BLM rangeland acres (millions),acres,BLM rangeland acres (millions) with at least 20% of land having intercanopy gaps of at least 2 meters and gaps are at least 50% bare ground,38,BLM rangeland acres (millions) where at least 20% of land has intercanopy gaps of at least 2 meters and at least 50% bare ground,
48. Estimated BLM range acres that meet this condition,19,BLM,NA,26375258.00,2125274.00,0.08,23651610.00,29098907.00,AT LEAST 20% OF THE LAND HAS INTERCANOPY GAPS OF AT LEAST 2 M AND THE GAPS ARE AT LEAST 50% BARE GROUND,2017,Year,BLM rangeland acres (millions),acres,BLM rangeland acres (millions) with at least 20% of land having intercanopy gaps of at least 2 meters and gaps are at least 50% bare ground,38,BLM rangeland acres (millions) where at least 20% of land has intercanopy gaps of at least 2 meters and at least 50% bare ground,
48. Estimated BLM range acres that meet this condition,19,BLM,2,22657148.00,1732334.00,0.08,20437072.00,24877223.00,AT LEAST 20% OF THE LAND HAS INTERCANOPY GAPS OF AT LEAST 2 M AND THE GAPS ARE AT LEAST 50% BARE GROUND,2016,Year,BLM rangeland acres (millions),acres,BLM rangeland acres (millions) with at least 20% of land having intercanopy gaps of at least 2 meters and gaps are at least 50% bare ground,38,BLM rangeland acres (millions) where at least 20% of land has intercanopy gaps of at least 2 meters and at least 50% bare ground,
48. Estimated BLM range acres that meet this condition,19,BLM,2,23289012.00,2131709.00,0.09,20557117.00,26020908.00,AT LEAST 20% OF THE LAND HAS INTERCANOPY GAPS OF AT LEAST 2 M AND THE GAPS ARE AT LEAST 50% BARE GROUND,2017,Year,BLM rangeland acres (millions),acres,BLM rangeland acres (millions) with at least 20% of land having intercanopy gaps of at least 2 meters and gaps are at least 50% bare ground,38,BLM rangeland acres (millions) where at least 20% of land has intercanopy gaps of at least 2 meters and at least 50% bare ground,
48. Estimated BLM range acres that meet this condition,19,BLM,2,13001148.00,2339841.00,0.18,10002520.00,15999775.00,AT LEAST 20% OF THE LAND HAS INTERCANOPY GAPS OF AT LEAST 2 M AND THE GAPS ARE AT LEAST 50% BARE GROUND,2019,Year,BLM rangeland acres (millions),acres,BLM rangeland acres (millions) with at least 20% of land having intercanopy gaps of at least 2 meters and gaps are at least 50% bare ground,38,BLM rangeland acres (millions) where at least 20% of land has intercanopy gaps of at least 2 meters and at least 50% bare ground,
48. Estimated BLM range acres that meet this condition,19,BLM,NA,16256108.00,2449700.00,0.15,13116691.00,19395525.00,AT LEAST 20% OF THE LAND HAS INTERCANOPY GAPS OF AT LEAST 2 M AND THE GAPS ARE AT LEAST 50% BARE GROUND,2019,Year,BLM rangeland acres (millions),acres,BLM rangeland acres (millions) with at least 20% of land having intercanopy gaps of at least 2 meters and gaps are at least 50% bare ground,38,BLM rangeland acres (millions) where at least 20% of land has intercanopy gaps of at least 2 meters and at least 50% bare ground,
48. Estimated BLM range acres that meet this condition,19,BLM,1,3086246.00,508801.00,0.17,2434191.00,3738301.00,AT LEAST 20% OF THE LAND HAS INTERCANOPY GAPS OF AT LEAST 2 M AND THE GAPS ARE AT LEAST 50% BARE GROUND,2017,Year,BLM rangeland acres (millions),acres,BLM rangeland acres (millions) with at least 20% of land having intercanopy gaps of at least 2 meters and gaps are at least 50% bare ground,38,BLM rangeland acres (millions) where at least 20% of land has intercanopy gaps of at least 2 meters and at least 50% bare ground,
48. Estimated BLM range acres that meet this condition,19,BLM,NA,27077060.00,2239930.00,0.08,24206474.00,29947645.00,AT LEAST 20% OF THE LAND HAS INTERCANOPY GAPS OF AT LEAST 2 M AND THE GAPS ARE AT LEAST 50% BARE GROUND,2014,Year,BLM rangeland acres (millions),acres,BLM rangeland acres (millions) with at least 20% of land having intercanopy gaps of at least 2 meters and gaps are at least 50% bare ground,38,BLM rangeland acres (millions) where at least 20% of land has intercanopy gaps of at least 2 meters and at least 50% bare ground,
48. Estimated BLM range acres that meet this condition,19,BLM,1,3254961.00,447489.00,0.14,2681480.00,3828441.00,AT LEAST 20% OF THE LAND HAS INTERCANOPY GAPS OF AT LEAST 2 M AND THE GAPS ARE AT LEAST 50% BARE GROUND,2019,Year,BLM rangeland acres (millions),acres,BLM rangeland acres (millions) with at least 20% of land having intercanopy gaps of at least 2 meters and gaps are at least 50% bare ground,38,BLM rangeland acres (millions) where at least 20% of land has intercanopy gaps of at least 2 meters and at least 50% bare ground,
48. Estimated BLM range acres that meet this condition,19,BLM,2,20608422.00,2597656.00,0.13,17279392.00,23937452.00,AT LEAST 20% OF THE LAND HAS INTERCANOPY GAPS OF AT LEAST 2 M AND THE GAPS ARE AT LEAST 50% BARE GROUND,2018,Year,BLM rangeland acres (millions),acres,BLM rangeland acres (millions) with at least 20% of land having intercanopy gaps of at least 2 meters and gaps are at least 50% bare ground,38,BLM rangeland acres (millions) where at least 20% of land has intercanopy gaps of at least 2 meters and at least 50% bare ground,
49. Percent of Bare Ground on BLM range,20,BLM,2,28.13,1.13,0.04,26.68,29.57, PERCENT OF BARE GROUND ON BLM RANGE,2014,Year,Percent cover of bare ground on BLM range,percent,Average amount of bare ground on BLM rangelands (80% confidence interval) ,39,Percent cover of bare ground on BLM rangelands (80% confidence interval) ,
49. Percent of Bare Ground on BLM range,20,BLM,1,20.77,0.91,0.04,19.61,21.93, PERCENT OF BARE GROUND ON BLM RANGE,2018,Year,Percent cover of bare ground on BLM range,percent,Average amount of bare ground on BLM rangelands (80% confidence interval) ,39,Percent cover of bare ground on BLM rangelands (80% confidence interval) ,
49. Percent of Bare Ground on BLM range,20,BLM,NA,28.26,0.64,0.02,27.44,29.08, PERCENT OF BARE GROUND ON BLM RANGE,2015,Year,Percent cover of bare ground on BLM range,percent,Average amount of bare ground on BLM rangelands (80% confidence interval) ,39,Percent cover of bare ground on BLM rangelands (80% confidence interval) ,
49. Percent of Bare Ground on BLM range,20,BLM,2,32.03,1.23,0.04,30.46,33.60, PERCENT OF BARE GROUND ON BLM RANGE,2016,Year,Percent cover of bare ground on BLM range,percent,Average amount of bare ground on BLM rangelands (80% confidence interval) ,39,Percent cover of bare ground on BLM rangelands (80% confidence interval) ,
49. Percent of Bare Ground on BLM range,20,BLM,2,26.38,1.20,0.05,24.84,27.91, PERCENT OF BARE GROUND ON BLM RANGE,2018,Year,Percent cover of bare ground on BLM range,percent,Average amount of bare ground on BLM rangelands (80% confidence interval) ,39,Percent cover of bare ground on BLM rangelands (80% confidence interval) ,
49. Percent of Bare Ground on BLM range,20,BLM,NA,28.57,0.83,0.03,27.50,29.64, PERCENT OF BARE GROUND ON BLM RANGE,2016,Year,Percent cover of bare ground on BLM range,percent,Average amount of bare ground on BLM rangelands (80% confidence interval) ,39,Percent cover of bare ground on BLM rangelands (80% confidence interval) ,
49. Percent of Bare Ground on BLM range,20,BLM,1,26.69,0.47,0.02,26.09,27.29, PERCENT OF BARE GROUND ON BLM RANGE,2015,Year,Percent cover of bare ground on BLM range,percent,Average amount of bare ground on BLM rangelands (80% confidence interval) ,39,Percent cover of bare ground on BLM rangelands (80% confidence interval) ,
49. Percent of Bare Ground on BLM range,20,BLM,NA,23.88,0.96,0.04,22.65,25.12, PERCENT OF BARE GROUND ON BLM RANGE,2019,Year,Percent cover of bare ground on BLM range,percent,Average amount of bare ground on BLM rangelands (80% confidence interval) ,39,Percent cover of bare ground on BLM rangelands (80% confidence interval) ,
49. Percent of Bare Ground on BLM range,20,BLM,2,29.03,0.89,0.03,27.88,30.17, PERCENT OF BARE GROUND ON BLM RANGE,2015,Year,Percent cover of bare ground on BLM range,percent,Average amount of bare ground on BLM rangelands (80% confidence interval) ,39,Percent cover of bare ground on BLM rangelands (80% confidence interval) ,
49. Percent of Bare Ground on BLM range,20,BLM,2,25.10,1.48,0.06,23.20,27.00, PERCENT OF BARE GROUND ON BLM RANGE,2019,Year,Percent cover of bare ground on BLM range,percent,Average amount of bare ground on BLM rangelands (80% confidence interval) ,39,Percent cover of bare ground on BLM rangelands (80% confidence interval) ,
49. Percent of Bare Ground on BLM range,20,BLM,1,21.51,0.52,0.02,20.85,22.18, PERCENT OF BARE GROUND ON BLM RANGE,2016,Year,Percent cover of bare ground on BLM range,percent,Average amount of bare ground on BLM rangelands (80% confidence interval) ,39,Percent cover of bare ground on BLM rangelands (80% confidence interval) ,
49. Percent of Bare Ground on BLM range,20,BLM,1,20.79,0.55,0.03,20.09,21.50, PERCENT OF BARE GROUND ON BLM RANGE,2017,Year,Percent cover of bare ground on BLM range,percent,Average amount of bare ground on BLM rangelands (80% confidence interval) ,39,Percent cover of bare ground on BLM rangelands (80% confidence interval) ,
49. Percent of Bare Ground on BLM range,20,BLM,1,21.57,0.52,0.02,20.91,22.23, PERCENT OF BARE GROUND ON BLM RANGE,2019,Year,Percent cover of bare ground on BLM range,percent,Average amount of bare ground on BLM rangelands (80% confidence interval) ,39,Percent cover of bare ground on BLM rangelands (80% confidence interval) ,
49. Percent of Bare Ground on BLM range,20,BLM,1,28.18,0.61,0.02,27.39,28.96, PERCENT OF BARE GROUND ON BLM RANGE,2014,Year,Percent cover of bare ground on BLM range,percent,Average amount of bare ground on BLM rangelands (80% confidence interval) ,39,Percent cover of bare ground on BLM rangelands (80% confidence interval) ,
49. Percent of Bare Ground on BLM range,20,BLM,NA,26.24,0.68,0.03,25.37,27.11, PERCENT OF BARE GROUND ON BLM RANGE,2017,Year,Percent cover of bare ground on BLM range,percent,Average amount of bare ground on BLM rangelands (80% confidence interval) ,39,Percent cover of bare ground on BLM rangelands (80% confidence interval) ,
49. Percent of Bare Ground on BLM range,20,BLM,2,32.09,1.19,0.04,30.56,33.62, PERCENT OF BARE GROUND ON BLM RANGE,2012,Year,Percent cover of bare ground on BLM range,percent,Average amount of bare ground on BLM rangelands (80% confidence interval) ,39,Percent cover of bare ground on BLM rangelands (80% confidence interval) ,
49. Percent of Bare Ground on BLM range,20,BLM,2,29.01,1.08,0.04,27.62,30.40, PERCENT OF BARE GROUND ON BLM RANGE,2017,Year,Percent cover of bare ground on BLM range,percent,Average amount of bare ground on BLM rangelands (80% confidence interval) ,39,Percent cover of bare ground on BLM rangelands (80% confidence interval) ,
49. Percent of Bare Ground on BLM range,20,BLM,NA,24.49,0.80,0.03,23.46,25.51, PERCENT OF BARE GROUND ON BLM RANGE,2018,Year,Percent cover of bare ground on BLM range,percent,Average amount of bare ground on BLM rangelands (80% confidence interval) ,39,Percent cover of bare ground on BLM rangelands (80% confidence interval) ,
49. Percent of Bare Ground on BLM range,20,BLM,NA,28.14,0.84,0.03,27.06,29.22, PERCENT OF BARE GROUND ON BLM RANGE,2014,Year,Percent cover of bare ground on BLM range,percent,Average amount of bare ground on BLM rangelands (80% confidence interval) ,39,Percent cover of bare ground on BLM rangelands (80% confidence interval) ,
49. Percent of Bare Ground on BLM range,20,BLM,1,26.30,0.70,0.03,25.39,27.20, PERCENT OF BARE GROUND ON BLM RANGE,2012,Year,Percent cover of bare ground on BLM range,percent,Average amount of bare ground on BLM rangelands (80% confidence interval) ,39,Percent cover of bare ground on BLM rangelands (80% confidence interval) ,
49. Percent of Bare Ground on BLM range,20,BLM,NA,30.09,0.85,0.03,29.00,31.18, PERCENT OF BARE GROUND ON BLM RANGE,2012,Year,Percent cover of bare ground on BLM range,percent,Average amount of bare ground on BLM rangelands (80% confidence interval) ,39,Percent cover of bare ground on BLM rangelands (80% confidence interval) ,
50. Estimated % of BLM range acres that meet this condition,21,BLM,1,45.21,2.50,0.06,42.00,48.42,AT LEAST 20% OF THE LAND IS BARE GROUND,2018,Year,Percent of rangeland acres on BLM-administered lands,percent,Proportion of BLM rangelands with at least 20% bare ground (80% confidence interval) ,40,Proportion of BLM rangelands with at least 20% bare ground (80% confidence interval) ,
50. Estimated % of BLM range acres that meet this condition,21,BLM,1,57.03,1.91,0.03,54.58,59.48,AT LEAST 20% OF THE LAND IS BARE GROUND,2012,Year,Percent of rangeland acres on BLM-administered lands,percent,Proportion of BLM rangelands with at least 20% bare ground (80% confidence interval) ,40,Proportion of BLM rangelands with at least 20% bare ground (80% confidence interval) ,
50. Estimated % of BLM range acres that meet this condition,21,BLM,NA,48.47,1.84,0.04,46.12,50.83,AT LEAST 20% OF THE LAND IS BARE GROUND,2018,Year,Percent of rangeland acres on BLM-administered lands,percent,Proportion of BLM rangelands with at least 20% bare ground (80% confidence interval) ,40,Proportion of BLM rangelands with at least 20% bare ground (80% confidence interval) ,
50. Estimated % of BLM range acres that meet this condition,21,BLM,NA,47.93,2.45,0.05,44.79,51.07,AT LEAST 20% OF THE LAND IS BARE GROUND,2019,Year,Percent of rangeland acres on BLM-administered lands,percent,Proportion of BLM rangelands with at least 20% bare ground (80% confidence interval) ,40,Proportion of BLM rangelands with at least 20% bare ground (80% confidence interval) ,
50. Estimated % of BLM range acres that meet this condition,21,BLM,NA,55.89,1.54,0.03,53.92,57.86,AT LEAST 20% OF THE LAND IS BARE GROUND,2016,Year,Percent of rangeland acres on BLM-administered lands,percent,Proportion of BLM rangelands with at least 20% bare ground (80% confidence interval) ,40,Proportion of BLM rangelands with at least 20% bare ground (80% confidence interval) ,
50. Estimated % of BLM range acres that meet this condition,21,BLM,1,46.43,1.57,0.03,44.43,48.44,AT LEAST 20% OF THE LAND IS BARE GROUND,2019,Year,Percent of rangeland acres on BLM-administered lands,percent,Proportion of BLM rangelands with at least 20% bare ground (80% confidence interval) ,40,Proportion of BLM rangelands with at least 20% bare ground (80% confidence interval) ,
50. Estimated % of BLM range acres that meet this condition,21,BLM,NA,61.27,2.21,0.04,58.43,64.10,AT LEAST 20% OF THE LAND IS BARE GROUND,2012,Year,Percent of rangeland acres on BLM-administered lands,percent,Proportion of BLM rangelands with at least 20% bare ground (80% confidence interval) ,40,Proportion of BLM rangelands with at least 20% bare ground (80% confidence interval) ,
50. Estimated % of BLM range acres that meet this condition,21,BLM,NA,57.82,1.63,0.03,55.73,59.91,AT LEAST 20% OF THE LAND IS BARE GROUND,2014,Year,Percent of rangeland acres on BLM-administered lands,percent,Proportion of BLM rangelands with at least 20% bare ground (80% confidence interval) ,40,Proportion of BLM rangelands with at least 20% bare ground (80% confidence interval) ,
50. Estimated % of BLM range acres that meet this condition,21,BLM,1,60.90,1.43,0.02,59.07,62.74,AT LEAST 20% OF THE LAND IS BARE GROUND,2014,Year,Percent of rangeland acres on BLM-administered lands,percent,Proportion of BLM rangelands with at least 20% bare ground (80% confidence interval) ,40,Proportion of BLM rangelands with at least 20% bare ground (80% confidence interval) ,
50. Estimated % of BLM range acres that meet this condition,21,BLM,1,46.03,1.48,0.03,44.13,47.93,AT LEAST 20% OF THE LAND IS BARE GROUND,2016,Year,Percent of rangeland acres on BLM-administered lands,percent,Proportion of BLM rangelands with at least 20% bare ground (80% confidence interval) ,40,Proportion of BLM rangelands with at least 20% bare ground (80% confidence interval) ,
50. Estimated % of BLM range acres that meet this condition,21,BLM,1,43.93,1.42,0.03,42.11,45.75,AT LEAST 20% OF THE LAND IS BARE GROUND,2017,Year,Percent of rangeland acres on BLM-administered lands,percent,Proportion of BLM rangelands with at least 20% bare ground (80% confidence interval) ,40,Proportion of BLM rangelands with at least 20% bare ground (80% confidence interval) ,
50. Estimated % of BLM range acres that meet this condition,21,BLM,NA,56.42,1.80,0.03,54.11,58.74,AT LEAST 20% OF THE LAND IS BARE GROUND,2015,Year,Percent of rangeland acres on BLM-administered lands,percent,Proportion of BLM rangelands with at least 20% bare ground (80% confidence interval) ,40,Proportion of BLM rangelands with at least 20% bare ground (80% confidence interval) ,
50. Estimated % of BLM range acres that meet this condition,21,BLM,1,59.56,1.56,0.03,57.56,61.57,AT LEAST 20% OF THE LAND IS BARE GROUND,2015,Year,Percent of rangeland acres on BLM-administered lands,percent,Proportion of BLM rangelands with at least 20% bare ground (80% confidence interval) ,40,Proportion of BLM rangelands with at least 20% bare ground (80% confidence interval) ,
50. Estimated % of BLM range acres that meet this condition,21,BLM,NA,52.21,1.40,0.03,50.42,54.00,AT LEAST 20% OF THE LAND IS BARE GROUND,2017,Year,Percent of rangeland acres on BLM-administered lands,percent,Proportion of BLM rangelands with at least 20% bare ground (80% confidence interval) ,40,Proportion of BLM rangelands with at least 20% bare ground (80% confidence interval) ,
50. Estimated % of BLM range acres that meet this condition,21,BLM,2,46.27,3.79,0.08,41.41,51.14,AT LEAST 20% OF THE LAND IS BARE GROUND,2011,Year,Percent of rangeland acres on BLM-administered lands,percent,Proportion of BLM rangelands with at least 20% bare ground (80% confidence interval) ,40,Proportion of BLM rangelands with at least 20% bare ground (80% confidence interval) ,
50. Estimated % of BLM range acres that meet this condition,21,BLM,2,63.50,2.92,0.05,59.75,67.24,AT LEAST 20% OF THE LAND IS BARE GROUND,2012,Year,Percent of rangeland acres on BLM-administered lands,percent,Proportion of BLM rangelands with at least 20% bare ground (80% confidence interval) ,40,Proportion of BLM rangelands with at least 20% bare ground (80% confidence interval) ,
50. Estimated % of BLM range acres that meet this condition,21,BLM,NA,45.50,2.84,0.06,41.86,49.14,AT LEAST 20% OF THE LAND IS BARE GROUND,2011,Year,Percent of rangeland acres on BLM-administered lands,percent,Proportion of BLM rangelands with at least 20% bare ground (80% confidence interval) ,40,Proportion of BLM rangelands with at least 20% bare ground (80% confidence interval) ,
50. Estimated % of BLM range acres that meet this condition,21,BLM,2,54.89,2.54,0.05,51.63,58.15,AT LEAST 20% OF THE LAND IS BARE GROUND,2015,Year,Percent of rangeland acres on BLM-administered lands,percent,Proportion of BLM rangelands with at least 20% bare ground (80% confidence interval) ,40,Proportion of BLM rangelands with at least 20% bare ground (80% confidence interval) ,
50. Estimated % of BLM range acres that meet this condition,21,BLM,2,60.73,2.01,0.03,58.15,63.30,AT LEAST 20% OF THE LAND IS BARE GROUND,2016,Year,Percent of rangeland acres on BLM-administered lands,percent,Proportion of BLM rangelands with at least 20% bare ground (80% confidence interval) ,40,Proportion of BLM rangelands with at least 20% bare ground (80% confidence interval) ,
50. Estimated % of BLM range acres that meet this condition,21,BLM,2,56.42,2.07,0.04,53.77,59.07,AT LEAST 20% OF THE LAND IS BARE GROUND,2017,Year,Percent of rangeland acres on BLM-administered lands,percent,Proportion of BLM rangelands with at least 20% bare ground (80% confidence interval) ,40,Proportion of BLM rangelands with at least 20% bare ground (80% confidence interval) ,
50. Estimated % of BLM range acres that meet this condition,21,BLM,2,56.34,2.25,0.04,53.45,59.22,AT LEAST 20% OF THE LAND IS BARE GROUND,2014,Year,Percent of rangeland acres on BLM-administered lands,percent,Proportion of BLM rangelands with at least 20% bare ground (80% confidence interval) ,40,Proportion of BLM rangelands with at least 20% bare ground (80% confidence interval) ,
50. Estimated % of BLM range acres that meet this condition,21,BLM,1,44.03,3.55,0.08,39.48,48.59,AT LEAST 20% OF THE LAND IS BARE GROUND,2011,Year,Percent of rangeland acres on BLM-administered lands,percent,Proportion of BLM rangelands with at least 20% bare ground (80% confidence interval) ,40,Proportion of BLM rangelands with at least 20% bare ground (80% confidence interval) ,
50. Estimated % of BLM range acres that meet this condition,21,BLM,2,50.13,2.66,0.05,46.72,53.55,AT LEAST 20% OF THE LAND IS BARE GROUND,2018,Year,Percent of rangeland acres on BLM-administered lands,percent,Proportion of BLM rangelands with at least 20% bare ground (80% confidence interval) ,40,Proportion of BLM rangelands with at least 20% bare ground (80% confidence interval) ,
50. Estimated % of BLM range acres that meet this condition,21,BLM,2,48.71,3.75,0.08,43.91,53.52,AT LEAST 20% OF THE LAND IS BARE GROUND,2019,Year,Percent of rangeland acres on BLM-administered lands,percent,Proportion of BLM rangelands with at least 20% bare ground (80% confidence interval) ,40,Proportion of BLM rangelands with at least 20% bare ground (80% confidence interval) ,
52. Estimated BLM range acres that meet this condition,21,BLM,2,45905205.00,3607008.00,0.08,41281021.00,50529388.00,AT LEAST 20% OF THE LAND IS BARE GROUND,2011,Year,BLM rangeland acres (millions),acres,BLM rangeland acres (millions) with at least 20% bare ground,41,BLM rangeland acres (millions) with at least 20% bare ground,
52. Estimated BLM range acres that meet this condition,21,BLM,1,22854845.00,1760148.00,0.08,20598335.00,25111355.00,AT LEAST 20% OF THE LAND IS BARE GROUND,2011,Year,BLM rangeland acres (millions),acres,BLM rangeland acres (millions) with at least 20% bare ground,41,BLM rangeland acres (millions) with at least 20% bare ground,
52. Estimated BLM range acres that meet this condition,21,BLM,NA,91060469.00,3100890.00,0.03,87086519.00,95034419.00,AT LEAST 20% OF THE LAND IS BARE GROUND,2015,Year,BLM rangeland acres (millions),acres,BLM rangeland acres (millions) with at least 20% bare ground,41,BLM rangeland acres (millions) with at least 20% bare ground,
52. Estimated BLM range acres that meet this condition,21,BLM,NA,68760050.00,4262745.00,0.06,63295211.00,74224888.00,AT LEAST 20% OF THE LAND IS BARE GROUND,2011,Year,BLM rangeland acres (millions),acres,BLM rangeland acres (millions) with at least 20% bare ground,41,BLM rangeland acres (millions) with at least 20% bare ground,
52. Estimated BLM range acres that meet this condition,21,BLM,NA,82781760.00,2490540.00,0.03,79590005.00,85973515.00,AT LEAST 20% OF THE LAND IS BARE GROUND,2017,Year,BLM rangeland acres (millions),acres,BLM rangeland acres (millions) with at least 20% bare ground,41,BLM rangeland acres (millions) with at least 20% bare ground,
52. Estimated BLM range acres that meet this condition,21,BLM,NA,93850555.00,3302133.00,0.04,89618702.00,98082409.00,AT LEAST 20% OF THE LAND IS BARE GROUND,2012,Year,BLM rangeland acres (millions),acres,BLM rangeland acres (millions) with at least 20% bare ground,41,BLM rangeland acres (millions) with at least 20% bare ground,
52. Estimated BLM range acres that meet this condition,21,BLM,1,30154923.00,1203149.00,0.04,28613026.00,31696821.00,AT LEAST 20% OF THE LAND IS BARE GROUND,2012,Year,BLM rangeland acres (millions),acres,BLM rangeland acres (millions) with at least 20% bare ground,41,BLM rangeland acres (millions) with at least 20% bare ground,
52. Estimated BLM range acres that meet this condition,21,BLM,NA,90603375.00,2194238.00,0.02,87791345.00,93415404.00,AT LEAST 20% OF THE LAND IS BARE GROUND,2016,Year,BLM rangeland acres (millions),acres,BLM rangeland acres (millions) with at least 20% bare ground,41,BLM rangeland acres (millions) with at least 20% bare ground,
52. Estimated BLM range acres that meet this condition,21,BLM,2,62387988.00,2456808.00,0.04,59239462.00,65536514.00,AT LEAST 20% OF THE LAND IS BARE GROUND,2014,Year,BLM rangeland acres (millions),acres,BLM rangeland acres (millions) with at least 20% bare ground,41,BLM rangeland acres (millions) with at least 20% bare ground,
52. Estimated BLM range acres that meet this condition,21,BLM,1,31564226.00,873879.00,0.03,30444304.00,32684147.00,AT LEAST 20% OF THE LAND IS BARE GROUND,2015,Year,BLM rangeland acres (millions),acres,BLM rangeland acres (millions) with at least 20% bare ground,41,BLM rangeland acres (millions) with at least 20% bare ground,
52. Estimated BLM range acres that meet this condition,21,BLM,NA,94770193.00,2625805.00,0.03,91405088.00,98135298.00,AT LEAST 20% OF THE LAND IS BARE GROUND,2014,Year,BLM rangeland acres (millions),acres,BLM rangeland acres (millions) with at least 20% bare ground,41,BLM rangeland acres (millions) with at least 20% bare ground,
52. Estimated BLM range acres that meet this condition,21,BLM,2,63695632.00,2728889.00,0.04,60198420.00,67192844.00,AT LEAST 20% OF THE LAND IS BARE GROUND,2012,Year,BLM rangeland acres (millions),acres,BLM rangeland acres (millions) with at least 20% bare ground,41,BLM rangeland acres (millions) with at least 20% bare ground,
52. Estimated BLM range acres that meet this condition,21,BLM,1,24546381.00,807711.00,0.03,23511258.00,25581504.00,AT LEAST 20% OF THE LAND IS BARE GROUND,2016,Year,BLM rangeland acres (millions),acres,BLM rangeland acres (millions) with at least 20% bare ground,41,BLM rangeland acres (millions) with at least 20% bare ground,
52. Estimated BLM range acres that meet this condition,21,BLM,NA,75319460.00,3124101.00,0.04,71315764.00,79323156.00,AT LEAST 20% OF THE LAND IS BARE GROUND,2018,Year,BLM rangeland acres (millions),acres,BLM rangeland acres (millions) with at least 20% bare ground,41,BLM rangeland acres (millions) with at least 20% bare ground,
52. Estimated BLM range acres that meet this condition,21,BLM,1,23659492.00,1253193.00,0.05,22053461.00,25265523.00,AT LEAST 20% OF THE LAND IS BARE GROUND,2018,Year,BLM rangeland acres (millions),acres,BLM rangeland acres (millions) with at least 20% bare ground,41,BLM rangeland acres (millions) with at least 20% bare ground,
52. Estimated BLM range acres that meet this condition,21,BLM,1,32382205.00,751402.00,0.02,31419244.00,33345165.00,AT LEAST 20% OF THE LAND IS BARE GROUND,2014,Year,BLM rangeland acres (millions),acres,BLM rangeland acres (millions) with at least 20% bare ground,41,BLM rangeland acres (millions) with at least 20% bare ground,
52. Estimated BLM range acres that meet this condition,21,BLM,2,48717781.00,4073881.00,0.08,43496892.00,53938669.00,AT LEAST 20% OF THE LAND IS BARE GROUND,2019,Year,BLM rangeland acres (millions),acres,BLM rangeland acres (millions) with at least 20% bare ground,41,BLM rangeland acres (millions) with at least 20% bare ground,
52. Estimated BLM range acres that meet this condition,21,BLM,2,59496243.00,2965885.00,0.05,55695309.00,63297177.00,AT LEAST 20% OF THE LAND IS BARE GROUND,2015,Year,BLM rangeland acres (millions),acres,BLM rangeland acres (millions) with at least 20% bare ground,41,BLM rangeland acres (millions) with at least 20% bare ground,
52. Estimated BLM range acres that meet this condition,21,BLM,NA,73193875.00,3962306.00,0.05,68115976.00,78271774.00,AT LEAST 20% OF THE LAND IS BARE GROUND,2019,Year,BLM rangeland acres (millions),acres,BLM rangeland acres (millions) with at least 20% bare ground,41,BLM rangeland acres (millions) with at least 20% bare ground,
52. Estimated BLM range acres that meet this condition,21,BLM,2,51659968.00,2925166.00,0.06,47911217.00,55408719.00,AT LEAST 20% OF THE LAND IS BARE GROUND,2018,Year,BLM rangeland acres (millions),acres,BLM rangeland acres (millions) with at least 20% bare ground,41,BLM rangeland acres (millions) with at least 20% bare ground,
52. Estimated BLM range acres that meet this condition,21,BLM,1,23474138.00,777901.00,0.03,22477218.00,24471058.00,AT LEAST 20% OF THE LAND IS BARE GROUND,2017,Year,BLM rangeland acres (millions),acres,BLM rangeland acres (millions) with at least 20% bare ground,41,BLM rangeland acres (millions) with at least 20% bare ground,
52. Estimated BLM range acres that meet this condition,21,BLM,2,66056993.00,1891722.00,0.03,63632654.00,68481333.00,AT LEAST 20% OF THE LAND IS BARE GROUND,2016,Year,BLM rangeland acres (millions),acres,BLM rangeland acres (millions) with at least 20% bare ground,41,BLM rangeland acres (millions) with at least 20% bare ground,
52. Estimated BLM range acres that meet this condition,21,BLM,1,24476095.00,867350.00,0.04,23364541.00,25587648.00,AT LEAST 20% OF THE LAND IS BARE GROUND,2019,Year,BLM rangeland acres (millions),acres,BLM rangeland acres (millions) with at least 20% bare ground,41,BLM rangeland acres (millions) with at least 20% bare ground,
52. Estimated BLM range acres that meet this condition,21,BLM,2,59307622.00,2352995.00,0.04,56292138.00,62323106.00,AT LEAST 20% OF THE LAND IS BARE GROUND,2017,Year,BLM rangeland acres (millions),acres,BLM rangeland acres (millions) with at least 20% bare ground,41,BLM rangeland acres (millions) with at least 20% bare ground,
53. Estimated % of BLM range acres that meet this condition,22,BLM,2,48.46,2.48,0.05,45.28,51.63,AT LEAST 30% OF THE LAND IS BARE GROUND,2012,Year,Percent of rangeland acres on BLM-administered lands,percent,Proportion of BLM rangelands with at least 30% bare ground (80% confidence interval) ,42,Proportion of BLM rangelands with at least 30% bare ground (80% confidence interval) ,
53. Estimated % of BLM range acres that meet this condition,22,BLM,NA,27.87,2.45,0.09,24.72,31.01,AT LEAST 30% OF THE LAND IS BARE GROUND,2011,Year,Percent of rangeland acres on BLM-administered lands,percent,Proportion of BLM rangelands with at least 30% bare ground (80% confidence interval) ,42,Proportion of BLM rangelands with at least 30% bare ground (80% confidence interval) ,
53. Estimated % of BLM range acres that meet this condition,22,BLM,2,39.31,2.24,0.06,36.43,42.18,AT LEAST 30% OF THE LAND IS BARE GROUND,2014,Year,Percent of rangeland acres on BLM-administered lands,percent,Proportion of BLM rangelands with at least 30% bare ground (80% confidence interval) ,42,Proportion of BLM rangelands with at least 30% bare ground (80% confidence interval) ,
53. Estimated % of BLM range acres that meet this condition,22,BLM,2,30.18,3.42,0.11,25.80,34.57,AT LEAST 30% OF THE LAND IS BARE GROUND,2011,Year,Percent of rangeland acres on BLM-administered lands,percent,Proportion of BLM rangelands with at least 30% bare ground (80% confidence interval) ,42,Proportion of BLM rangelands with at least 30% bare ground (80% confidence interval) ,
53. Estimated % of BLM range acres that meet this condition,22,BLM,2,40.49,2.29,0.06,37.56,43.42,AT LEAST 30% OF THE LAND IS BARE GROUND,2015,Year,Percent of rangeland acres on BLM-administered lands,percent,Proportion of BLM rangelands with at least 30% bare ground (80% confidence interval) ,42,Proportion of BLM rangelands with at least 30% bare ground (80% confidence interval) ,
53. Estimated % of BLM range acres that meet this condition,22,BLM,1,37.15,1.86,0.05,34.77,39.54,AT LEAST 30% OF THE LAND IS BARE GROUND,2012,Year,Percent of rangeland acres on BLM-administered lands,percent,Proportion of BLM rangelands with at least 30% bare ground (80% confidence interval) ,42,Proportion of BLM rangelands with at least 30% bare ground (80% confidence interval) ,
53. Estimated % of BLM range acres that meet this condition,22,BLM,1,43.33,1.48,0.03,41.43,45.23,AT LEAST 30% OF THE LAND IS BARE GROUND,2014,Year,Percent of rangeland acres on BLM-administered lands,percent,Proportion of BLM rangelands with at least 30% bare ground (80% confidence interval) ,42,Proportion of BLM rangelands with at least 30% bare ground (80% confidence interval) ,
53. Estimated % of BLM range acres that meet this condition,22,BLM,1,23.43,2.93,0.13,19.67,27.20,AT LEAST 30% OF THE LAND IS BARE GROUND,2011,Year,Percent of rangeland acres on BLM-administered lands,percent,Proportion of BLM rangelands with at least 30% bare ground (80% confidence interval) ,42,Proportion of BLM rangelands with at least 30% bare ground (80% confidence interval) ,
53. Estimated % of BLM range acres that meet this condition,22,BLM,1,39.15,1.42,0.04,37.34,40.97,AT LEAST 30% OF THE LAND IS BARE GROUND,2015,Year,Percent of rangeland acres on BLM-administered lands,percent,Proportion of BLM rangelands with at least 30% bare ground (80% confidence interval) ,42,Proportion of BLM rangelands with at least 30% bare ground (80% confidence interval) ,
53. Estimated % of BLM range acres that meet this condition,22,BLM,NA,40.61,1.66,0.04,38.49,42.74,AT LEAST 30% OF THE LAND IS BARE GROUND,2014,Year,Percent of rangeland acres on BLM-administered lands,percent,Proportion of BLM rangelands with at least 30% bare ground (80% confidence interval) ,42,Proportion of BLM rangelands with at least 30% bare ground (80% confidence interval) ,
53. Estimated % of BLM range acres that meet this condition,22,BLM,1,26.49,1.43,0.05,24.66,28.32,AT LEAST 30% OF THE LAND IS BARE GROUND,2016,Year,Percent of rangeland acres on BLM-administered lands,percent,Proportion of BLM rangelands with at least 30% bare ground (80% confidence interval) ,42,Proportion of BLM rangelands with at least 30% bare ground (80% confidence interval) ,
53. Estimated % of BLM range acres that meet this condition,22,BLM,2,46.26,2.36,0.05,43.23,49.29,AT LEAST 30% OF THE LAND IS BARE GROUND,2016,Year,Percent of rangeland acres on BLM-administered lands,percent,Proportion of BLM rangelands with at least 30% bare ground (80% confidence interval) ,42,Proportion of BLM rangelands with at least 30% bare ground (80% confidence interval) ,
53. Estimated % of BLM range acres that meet this condition,22,BLM,2,40.30,2.30,0.06,37.36,43.25,AT LEAST 30% OF THE LAND IS BARE GROUND,2017,Year,Percent of rangeland acres on BLM-administered lands,percent,Proportion of BLM rangelands with at least 30% bare ground (80% confidence interval) ,42,Proportion of BLM rangelands with at least 30% bare ground (80% confidence interval) ,
53. Estimated % of BLM range acres that meet this condition,22,BLM,NA,44.56,1.85,0.04,42.19,46.92,AT LEAST 30% OF THE LAND IS BARE GROUND,2012,Year,Percent of rangeland acres on BLM-administered lands,percent,Proportion of BLM rangelands with at least 30% bare ground (80% confidence interval) ,42,Proportion of BLM rangelands with at least 30% bare ground (80% confidence interval) ,
53. Estimated % of BLM range acres that meet this condition,22,BLM,NA,40.05,1.51,0.04,38.11,41.99,AT LEAST 30% OF THE LAND IS BARE GROUND,2015,Year,Percent of rangeland acres on BLM-administered lands,percent,Proportion of BLM rangelands with at least 30% bare ground (80% confidence interval) ,42,Proportion of BLM rangelands with at least 30% bare ground (80% confidence interval) ,
53. Estimated % of BLM range acres that meet this condition,22,BLM,1,25.90,1.43,0.06,24.07,27.73,AT LEAST 30% OF THE LAND IS BARE GROUND,2017,Year,Percent of rangeland acres on BLM-administered lands,percent,Proportion of BLM rangelands with at least 30% bare ground (80% confidence interval) ,42,Proportion of BLM rangelands with at least 30% bare ground (80% confidence interval) ,
53. Estimated % of BLM range acres that meet this condition,22,BLM,2,33.87,2.98,0.09,30.05,37.68,AT LEAST 30% OF THE LAND IS BARE GROUND,2018,Year,Percent of rangeland acres on BLM-administered lands,percent,Proportion of BLM rangelands with at least 30% bare ground (80% confidence interval) ,42,Proportion of BLM rangelands with at least 30% bare ground (80% confidence interval) ,
53. Estimated % of BLM range acres that meet this condition,22,BLM,2,34.84,2.84,0.08,31.20,38.48,AT LEAST 30% OF THE LAND IS BARE GROUND,2019,Year,Percent of rangeland acres on BLM-administered lands,percent,Proportion of BLM rangelands with at least 30% bare ground (80% confidence interval) ,42,Proportion of BLM rangelands with at least 30% bare ground (80% confidence interval) ,
53. Estimated % of BLM range acres that meet this condition,22,BLM,NA,31.53,2.12,0.07,28.81,34.24,AT LEAST 30% OF THE LAND IS BARE GROUND,2018,Year,Percent of rangeland acres on BLM-administered lands,percent,Proportion of BLM rangelands with at least 30% bare ground (80% confidence interval) ,42,Proportion of BLM rangelands with at least 30% bare ground (80% confidence interval) ,
53. Estimated % of BLM range acres that meet this condition,22,BLM,NA,39.75,1.74,0.04,37.53,41.98,AT LEAST 30% OF THE LAND IS BARE GROUND,2016,Year,Percent of rangeland acres on BLM-administered lands,percent,Proportion of BLM rangelands with at least 30% bare ground (80% confidence interval) ,42,Proportion of BLM rangelands with at least 30% bare ground (80% confidence interval) ,
53. Estimated % of BLM range acres that meet this condition,22,BLM,NA,35.45,1.52,0.04,33.50,37.40,AT LEAST 30% OF THE LAND IS BARE GROUND,2017,Year,Percent of rangeland acres on BLM-administered lands,percent,Proportion of BLM rangelands with at least 30% bare ground (80% confidence interval) ,42,Proportion of BLM rangelands with at least 30% bare ground (80% confidence interval) ,
53. Estimated % of BLM range acres that meet this condition,22,BLM,1,26.93,2.13,0.08,24.19,29.66,AT LEAST 30% OF THE LAND IS BARE GROUND,2018,Year,Percent of rangeland acres on BLM-administered lands,percent,Proportion of BLM rangelands with at least 30% bare ground (80% confidence interval) ,42,Proportion of BLM rangelands with at least 30% bare ground (80% confidence interval) ,
53. Estimated % of BLM range acres that meet this condition,22,BLM,1,27.44,1.18,0.04,25.93,28.96,AT LEAST 30% OF THE LAND IS BARE GROUND,2019,Year,Percent of rangeland acres on BLM-administered lands,percent,Proportion of BLM rangelands with at least 30% bare ground (80% confidence interval) ,42,Proportion of BLM rangelands with at least 30% bare ground (80% confidence interval) ,
53. Estimated % of BLM range acres that meet this condition,22,BLM,NA,32.29,1.88,0.06,29.88,34.70,AT LEAST 30% OF THE LAND IS BARE GROUND,2019,Year,Percent of rangeland acres on BLM-administered lands,percent,Proportion of BLM rangelands with at least 30% bare ground (80% confidence interval) ,42,Proportion of BLM rangelands with at least 30% bare ground (80% confidence interval) ,
55. Estimated BLM range acres that meet this condition,22,BLM,2,50315860.00,2410403.00,0.05,47226804.00,53404915.00,AT LEAST 30% OF THE LAND IS BARE GROUND,2016,Year,BLM rangeland acres (millions),acres,BLM rangeland acres (millions) with at least 30% bare ground,43,BLM rangeland acres (millions) with at least 30% bare ground,
55. Estimated BLM range acres that meet this condition,22,BLM,1,23040520.00,750838.00,0.03,22078283.00,24002758.00,AT LEAST 30% OF THE LAND IS BARE GROUND,2014,Year,BLM rangeland acres (millions),acres,BLM rangeland acres (millions) with at least 30% bare ground,43,BLM rangeland acres (millions) with at least 30% bare ground,
55. Estimated BLM range acres that meet this condition,22,BLM,2,43890711.00,2615277.00,0.06,40539098.00,47242324.00,AT LEAST 30% OF THE LAND IS BARE GROUND,2015,Year,BLM rangeland acres (millions),acres,BLM rangeland acres (millions) with at least 30% bare ground,43,BLM rangeland acres (millions) with at least 30% bare ground,
55. Estimated BLM range acres that meet this condition,22,BLM,NA,68251849.00,3039087.00,0.05,64357102.00,72146596.00,AT LEAST 30% OF THE LAND IS BARE GROUND,2012,Year,BLM rangeland acres (millions),acres,BLM rangeland acres (millions) with at least 30% bare ground,43,BLM rangeland acres (millions) with at least 30% bare ground,
55. Estimated BLM range acres that meet this condition,22,BLM,1,19644453.00,1124955.00,0.06,18202765.00,21086141.00,AT LEAST 30% OF THE LAND IS BARE GROUND,2012,Year,BLM rangeland acres (millions),acres,BLM rangeland acres (millions) with at least 30% bare ground,43,BLM rangeland acres (millions) with at least 30% bare ground,
55. Estimated BLM range acres that meet this condition,22,BLM,1,14127313.00,772719.00,0.06,13137034.00,15117593.00,AT LEAST 30% OF THE LAND IS BARE GROUND,2016,Year,BLM rangeland acres (millions),acres,BLM rangeland acres (millions) with at least 30% bare ground,43,BLM rangeland acres (millions) with at least 30% bare ground,
55. Estimated BLM range acres that meet this condition,22,BLM,2,48607396.00,2633318.00,0.05,45232663.00,51982129.00,AT LEAST 30% OF THE LAND IS BARE GROUND,2012,Year,BLM rangeland acres (millions),acres,BLM rangeland acres (millions) with at least 30% bare ground,43,BLM rangeland acres (millions) with at least 30% bare ground,
55. Estimated BLM range acres that meet this condition,22,BLM,2,43531036.00,2390413.00,0.06,40467598.00,46594475.00,AT LEAST 30% OF THE LAND IS BARE GROUND,2014,Year,BLM rangeland acres (millions),acres,BLM rangeland acres (millions) with at least 30% bare ground,43,BLM rangeland acres (millions) with at least 30% bare ground,
55. Estimated BLM range acres that meet this condition,22,BLM,NA,66571557.00,2604488.00,0.04,63233772.00,69909342.00,AT LEAST 30% OF THE LAND IS BARE GROUND,2014,Year,BLM rangeland acres (millions),acres,BLM rangeland acres (millions) with at least 30% bare ground,43,BLM rangeland acres (millions) with at least 30% bare ground,
55. Estimated BLM range acres that meet this condition,22,BLM,NA,64443173.00,2685899.00,0.04,61001054.00,67885291.00,AT LEAST 30% OF THE LAND IS BARE GROUND,2016,Year,BLM rangeland acres (millions),acres,BLM rangeland acres (millions) with at least 30% bare ground,43,BLM rangeland acres (millions) with at least 30% bare ground,
55. Estimated BLM range acres that meet this condition,22,BLM,2,42368182.00,2358089.00,0.06,39346169.00,45390195.00,AT LEAST 30% OF THE LAND IS BARE GROUND,2017,Year,BLM rangeland acres (millions),acres,BLM rangeland acres (millions) with at least 30% bare ground,43,BLM rangeland acres (millions) with at least 30% bare ground,
55. Estimated BLM range acres that meet this condition,22,BLM,2,34842344.00,3038176.00,0.09,30948766.00,38735923.00,AT LEAST 30% OF THE LAND IS BARE GROUND,2019,Year,BLM rangeland acres (millions),acres,BLM rangeland acres (millions) with at least 30% bare ground,43,BLM rangeland acres (millions) with at least 30% bare ground,
55. Estimated BLM range acres that meet this condition,22,BLM,1,20747478.00,781011.00,0.04,19746571.00,21748384.00,AT LEAST 30% OF THE LAND IS BARE GROUND,2015,Year,BLM rangeland acres (millions),acres,BLM rangeland acres (millions) with at least 30% bare ground,43,BLM rangeland acres (millions) with at least 30% bare ground,
55. Estimated BLM range acres that meet this condition,22,BLM,2,34897565.00,3384033.00,0.10,30560753.00,39234378.00,AT LEAST 30% OF THE LAND IS BARE GROUND,2018,Year,BLM rangeland acres (millions),acres,BLM rangeland acres (millions) with at least 30% bare ground,43,BLM rangeland acres (millions) with at least 30% bare ground,
55. Estimated BLM range acres that meet this condition,22,BLM,1,13841884.00,789339.00,0.06,12830305.00,14853463.00,AT LEAST 30% OF THE LAND IS BARE GROUND,2017,Year,BLM rangeland acres (millions),acres,BLM rangeland acres (millions) with at least 30% bare ground,43,BLM rangeland acres (millions) with at least 30% bare ground,
55. Estimated BLM range acres that meet this condition,22,BLM,NA,42106944.00,3688633.00,0.09,37378116.00,46835772.00,AT LEAST 30% OF THE LAND IS BARE GROUND,2011,Year,BLM rangeland acres (millions),acres,BLM rangeland acres (millions) with at least 30% bare ground,43,BLM rangeland acres (millions) with at least 30% bare ground,
55. Estimated BLM range acres that meet this condition,22,BLM,1,12163638.00,1402951.00,0.12,10365055.00,13962221.00,AT LEAST 30% OF THE LAND IS BARE GROUND,2011,Year,BLM rangeland acres (millions),acres,BLM rangeland acres (millions) with at least 30% bare ground,43,BLM rangeland acres (millions) with at least 30% bare ground,
55. Estimated BLM range acres that meet this condition,22,BLM,2,29943306.00,3218335.00,0.11,25817401.00,34069211.00,AT LEAST 30% OF THE LAND IS BARE GROUND,2011,Year,BLM rangeland acres (millions),acres,BLM rangeland acres (millions) with at least 30% bare ground,43,BLM rangeland acres (millions) with at least 30% bare ground,
55. Estimated BLM range acres that meet this condition,22,BLM,NA,56210066.00,2450726.00,0.04,53069335.00,59350798.00,AT LEAST 30% OF THE LAND IS BARE GROUND,2017,Year,BLM rangeland acres (millions),acres,BLM rangeland acres (millions) with at least 30% bare ground,43,BLM rangeland acres (millions) with at least 30% bare ground,
55. Estimated BLM range acres that meet this condition,22,BLM,1,14466411.00,637212.00,0.04,13649790.00,15283031.00,AT LEAST 30% OF THE LAND IS BARE GROUND,2019,Year,BLM rangeland acres (millions),acres,BLM rangeland acres (millions) with at least 30% bare ground,43,BLM rangeland acres (millions) with at least 30% bare ground,
55. Estimated BLM range acres that meet this condition,22,BLM,1,14090229.00,1051012.00,0.08,12743302.00,15437155.00,AT LEAST 30% OF THE LAND IS BARE GROUND,2018,Year,BLM rangeland acres (millions),acres,BLM rangeland acres (millions) with at least 30% bare ground,43,BLM rangeland acres (millions) with at least 30% bare ground,
55. Estimated BLM range acres that meet this condition,22,BLM,NA,49308755.00,2947931.00,0.06,45530829.00,53086681.00,AT LEAST 30% OF THE LAND IS BARE GROUND,2019,Year,BLM rangeland acres (millions),acres,BLM rangeland acres (millions) with at least 30% bare ground,43,BLM rangeland acres (millions) with at least 30% bare ground,
55. Estimated BLM range acres that meet this condition,22,BLM,NA,64638189.00,2542860.00,0.04,61379383.00,67896994.00,AT LEAST 30% OF THE LAND IS BARE GROUND,2015,Year,BLM rangeland acres (millions),acres,BLM rangeland acres (millions) with at least 30% bare ground,43,BLM rangeland acres (millions) with at least 30% bare ground,
55. Estimated BLM range acres that meet this condition,22,BLM,NA,48987794.00,3605756.00,0.07,44366832.00,53608757.00,AT LEAST 30% OF THE LAND IS BARE GROUND,2018,Year,BLM rangeland acres (millions),acres,BLM rangeland acres (millions) with at least 30% bare ground,43,BLM rangeland acres (millions) with at least 30% bare ground,
56. Estimated % of BLM range acres that meet this condition,23,BLM,NA,26.92,1.29,0.05,25.27,28.57,AT LEAST 40% OF THE LAND IS BARE GROUND,2015,Year,Percent of rangeland acres on BLM-administered lands,percent,Proportion of BLM rangelands with at least 40% bare ground (80% confidence interval) ,44,Proportion of BLM rangelands with at least 40% bare ground (80% confidence interval) ,
56. Estimated % of BLM range acres that meet this condition,23,BLM,NA,26.96,1.55,0.06,24.97,28.96,AT LEAST 40% OF THE LAND IS BARE GROUND,2016,Year,Percent of rangeland acres on BLM-administered lands,percent,Proportion of BLM rangelands with at least 40% bare ground (80% confidence interval) ,44,Proportion of BLM rangelands with at least 40% bare ground (80% confidence interval) ,
56. Estimated % of BLM range acres that meet this condition,23,BLM,1,14.25,0.88,0.06,13.12,15.37,AT LEAST 40% OF THE LAND IS BARE GROUND,2016,Year,Percent of rangeland acres on BLM-administered lands,percent,Proportion of BLM rangelands with at least 40% bare ground (80% confidence interval) ,44,Proportion of BLM rangelands with at least 40% bare ground (80% confidence interval) ,
56. Estimated % of BLM range acres that meet this condition,23,BLM,2,33.20,2.31,0.07,30.23,36.17,AT LEAST 40% OF THE LAND IS BARE GROUND,2016,Year,Percent of rangeland acres on BLM-administered lands,percent,Proportion of BLM rangelands with at least 40% bare ground (80% confidence interval) ,44,Proportion of BLM rangelands with at least 40% bare ground (80% confidence interval) ,
56. Estimated % of BLM range acres that meet this condition,23,BLM,1,23.53,1.11,0.05,22.11,24.95,AT LEAST 40% OF THE LAND IS BARE GROUND,2015,Year,Percent of rangeland acres on BLM-administered lands,percent,Proportion of BLM rangelands with at least 40% bare ground (80% confidence interval) ,44,Proportion of BLM rangelands with at least 40% bare ground (80% confidence interval) ,
56. Estimated % of BLM range acres that meet this condition,23,BLM,NA,20.18,1.53,0.08,18.22,22.14,AT LEAST 40% OF THE LAND IS BARE GROUND,2018,Year,Percent of rangeland acres on BLM-administered lands,percent,Proportion of BLM rangelands with at least 40% bare ground (80% confidence interval) ,44,Proportion of BLM rangelands with at least 40% bare ground (80% confidence interval) ,
56. Estimated % of BLM range acres that meet this condition,23,BLM,NA,23.92,1.18,0.05,22.41,25.43,AT LEAST 40% OF THE LAND IS BARE GROUND,2017,Year,Percent of rangeland acres on BLM-administered lands,percent,Proportion of BLM rangelands with at least 40% bare ground (80% confidence interval) ,44,Proportion of BLM rangelands with at least 40% bare ground (80% confidence interval) ,
56. Estimated % of BLM range acres that meet this condition,23,BLM,2,28.58,1.90,0.07,26.14,31.02,AT LEAST 40% OF THE LAND IS BARE GROUND,2015,Year,Percent of rangeland acres on BLM-administered lands,percent,Proportion of BLM rangelands with at least 40% bare ground (80% confidence interval) ,44,Proportion of BLM rangelands with at least 40% bare ground (80% confidence interval) ,
56. Estimated % of BLM range acres that meet this condition,23,BLM,NA,31.96,1.76,0.06,29.70,34.22,AT LEAST 40% OF THE LAND IS BARE GROUND,2012,Year,Percent of rangeland acres on BLM-administered lands,percent,Proportion of BLM rangelands with at least 40% bare ground (80% confidence interval) ,44,Proportion of BLM rangelands with at least 40% bare ground (80% confidence interval) ,
56. Estimated % of BLM range acres that meet this condition,23,BLM,1,23.22,1.61,0.07,21.16,25.29,AT LEAST 40% OF THE LAND IS BARE GROUND,2012,Year,Percent of rangeland acres on BLM-administered lands,percent,Proportion of BLM rangelands with at least 40% bare ground (80% confidence interval) ,44,Proportion of BLM rangelands with at least 40% bare ground (80% confidence interval) ,
56. Estimated % of BLM range acres that meet this condition,23,BLM,2,29.37,1.78,0.06,27.09,31.65,AT LEAST 40% OF THE LAND IS BARE GROUND,2017,Year,Percent of rangeland acres on BLM-administered lands,percent,Proportion of BLM rangelands with at least 40% bare ground (80% confidence interval) ,44,Proportion of BLM rangelands with at least 40% bare ground (80% confidence interval) ,
56. Estimated % of BLM range acres that meet this condition,23,BLM,NA,17.32,2.10,0.12,14.63,20.02,AT LEAST 40% OF THE LAND IS BARE GROUND,2011,Year,Percent of rangeland acres on BLM-administered lands,percent,Proportion of BLM rangelands with at least 40% bare ground (80% confidence interval) ,44,Proportion of BLM rangelands with at least 40% bare ground (80% confidence interval) ,
56. Estimated % of BLM range acres that meet this condition,23,BLM,1,11.85,1.45,0.12,10.00,13.71,AT LEAST 40% OF THE LAND IS BARE GROUND,2018,Year,Percent of rangeland acres on BLM-administered lands,percent,Proportion of BLM rangelands with at least 40% bare ground (80% confidence interval) ,44,Proportion of BLM rangelands with at least 40% bare ground (80% confidence interval) ,
56. Estimated % of BLM range acres that meet this condition,23,BLM,2,24.41,2.16,0.09,21.63,27.18,AT LEAST 40% OF THE LAND IS BARE GROUND,2018,Year,Percent of rangeland acres on BLM-administered lands,percent,Proportion of BLM rangelands with at least 40% bare ground (80% confidence interval) ,44,Proportion of BLM rangelands with at least 40% bare ground (80% confidence interval) ,
56. Estimated % of BLM range acres that meet this condition,23,BLM,2,36.56,2.36,0.07,33.53,39.58,AT LEAST 40% OF THE LAND IS BARE GROUND,2012,Year,Percent of rangeland acres on BLM-administered lands,percent,Proportion of BLM rangelands with at least 40% bare ground (80% confidence interval) ,44,Proportion of BLM rangelands with at least 40% bare ground (80% confidence interval) ,
56. Estimated % of BLM range acres that meet this condition,23,BLM,1,13.19,1.30,0.10,11.52,14.86,AT LEAST 40% OF THE LAND IS BARE GROUND,2017,Year,Percent of rangeland acres on BLM-administered lands,percent,Proportion of BLM rangelands with at least 40% bare ground (80% confidence interval) ,44,Proportion of BLM rangelands with at least 40% bare ground (80% confidence interval) ,
56. Estimated % of BLM range acres that meet this condition,23,BLM,2,26.87,2.00,0.07,24.31,29.43,AT LEAST 40% OF THE LAND IS BARE GROUND,2014,Year,Percent of rangeland acres on BLM-administered lands,percent,Proportion of BLM rangelands with at least 40% bare ground (80% confidence interval) ,44,Proportion of BLM rangelands with at least 40% bare ground (80% confidence interval) ,
56. Estimated % of BLM range acres that meet this condition,23,BLM,1,12.40,2.04,0.16,9.78,15.01,AT LEAST 40% OF THE LAND IS BARE GROUND,2011,Year,Percent of rangeland acres on BLM-administered lands,percent,Proportion of BLM rangelands with at least 40% bare ground (80% confidence interval) ,44,Proportion of BLM rangelands with at least 40% bare ground (80% confidence interval) ,
56. Estimated % of BLM range acres that meet this condition,23,BLM,2,23.92,2.89,0.12,20.22,27.62,AT LEAST 40% OF THE LAND IS BARE GROUND,2019,Year,Percent of rangeland acres on BLM-administered lands,percent,Proportion of BLM rangelands with at least 40% bare ground (80% confidence interval) ,44,Proportion of BLM rangelands with at least 40% bare ground (80% confidence interval) ,
56. Estimated % of BLM range acres that meet this condition,23,BLM,1,26.28,1.34,0.05,24.57,27.99,AT LEAST 40% OF THE LAND IS BARE GROUND,2014,Year,Percent of rangeland acres on BLM-administered lands,percent,Proportion of BLM rangelands with at least 40% bare ground (80% confidence interval) ,44,Proportion of BLM rangelands with at least 40% bare ground (80% confidence interval) ,
56. Estimated % of BLM range acres that meet this condition,23,BLM,2,19.90,3.22,0.16,15.77,24.03,AT LEAST 40% OF THE LAND IS BARE GROUND,2011,Year,Percent of rangeland acres on BLM-administered lands,percent,Proportion of BLM rangelands with at least 40% bare ground (80% confidence interval) ,44,Proportion of BLM rangelands with at least 40% bare ground (80% confidence interval) ,
56. Estimated % of BLM range acres that meet this condition,23,BLM,NA,26.68,1.54,0.06,24.70,28.65,AT LEAST 40% OF THE LAND IS BARE GROUND,2014,Year,Percent of rangeland acres on BLM-administered lands,percent,Proportion of BLM rangelands with at least 40% bare ground (80% confidence interval) ,44,Proportion of BLM rangelands with at least 40% bare ground (80% confidence interval) ,
56. Estimated % of BLM range acres that meet this condition,23,BLM,1,14.39,0.98,0.07,13.14,15.65,AT LEAST 40% OF THE LAND IS BARE GROUND,2019,Year,Percent of rangeland acres on BLM-administered lands,percent,Proportion of BLM rangelands with at least 40% bare ground (80% confidence interval) ,44,Proportion of BLM rangelands with at least 40% bare ground (80% confidence interval) ,
56. Estimated % of BLM range acres that meet this condition,23,BLM,NA,20.63,1.93,0.09,18.16,23.11,AT LEAST 40% OF THE LAND IS BARE GROUND,2019,Year,Percent of rangeland acres on BLM-administered lands,percent,Proportion of BLM rangelands with at least 40% bare ground (80% confidence interval) ,44,Proportion of BLM rangelands with at least 40% bare ground (80% confidence interval) ,
58. Estimated BLM range acres that meet this condition,23,BLM,NA,26177420.00,3019711.00,0.12,22306150.00,30048689.00,AT LEAST 40% OF THE LAND IS BARE GROUND,2011,Year,BLM rangeland acres (millions),acres,BLM rangeland acres (millions) with at least 40% bare ground,45,BLM rangeland acres (millions) with at least 40% bare ground,
58. Estimated BLM range acres that meet this condition,23,BLM,NA,37923443.00,1897011.00,0.05,35492326.00,40354560.00,AT LEAST 40% OF THE LAND IS BARE GROUND,2017,Year,BLM rangeland acres (millions),acres,BLM rangeland acres (millions) with at least 40% bare ground,45,BLM rangeland acres (millions) with at least 40% bare ground,
58. Estimated BLM range acres that meet this condition,23,BLM,1,6434278.00,981450.00,0.15,5176059.00,7692497.00,AT LEAST 40% OF THE LAND IS BARE GROUND,2011,Year,BLM rangeland acres (millions),acres,BLM rangeland acres (millions) with at least 40% bare ground,45,BLM rangeland acres (millions) with at least 40% bare ground,
58. Estimated BLM range acres that meet this condition,23,BLM,NA,43445328.00,2115125.00,0.05,40734687.00,46155969.00,AT LEAST 40% OF THE LAND IS BARE GROUND,2015,Year,BLM rangeland acres (millions),acres,BLM rangeland acres (millions) with at least 40% bare ground,45,BLM rangeland acres (millions) with at least 40% bare ground,
58. Estimated BLM range acres that meet this condition,23,BLM,NA,43709901.00,2401288.00,0.06,40632526.00,46787276.00,AT LEAST 40% OF THE LAND IS BARE GROUND,2016,Year,BLM rangeland acres (millions),acres,BLM rangeland acres (millions) with at least 40% bare ground,45,BLM rangeland acres (millions) with at least 40% bare ground,
58. Estimated BLM range acres that meet this condition,23,BLM,1,12468284.00,601639.00,0.05,11697253.00,13239316.00,AT LEAST 40% OF THE LAND IS BARE GROUND,2015,Year,BLM rangeland acres (millions),acres,BLM rangeland acres (millions) with at least 40% bare ground,45,BLM rangeland acres (millions) with at least 40% bare ground,
58. Estimated BLM range acres that meet this condition,23,BLM,NA,48952097.00,2845536.00,0.06,45305396.00,52598798.00,AT LEAST 40% OF THE LAND IS BARE GROUND,2012,Year,BLM rangeland acres (millions),acres,BLM rangeland acres (millions) with at least 40% bare ground,45,BLM rangeland acres (millions) with at least 40% bare ground,
58. Estimated BLM range acres that meet this condition,23,BLM,1,6203057.00,733209.00,0.12,5263413.00,7142702.00,AT LEAST 40% OF THE LAND IS BARE GROUND,2018,Year,BLM rangeland acres (millions),acres,BLM rangeland acres (millions) with at least 40% bare ground,45,BLM rangeland acres (millions) with at least 40% bare ground,
58. Estimated BLM range acres that meet this condition,23,BLM,2,25151835.00,2432125.00,0.10,22034941.00,28268728.00,AT LEAST 40% OF THE LAND IS BARE GROUND,2018,Year,BLM rangeland acres (millions),acres,BLM rangeland acres (millions) with at least 40% bare ground,45,BLM rangeland acres (millions) with at least 40% bare ground,
58. Estimated BLM range acres that meet this condition,23,BLM,NA,31508071.00,3035765.00,0.10,27617581.00,35398560.00,AT LEAST 40% OF THE LAND IS BARE GROUND,2019,Year,BLM rangeland acres (millions),acres,BLM rangeland acres (millions) with at least 40% bare ground,45,BLM rangeland acres (millions) with at least 40% bare ground,
58. Estimated BLM range acres that meet this condition,23,BLM,1,7597433.00,461664.00,0.06,7005787.00,8189078.00,AT LEAST 40% OF THE LAND IS BARE GROUND,2016,Year,BLM rangeland acres (millions),acres,BLM rangeland acres (millions) with at least 40% bare ground,45,BLM rangeland acres (millions) with at least 40% bare ground,
58. Estimated BLM range acres that meet this condition,23,BLM,1,12279246.00,917050.00,0.08,11104000.00,13454492.00,AT LEAST 40% OF THE LAND IS BARE GROUND,2012,Year,BLM rangeland acres (millions),acres,BLM rangeland acres (millions) with at least 40% bare ground,45,BLM rangeland acres (millions) with at least 40% bare ground,
58. Estimated BLM range acres that meet this condition,23,BLM,2,36672851.00,2473556.00,0.07,33502862.00,39842840.00,AT LEAST 40% OF THE LAND IS BARE GROUND,2012,Year,BLM rangeland acres (millions),acres,BLM rangeland acres (millions) with at least 40% bare ground,45,BLM rangeland acres (millions) with at least 40% bare ground,
58. Estimated BLM range acres that meet this condition,23,BLM,2,23921150.00,3058619.00,0.13,20001373.00,27840928.00,AT LEAST 40% OF THE LAND IS BARE GROUND,2019,Year,BLM rangeland acres (millions),acres,BLM rangeland acres (millions) with at least 40% bare ground,45,BLM rangeland acres (millions) with at least 40% bare ground,
58. Estimated BLM range acres that meet this condition,23,BLM,2,19743142.00,2870265.00,0.15,16063463.00,23422821.00,AT LEAST 40% OF THE LAND IS BARE GROUND,2011,Year,BLM rangeland acres (millions),acres,BLM rangeland acres (millions) with at least 40% bare ground,45,BLM rangeland acres (millions) with at least 40% bare ground,
58. Estimated BLM range acres that meet this condition,23,BLM,NA,43726650.00,2373024.00,0.05,40685498.00,46767802.00,AT LEAST 40% OF THE LAND IS BARE GROUND,2014,Year,BLM rangeland acres (millions),acres,BLM rangeland acres (millions) with at least 40% bare ground,45,BLM rangeland acres (millions) with at least 40% bare ground,
58. Estimated BLM range acres that meet this condition,23,BLM,NA,31354892.00,2590530.00,0.08,28034994.00,34674789.00,AT LEAST 40% OF THE LAND IS BARE GROUND,2018,Year,BLM rangeland acres (millions),acres,BLM rangeland acres (millions) with at least 40% bare ground,45,BLM rangeland acres (millions) with at least 40% bare ground,
58. Estimated BLM range acres that meet this condition,23,BLM,2,29754530.00,2094425.00,0.07,27070417.00,32438644.00,AT LEAST 40% OF THE LAND IS BARE GROUND,2014,Year,BLM rangeland acres (millions),acres,BLM rangeland acres (millions) with at least 40% bare ground,45,BLM rangeland acres (millions) with at least 40% bare ground,
58. Estimated BLM range acres that meet this condition,23,BLM,2,36112469.00,2374186.00,0.07,33069826.00,39155111.00,AT LEAST 40% OF THE LAND IS BARE GROUND,2016,Year,BLM rangeland acres (millions),acres,BLM rangeland acres (millions) with at least 40% bare ground,45,BLM rangeland acres (millions) with at least 40% bare ground,
58. Estimated BLM range acres that meet this condition,23,BLM,2,30872896.00,1886357.00,0.06,28455432.00,33290360.00,AT LEAST 40% OF THE LAND IS BARE GROUND,2017,Year,BLM rangeland acres (millions),acres,BLM rangeland acres (millions) with at least 40% bare ground,45,BLM rangeland acres (millions) with at least 40% bare ground,
58. Estimated BLM range acres that meet this condition,23,BLM,1,7586920.00,514545.00,0.07,6927505.00,8246336.00,AT LEAST 40% OF THE LAND IS BARE GROUND,2019,Year,BLM rangeland acres (millions),acres,BLM rangeland acres (millions) with at least 40% bare ground,45,BLM rangeland acres (millions) with at least 40% bare ground,
58. Estimated BLM range acres that meet this condition,23,BLM,2,30977043.00,2081527.00,0.07,28309459.00,33644628.00,AT LEAST 40% OF THE LAND IS BARE GROUND,2015,Year,BLM rangeland acres (millions),acres,BLM rangeland acres (millions) with at least 40% bare ground,45,BLM rangeland acres (millions) with at least 40% bare ground,
58. Estimated BLM range acres that meet this condition,23,BLM,1,13972120.00,684330.00,0.05,13095115.00,14849124.00,AT LEAST 40% OF THE LAND IS BARE GROUND,2014,Year,BLM rangeland acres (millions),acres,BLM rangeland acres (millions) with at least 40% bare ground,45,BLM rangeland acres (millions) with at least 40% bare ground,
58. Estimated BLM range acres that meet this condition,23,BLM,1,7050547.00,713274.00,0.10,6136450.00,7964644.00,AT LEAST 40% OF THE LAND IS BARE GROUND,2017,Year,BLM rangeland acres (millions),acres,BLM rangeland acres (millions) with at least 40% bare ground,45,BLM rangeland acres (millions) with at least 40% bare ground,
59. Estimated % of BLM range acres that meet this condition,24,BLM,2,23.19,2.32,0.10,20.21,26.16,AT LEAST 50% OF THE LAND IS BARE GROUND,2012,Year,Percent of rangeland acres on BLM-administered lands ,percent,Proportion of BLM rangelands with at least 50% bare ground (80% confidence interval) ,46,Proportion of BLM rangelands with at least 50% bare ground (80% confidence interval) ,
59. Estimated % of BLM range acres that meet this condition,24,BLM,1,10.94,1.32,0.12,9.25,12.63,AT LEAST 50% OF THE LAND IS BARE GROUND,2012,Year,Percent of rangeland acres on BLM-administered lands ,percent,Proportion of BLM rangelands with at least 50% bare ground (80% confidence interval) ,46,Proportion of BLM rangelands with at least 50% bare ground (80% confidence interval) ,
59. Estimated % of BLM range acres that meet this condition,24,BLM,2,12.95,2.75,0.21,9.42,16.47,AT LEAST 50% OF THE LAND IS BARE GROUND,2011,Year,Percent of rangeland acres on BLM-administered lands ,percent,Proportion of BLM rangelands with at least 50% bare ground (80% confidence interval) ,46,Proportion of BLM rangelands with at least 50% bare ground (80% confidence interval) ,
59. Estimated % of BLM range acres that meet this condition,24,BLM,1,6.58,1.79,0.27,4.28,8.87,AT LEAST 50% OF THE LAND IS BARE GROUND,2011,Year,Percent of rangeland acres on BLM-administered lands ,percent,Proportion of BLM rangelands with at least 50% bare ground (80% confidence interval) ,46,Proportion of BLM rangelands with at least 50% bare ground (80% confidence interval) ,
59. Estimated % of BLM range acres that meet this condition,24,BLM,2,16.05,1.93,0.12,13.57,18.52,AT LEAST 50% OF THE LAND IS BARE GROUND,2014,Year,Percent of rangeland acres on BLM-administered lands ,percent,Proportion of BLM rangelands with at least 50% bare ground (80% confidence interval) ,46,Proportion of BLM rangelands with at least 50% bare ground (80% confidence interval) ,
59. Estimated % of BLM range acres that meet this condition,24,BLM,NA,18.96,1.50,0.08,17.03,20.88,AT LEAST 50% OF THE LAND IS BARE GROUND,2012,Year,Percent of rangeland acres on BLM-administered lands ,percent,Proportion of BLM rangelands with at least 50% bare ground (80% confidence interval) ,46,Proportion of BLM rangelands with at least 50% bare ground (80% confidence interval) ,
59. Estimated % of BLM range acres that meet this condition,24,BLM,NA,14.95,1.48,0.10,13.05,16.85,AT LEAST 50% OF THE LAND IS BARE GROUND,2014,Year,Percent of rangeland acres on BLM-administered lands ,percent,Proportion of BLM rangelands with at least 50% bare ground (80% confidence interval) ,46,Proportion of BLM rangelands with at least 50% bare ground (80% confidence interval) ,
59. Estimated % of BLM range acres that meet this condition,24,BLM,1,11.35,0.84,0.07,10.27,12.43,AT LEAST 50% OF THE LAND IS BARE GROUND,2015,Year,Percent of rangeland acres on BLM-administered lands ,percent,Proportion of BLM rangelands with at least 50% bare ground (80% confidence interval) ,46,Proportion of BLM rangelands with at least 50% bare ground (80% confidence interval) ,
59. Estimated % of BLM range acres that meet this condition,24,BLM,1,12.65,1.20,0.10,11.11,14.19,AT LEAST 50% OF THE LAND IS BARE GROUND,2014,Year,Percent of rangeland acres on BLM-administered lands ,percent,Proportion of BLM rangelands with at least 50% bare ground (80% confidence interval) ,46,Proportion of BLM rangelands with at least 50% bare ground (80% confidence interval) ,
59. Estimated % of BLM range acres that meet this condition,24,BLM,NA,12.06,1.59,0.13,10.02,14.10,AT LEAST 50% OF THE LAND IS BARE GROUND,2018,Year,Percent of rangeland acres on BLM-administered lands ,percent,Proportion of BLM rangelands with at least 50% bare ground (80% confidence interval) ,46,Proportion of BLM rangelands with at least 50% bare ground (80% confidence interval) ,
59. Estimated % of BLM range acres that meet this condition,24,BLM,NA,16.18,1.00,0.06,14.90,17.46,AT LEAST 50% OF THE LAND IS BARE GROUND,2015,Year,Percent of rangeland acres on BLM-administered lands ,percent,Proportion of BLM rangelands with at least 50% bare ground (80% confidence interval) ,46,Proportion of BLM rangelands with at least 50% bare ground (80% confidence interval) ,
59. Estimated % of BLM range acres that meet this condition,24,BLM,NA,10.76,1.87,0.17,8.36,13.16,AT LEAST 50% OF THE LAND IS BARE GROUND,2011,Year,Percent of rangeland acres on BLM-administered lands ,percent,Proportion of BLM rangelands with at least 50% bare ground (80% confidence interval) ,46,Proportion of BLM rangelands with at least 50% bare ground (80% confidence interval) ,
59. Estimated % of BLM range acres that meet this condition,24,BLM,2,18.54,1.50,0.08,16.61,20.46,AT LEAST 50% OF THE LAND IS BARE GROUND,2015,Year,Percent of rangeland acres on BLM-administered lands ,percent,Proportion of BLM rangelands with at least 50% bare ground (80% confidence interval) ,46,Proportion of BLM rangelands with at least 50% bare ground (80% confidence interval) ,
59. Estimated % of BLM range acres that meet this condition,24,BLM,2,22.52,2.56,0.11,19.24,25.80,AT LEAST 50% OF THE LAND IS BARE GROUND,2016,Year,Percent of rangeland acres on BLM-administered lands ,percent,Proportion of BLM rangelands with at least 50% bare ground (80% confidence interval) ,46,Proportion of BLM rangelands with at least 50% bare ground (80% confidence interval) ,
59. Estimated % of BLM range acres that meet this condition,24,BLM,NA,12.46,1.48,0.12,10.57,14.36,AT LEAST 50% OF THE LAND IS BARE GROUND,2019,Year,Percent of rangeland acres on BLM-administered lands ,percent,Proportion of BLM rangelands with at least 50% bare ground (80% confidence interval) ,46,Proportion of BLM rangelands with at least 50% bare ground (80% confidence interval) ,
59. Estimated % of BLM range acres that meet this condition,24,BLM,NA,17.02,1.65,0.10,14.90,19.14,AT LEAST 50% OF THE LAND IS BARE GROUND,2016,Year,Percent of rangeland acres on BLM-administered lands ,percent,Proportion of BLM rangelands with at least 50% bare ground (80% confidence interval) ,46,Proportion of BLM rangelands with at least 50% bare ground (80% confidence interval) ,
59. Estimated % of BLM range acres that meet this condition,24,BLM,1,5.81,0.64,0.11,4.99,6.63,AT LEAST 50% OF THE LAND IS BARE GROUND,2016,Year,Percent of rangeland acres on BLM-administered lands ,percent,Proportion of BLM rangelands with at least 50% bare ground (80% confidence interval) ,46,Proportion of BLM rangelands with at least 50% bare ground (80% confidence interval) ,
59. Estimated % of BLM range acres that meet this condition,24,BLM,1,6.24,0.79,0.13,5.23,7.25,AT LEAST 50% OF THE LAND IS BARE GROUND,2017,Year,Percent of rangeland acres on BLM-administered lands ,percent,Proportion of BLM rangelands with at least 50% bare ground (80% confidence interval) ,46,Proportion of BLM rangelands with at least 50% bare ground (80% confidence interval) ,
59. Estimated % of BLM range acres that meet this condition,24,BLM,2,19.01,1.74,0.09,16.78,21.23,AT LEAST 50% OF THE LAND IS BARE GROUND,2017,Year,Percent of rangeland acres on BLM-administered lands ,percent,Proportion of BLM rangelands with at least 50% bare ground (80% confidence interval) ,46,Proportion of BLM rangelands with at least 50% bare ground (80% confidence interval) ,
59. Estimated % of BLM range acres that meet this condition,24,BLM,2,15.23,2.23,0.15,12.38,18.08,AT LEAST 50% OF THE LAND IS BARE GROUND,2018,Year,Percent of rangeland acres on BLM-administered lands ,percent,Proportion of BLM rangelands with at least 50% bare ground (80% confidence interval) ,46,Proportion of BLM rangelands with at least 50% bare ground (80% confidence interval) ,
59. Estimated % of BLM range acres that meet this condition,24,BLM,NA,14.70,1.18,0.08,13.20,16.21,AT LEAST 50% OF THE LAND IS BARE GROUND,2017,Year,Percent of rangeland acres on BLM-administered lands ,percent,Proportion of BLM rangelands with at least 50% bare ground (80% confidence interval) ,46,Proportion of BLM rangelands with at least 50% bare ground (80% confidence interval) ,
59. Estimated % of BLM range acres that meet this condition,24,BLM,1,5.81,1.01,0.17,4.52,7.10,AT LEAST 50% OF THE LAND IS BARE GROUND,2018,Year,Percent of rangeland acres on BLM-administered lands ,percent,Proportion of BLM rangelands with at least 50% bare ground (80% confidence interval) ,46,Proportion of BLM rangelands with at least 50% bare ground (80% confidence interval) ,
59. Estimated % of BLM range acres that meet this condition,24,BLM,1,6.99,0.91,0.13,5.83,8.15,AT LEAST 50% OF THE LAND IS BARE GROUND,2019,Year,Percent of rangeland acres on BLM-administered lands ,percent,Proportion of BLM rangelands with at least 50% bare ground (80% confidence interval) ,46,Proportion of BLM rangelands with at least 50% bare ground (80% confidence interval) ,
59. Estimated % of BLM range acres that meet this condition,24,BLM,2,15.35,2.20,0.14,12.53,18.17,AT LEAST 50% OF THE LAND IS BARE GROUND,2019,Year,Percent of rangeland acres on BLM-administered lands ,percent,Proportion of BLM rangelands with at least 50% bare ground (80% confidence interval) ,46,Proportion of BLM rangelands with at least 50% bare ground (80% confidence interval) ,
6. Estimated BLM range acres with BI = 3,2,BLM,NA,14136852.00,1349728.00,0.10,12407105.00,15866598.00,BIOTIC INTEGRITY HAD MODERATE DEPARTURE FROM REFERENCE CONDITIONS (BI = 3),2015,Year,BLM rangeland acres (millions),acres,BLM rangeland acres (millions) with moderate departure from biotic integrity reference conditions (BI = 3) ,4,BLM rangeland acres (millions) with moderate departure from biotic integrity reference conditions (BI = 3) ,
6. Estimated BLM range acres with BI = 3,2,BLM,1,3688798.00,444959.00,0.12,3118560.00,4259035.00,BIOTIC INTEGRITY HAD MODERATE DEPARTURE FROM REFERENCE CONDITIONS (BI = 3),2015,Year,BLM rangeland acres (millions),acres,BLM rangeland acres (millions) with moderate departure from biotic integrity reference conditions (BI = 3) ,4,BLM rangeland acres (millions) with moderate departure from biotic integrity reference conditions (BI = 3) ,
6. Estimated BLM range acres with BI = 3,2,BLM,2,5081865.00,1475168.00,0.29,3191361.00,6972369.00,BIOTIC INTEGRITY HAD MODERATE DEPARTURE FROM REFERENCE CONDITIONS (BI = 3),2018,Year,BLM rangeland acres (millions),acres,BLM rangeland acres (millions) with moderate departure from biotic integrity reference conditions (BI = 3) ,4,BLM rangeland acres (millions) with moderate departure from biotic integrity reference conditions (BI = 3) ,
6. Estimated BLM range acres with BI = 3,2,BLM,NA,13371724.00,1377555.00,0.10,11606316.00,15137132.00,BIOTIC INTEGRITY HAD MODERATE DEPARTURE FROM REFERENCE CONDITIONS (BI = 3),2016,Year,BLM rangeland acres (millions),acres,BLM rangeland acres (millions) with moderate departure from biotic integrity reference conditions (BI = 3) ,4,BLM rangeland acres (millions) with moderate departure from biotic integrity reference conditions (BI = 3) ,
6. Estimated BLM range acres with BI = 3,2,BLM,NA,15784885.00,1402187.00,0.09,13987911.00,17581860.00,BIOTIC INTEGRITY HAD MODERATE DEPARTURE FROM REFERENCE CONDITIONS (BI = 3),2014,Year,BLM rangeland acres (millions),acres,BLM rangeland acres (millions) with moderate departure from biotic integrity reference conditions (BI = 3) ,4,BLM rangeland acres (millions) with moderate departure from biotic integrity reference conditions (BI = 3) ,
6. Estimated BLM range acres with BI = 3,2,BLM,1,3074951.00,364609.00,0.12,2607686.00,3542217.00,BIOTIC INTEGRITY HAD MODERATE DEPARTURE FROM REFERENCE CONDITIONS (BI = 3),2012,Year,BLM rangeland acres (millions),acres,BLM rangeland acres (millions) with moderate departure from biotic integrity reference conditions (BI = 3) ,4,BLM rangeland acres (millions) with moderate departure from biotic integrity reference conditions (BI = 3) ,
6. Estimated BLM range acres with BI = 3,2,BLM,NA,11038317.00,1322375.00,0.12,9343032.00,12733601.00,BIOTIC INTEGRITY HAD MODERATE DEPARTURE FROM REFERENCE CONDITIONS (BI = 3),2011,Year,BLM rangeland acres (millions),acres,BLM rangeland acres (millions) with moderate departure from biotic integrity reference conditions (BI = 3) ,4,BLM rangeland acres (millions) with moderate departure from biotic integrity reference conditions (BI = 3) ,
6. Estimated BLM range acres with BI = 3,2,BLM,NA,17015047.00,2569169.00,0.15,13722525.00,20307569.00,BIOTIC INTEGRITY HAD MODERATE DEPARTURE FROM REFERENCE CONDITIONS (BI = 3),2012,Year,BLM rangeland acres (millions),acres,BLM rangeland acres (millions) with moderate departure from biotic integrity reference conditions (BI = 3) ,4,BLM rangeland acres (millions) with moderate departure from biotic integrity reference conditions (BI = 3) ,
6. Estimated BLM range acres with BI = 3,2,BLM,1,5864040.00,587245.00,0.10,5111455.00,6616625.00,BIOTIC INTEGRITY HAD MODERATE DEPARTURE FROM REFERENCE CONDITIONS (BI = 3),2018,Year,BLM rangeland acres (millions),acres,BLM rangeland acres (millions) with moderate departure from biotic integrity reference conditions (BI = 3) ,4,BLM rangeland acres (millions) with moderate departure from biotic integrity reference conditions (BI = 3) ,
6. Estimated BLM range acres with BI = 3,2,BLM,NA,14648225.00,1700592.00,0.12,12468829.00,16827621.00,BIOTIC INTEGRITY HAD MODERATE DEPARTURE FROM REFERENCE CONDITIONS (BI = 3),2017,Year,BLM rangeland acres (millions),acres,BLM rangeland acres (millions) with moderate departure from biotic integrity reference conditions (BI = 3) ,4,BLM rangeland acres (millions) with moderate departure from biotic integrity reference conditions (BI = 3) ,
6. Estimated BLM range acres with BI = 3,2,BLM,1,4438613.00,430667.00,0.10,3886691.00,4990535.00,BIOTIC INTEGRITY HAD MODERATE DEPARTURE FROM REFERENCE CONDITIONS (BI = 3),2016,Year,BLM rangeland acres (millions),acres,BLM rangeland acres (millions) with moderate departure from biotic integrity reference conditions (BI = 3) ,4,BLM rangeland acres (millions) with moderate departure from biotic integrity reference conditions (BI = 3) ,
6. Estimated BLM range acres with BI = 3,2,BLM,NA,10945906.00,1588181.00,0.15,8910570.00,12981241.00,BIOTIC INTEGRITY HAD MODERATE DEPARTURE FROM REFERENCE CONDITIONS (BI = 3),2018,Year,BLM rangeland acres (millions),acres,BLM rangeland acres (millions) with moderate departure from biotic integrity reference conditions (BI = 3) ,4,BLM rangeland acres (millions) with moderate departure from biotic integrity reference conditions (BI = 3) ,
6. Estimated BLM range acres with BI = 3,2,BLM,2,10448054.00,1261578.00,0.12,8831278.00,12064831.00,BIOTIC INTEGRITY HAD MODERATE DEPARTURE FROM REFERENCE CONDITIONS (BI = 3),2015,Year,BLM rangeland acres (millions),acres,BLM rangeland acres (millions) with moderate departure from biotic integrity reference conditions (BI = 3) ,4,BLM rangeland acres (millions) with moderate departure from biotic integrity reference conditions (BI = 3) ,
6. Estimated BLM range acres with BI = 3,2,BLM,2,8933111.00,1325089.00,0.15,7234941.00,10631281.00,BIOTIC INTEGRITY HAD MODERATE DEPARTURE FROM REFERENCE CONDITIONS (BI = 3),2016,Year,BLM rangeland acres (millions),acres,BLM rangeland acres (millions) with moderate departure from biotic integrity reference conditions (BI = 3) ,4,BLM rangeland acres (millions) with moderate departure from biotic integrity reference conditions (BI = 3) ,
6. Estimated BLM range acres with BI = 3,2,BLM,1,3935503.00,481773.00,0.12,3318086.00,4552919.00,BIOTIC INTEGRITY HAD MODERATE DEPARTURE FROM REFERENCE CONDITIONS (BI = 3),2017,Year,BLM rangeland acres (millions),acres,BLM rangeland acres (millions) with moderate departure from biotic integrity reference conditions (BI = 3) ,4,BLM rangeland acres (millions) with moderate departure from biotic integrity reference conditions (BI = 3) ,
6. Estimated BLM range acres with BI = 3,2,BLM,2,10712723.00,1666048.00,0.16,8577596.00,12847849.00,BIOTIC INTEGRITY HAD MODERATE DEPARTURE FROM REFERENCE CONDITIONS (BI = 3),2017,Year,BLM rangeland acres (millions),acres,BLM rangeland acres (millions) with moderate departure from biotic integrity reference conditions (BI = 3) ,4,BLM rangeland acres (millions) with moderate departure from biotic integrity reference conditions (BI = 3) ,
6. Estimated BLM range acres with BI = 3,2,BLM,1,2946062.00,819097.00,0.28,1895980.00,3996143.00,BIOTIC INTEGRITY HAD MODERATE DEPARTURE FROM REFERENCE CONDITIONS (BI = 3),2011,Year,BLM rangeland acres (millions),acres,BLM rangeland acres (millions) with moderate departure from biotic integrity reference conditions (BI = 3) ,4,BLM rangeland acres (millions) with moderate departure from biotic integrity reference conditions (BI = 3) ,
6. Estimated BLM range acres with BI = 3,2,BLM,2,8092255.00,1135039.00,0.14,6637135.00,9547375.00,BIOTIC INTEGRITY HAD MODERATE DEPARTURE FROM REFERENCE CONDITIONS (BI = 3),2011,Year,BLM rangeland acres (millions),acres,BLM rangeland acres (millions) with moderate departure from biotic integrity reference conditions (BI = 3) ,4,BLM rangeland acres (millions) with moderate departure from biotic integrity reference conditions (BI = 3) ,
6. Estimated BLM range acres with BI = 3,2,BLM,1,2619192.00,237052.00,0.09,2315397.00,2922986.00,BIOTIC INTEGRITY HAD MODERATE DEPARTURE FROM REFERENCE CONDITIONS (BI = 3),2014,Year,BLM rangeland acres (millions),acres,BLM rangeland acres (millions) with moderate departure from biotic integrity reference conditions (BI = 3) ,4,BLM rangeland acres (millions) with moderate departure from biotic integrity reference conditions (BI = 3) ,
6. Estimated BLM range acres with BI = 3,2,BLM,2,13165693.00,1379235.00,0.11,11398133.00,14933254.00,BIOTIC INTEGRITY HAD MODERATE DEPARTURE FROM REFERENCE CONDITIONS (BI = 3),2014,Year,BLM rangeland acres (millions),acres,BLM rangeland acres (millions) with moderate departure from biotic integrity reference conditions (BI = 3) ,4,BLM rangeland acres (millions) with moderate departure from biotic integrity reference conditions (BI = 3) ,
6. Estimated BLM range acres with BI = 3,2,BLM,NA,5617903.00,1008430.00,0.18,4325548.00,6910257.00,BIOTIC INTEGRITY HAD MODERATE DEPARTURE FROM REFERENCE CONDITIONS (BI = 3),2019,Year,BLM rangeland acres (millions),acres,BLM rangeland acres (millions) with moderate departure from biotic integrity reference conditions (BI = 3) ,4,BLM rangeland acres (millions) with moderate departure from biotic integrity reference conditions (BI = 3) ,
6. Estimated BLM range acres with BI = 3,2,BLM,1,1531887.00,317051.00,0.21,1125570.00,1938205.00,BIOTIC INTEGRITY HAD MODERATE DEPARTURE FROM REFERENCE CONDITIONS (BI = 3),2019,Year,BLM rangeland acres (millions),acres,BLM rangeland acres (millions) with moderate departure from biotic integrity reference conditions (BI = 3) ,4,BLM rangeland acres (millions) with moderate departure from biotic integrity reference conditions (BI = 3) ,
6. Estimated BLM range acres with BI = 3,2,BLM,2,4086015.00,979331.00,0.24,2830952.00,5341079.00,BIOTIC INTEGRITY HAD MODERATE DEPARTURE FROM REFERENCE CONDITIONS (BI = 3),2019,Year,BLM rangeland acres (millions),acres,BLM rangeland acres (millions) with moderate departure from biotic integrity reference conditions (BI = 3) ,4,BLM rangeland acres (millions) with moderate departure from biotic integrity reference conditions (BI = 3) ,
6. Estimated BLM range acres with BI = 3,2,BLM,2,13940095.00,2546895.00,0.18,10676118.00,17204073.00,BIOTIC INTEGRITY HAD MODERATE DEPARTURE FROM REFERENCE CONDITIONS (BI = 3),2012,Year,BLM rangeland acres (millions),acres,BLM rangeland acres (millions) with moderate departure from biotic integrity reference conditions (BI = 3) ,4,BLM rangeland acres (millions) with moderate departure from biotic integrity reference conditions (BI = 3) ,
61. Estimated BLM range acres that meet this condition,24,BLM,1,5783118.00,705264.00,0.12,4879286.00,6686950.00,AT LEAST 50% OF THE LAND IS BARE GROUND,2012,Year,BLM rangeland acres (millions),acres,BLM rangeland acres (millions) with at least 50% bare ground,47,BLM rangeland acres (millions) with at least 50% bare ground,
61. Estimated BLM range acres that meet this condition,24,BLM,NA,16258325.00,2769895.00,0.17,12707319.00,19809331.00,AT LEAST 50% OF THE LAND IS BARE GROUND,2011,Year,BLM rangeland acres (millions),acres,BLM rangeland acres (millions) with at least 50% bare ground,47,BLM rangeland acres (millions) with at least 50% bare ground,
61. Estimated BLM range acres that meet this condition,24,BLM,2,23258714.00,2386236.00,0.10,20200630.00,26316798.00,AT LEAST 50% OF THE LAND IS BARE GROUND,2012,Year,BLM rangeland acres (millions),acres,BLM rangeland acres (millions) with at least 50% bare ground,47,BLM rangeland acres (millions) with at least 50% bare ground,
61. Estimated BLM range acres that meet this condition,24,BLM,2,17772936.00,2071637.00,0.12,15118026.00,20427846.00,AT LEAST 50% OF THE LAND IS BARE GROUND,2014,Year,BLM rangeland acres (millions),acres,BLM rangeland acres (millions) with at least 50% bare ground,47,BLM rangeland acres (millions) with at least 50% bare ground,
61. Estimated BLM range acres that meet this condition,24,BLM,2,20092155.00,1691097.00,0.08,17924926.00,22259383.00,AT LEAST 50% OF THE LAND IS BARE GROUND,2015,Year,BLM rangeland acres (millions),acres,BLM rangeland acres (millions) with at least 50% bare ground,47,BLM rangeland acres (millions) with at least 50% bare ground,
61. Estimated BLM range acres that meet this condition,24,BLM,NA,29041832.00,2368854.00,0.08,26006024.00,32077640.00,AT LEAST 50% OF THE LAND IS BARE GROUND,2012,Year,BLM rangeland acres (millions),acres,BLM rangeland acres (millions) with at least 50% bare ground,47,BLM rangeland acres (millions) with at least 50% bare ground,
61. Estimated BLM range acres that meet this condition,24,BLM,1,3414922.00,891473.00,0.26,2272053.00,4557790.00,AT LEAST 50% OF THE LAND IS BARE GROUND,2011,Year,BLM rangeland acres (millions),acres,BLM rangeland acres (millions) with at least 50% bare ground,47,BLM rangeland acres (millions) with at least 50% bare ground,
61. Estimated BLM range acres that meet this condition,24,BLM,2,12843403.00,2542975.00,0.20,9583310.00,16103497.00,AT LEAST 50% OF THE LAND IS BARE GROUND,2011,Year,BLM rangeland acres (millions),acres,BLM rangeland acres (millions) with at least 50% bare ground,47,BLM rangeland acres (millions) with at least 50% bare ground,
61. Estimated BLM range acres that meet this condition,24,BLM,1,3098554.00,339887.00,0.11,2662971.00,3534137.00,AT LEAST 50% OF THE LAND IS BARE GROUND,2016,Year,BLM rangeland acres (millions),acres,BLM rangeland acres (millions) with at least 50% bare ground,47,BLM rangeland acres (millions) with at least 50% bare ground,
61. Estimated BLM range acres that meet this condition,24,BLM,2,24495221.00,2640081.00,0.11,21111822.00,27878620.00,AT LEAST 50% OF THE LAND IS BARE GROUND,2016,Year,BLM rangeland acres (millions),acres,BLM rangeland acres (millions) with at least 50% bare ground,47,BLM rangeland acres (millions) with at least 50% bare ground,
61. Estimated BLM range acres that meet this condition,24,BLM,1,6727293.00,625801.00,0.09,5925296.00,7529289.00,AT LEAST 50% OF THE LAND IS BARE GROUND,2014,Year,BLM rangeland acres (millions),acres,BLM rangeland acres (millions) with at least 50% bare ground,47,BLM rangeland acres (millions) with at least 50% bare ground,
61. Estimated BLM range acres that meet this condition,24,BLM,NA,27593775.00,2589396.00,0.09,24275330.00,30912219.00,AT LEAST 50% OF THE LAND IS BARE GROUND,2016,Year,BLM rangeland acres (millions),acres,BLM rangeland acres (millions) with at least 50% bare ground,47,BLM rangeland acres (millions) with at least 50% bare ground,
61. Estimated BLM range acres that meet this condition,24,BLM,NA,23316075.00,1820410.00,0.08,20983126.00,25649024.00,AT LEAST 50% OF THE LAND IS BARE GROUND,2017,Year,BLM rangeland acres (millions),acres,BLM rangeland acres (millions) with at least 50% bare ground,47,BLM rangeland acres (millions) with at least 50% bare ground,
61. Estimated BLM range acres that meet this condition,24,BLM,1,3333615.00,429728.00,0.13,2782896.00,3884334.00,AT LEAST 50% OF THE LAND IS BARE GROUND,2017,Year,BLM rangeland acres (millions),acres,BLM rangeland acres (millions) with at least 50% bare ground,47,BLM rangeland acres (millions) with at least 50% bare ground,
61. Estimated BLM range acres that meet this condition,24,BLM,NA,24500229.00,2364446.00,0.10,21470070.00,27530388.00,AT LEAST 50% OF THE LAND IS BARE GROUND,2014,Year,BLM rangeland acres (millions),acres,BLM rangeland acres (millions) with at least 50% bare ground,47,BLM rangeland acres (millions) with at least 50% bare ground,
61. Estimated BLM range acres that meet this condition,24,BLM,NA,26107434.00,1673856.00,0.06,23962301.00,28252567.00,AT LEAST 50% OF THE LAND IS BARE GROUND,2015,Year,BLM rangeland acres (millions),acres,BLM rangeland acres (millions) with at least 50% bare ground,47,BLM rangeland acres (millions) with at least 50% bare ground,
61. Estimated BLM range acres that meet this condition,24,BLM,NA,18736194.00,2581566.00,0.14,15427784.00,22044604.00,AT LEAST 50% OF THE LAND IS BARE GROUND,2018,Year,BLM rangeland acres (millions),acres,BLM rangeland acres (millions) with at least 50% bare ground,47,BLM rangeland acres (millions) with at least 50% bare ground,
61. Estimated BLM range acres that meet this condition,24,BLM,1,3039149.00,523767.00,0.17,2367914.00,3710383.00,AT LEAST 50% OF THE LAND IS BARE GROUND,2018,Year,BLM rangeland acres (millions),acres,BLM rangeland acres (millions) with at least 50% bare ground,47,BLM rangeland acres (millions) with at least 50% bare ground,
61. Estimated BLM range acres that meet this condition,24,BLM,2,19982460.00,1757934.00,0.09,17729578.00,22235342.00,AT LEAST 50% OF THE LAND IS BARE GROUND,2017,Year,BLM rangeland acres (millions),acres,BLM rangeland acres (millions) with at least 50% bare ground,47,BLM rangeland acres (millions) with at least 50% bare ground,
61. Estimated BLM range acres that meet this condition,24,BLM,1,6015279.00,456872.00,0.08,5429775.00,6600784.00,AT LEAST 50% OF THE LAND IS BARE GROUND,2015,Year,BLM rangeland acres (millions),acres,BLM rangeland acres (millions) with at least 50% bare ground,47,BLM rangeland acres (millions) with at least 50% bare ground,
61. Estimated BLM range acres that meet this condition,24,BLM,NA,19036159.00,2306976.00,0.12,16079649.00,21992668.00,AT LEAST 50% OF THE LAND IS BARE GROUND,2019,Year,BLM rangeland acres (millions),acres,BLM rangeland acres (millions) with at least 50% bare ground,47,BLM rangeland acres (millions) with at least 50% bare ground,
61. Estimated BLM range acres that meet this condition,24,BLM,2,15697045.00,2384739.00,0.15,12640879.00,18753212.00,AT LEAST 50% OF THE LAND IS BARE GROUND,2018,Year,BLM rangeland acres (millions),acres,BLM rangeland acres (millions) with at least 50% bare ground,47,BLM rangeland acres (millions) with at least 50% bare ground,
61. Estimated BLM range acres that meet this condition,24,BLM,2,15351008.00,2297749.00,0.15,12406325.00,18295692.00,AT LEAST 50% OF THE LAND IS BARE GROUND,2019,Year,BLM rangeland acres (millions),acres,BLM rangeland acres (millions) with at least 50% bare ground,47,BLM rangeland acres (millions) with at least 50% bare ground,
61. Estimated BLM range acres that meet this condition,24,BLM,1,3685150.00,478720.00,0.13,3071646.00,4298654.00,AT LEAST 50% OF THE LAND IS BARE GROUND,2019,Year,BLM rangeland acres (millions),acres,BLM rangeland acres (millions) with at least 50% bare ground,47,BLM rangeland acres (millions) with at least 50% bare ground,
63. Estimated % of BLM range acres that meet this condition,25,BLM,NA,68.86,1.61,0.02,66.79,70.93,SOIL AGGREGATE STABILITY IS 4 OR LESS (1=LOW; 6=HIGH RESISTANCE TO EROSION),2012,Year,Percent of rangeland acres on BLM-administered lands,percent,Proportion of BLM rangelands where soil aggregate stability is ranked 4 or less (80% confidence interval),48,Proportion of BLM rangelands where soil aggregate stability is ranked 4 or less (80% confidence interval),
63. Estimated % of BLM range acres that meet this condition,25,BLM,2,68.95,1.56,0.02,66.96,70.95,SOIL AGGREGATE STABILITY IS 4 OR LESS (1=LOW; 6=HIGH RESISTANCE TO EROSION),2016,Year,Percent of rangeland acres on BLM-administered lands,percent,Proportion of BLM rangelands where soil aggregate stability is ranked 4 or less (80% confidence interval),48,Proportion of BLM rangelands where soil aggregate stability is ranked 4 or less (80% confidence interval),
63. Estimated % of BLM range acres that meet this condition,25,BLM,NA,77.96,1.26,0.02,76.34,79.57,SOIL AGGREGATE STABILITY IS 4 OR LESS (1=LOW; 6=HIGH RESISTANCE TO EROSION),2014,Year,Percent of rangeland acres on BLM-administered lands,percent,Proportion of BLM rangelands where soil aggregate stability is ranked 4 or less (80% confidence interval),48,Proportion of BLM rangelands where soil aggregate stability is ranked 4 or less (80% confidence interval),
63. Estimated % of BLM range acres that meet this condition,25,BLM,1,47.43,1.78,0.04,45.14,49.71,SOIL AGGREGATE STABILITY IS 4 OR LESS (1=LOW; 6=HIGH RESISTANCE TO EROSION),2015,Year,Percent of rangeland acres on BLM-administered lands,percent,Proportion of BLM rangelands where soil aggregate stability is ranked 4 or less (80% confidence interval),48,Proportion of BLM rangelands where soil aggregate stability is ranked 4 or less (80% confidence interval),
63. Estimated % of BLM range acres that meet this condition,25,BLM,2,64.70,3.73,0.06,59.91,69.48,SOIL AGGREGATE STABILITY IS 4 OR LESS (1=LOW; 6=HIGH RESISTANCE TO EROSION),2018,Year,Percent of rangeland acres on BLM-administered lands,percent,Proportion of BLM rangelands where soil aggregate stability is ranked 4 or less (80% confidence interval),48,Proportion of BLM rangelands where soil aggregate stability is ranked 4 or less (80% confidence interval),
63. Estimated % of BLM range acres that meet this condition,25,BLM,2,64.57,2.61,0.04,61.22,67.92,SOIL AGGREGATE STABILITY IS 4 OR LESS (1=LOW; 6=HIGH RESISTANCE TO EROSION),2017,Year,Percent of rangeland acres on BLM-administered lands,percent,Proportion of BLM rangelands where soil aggregate stability is ranked 4 or less (80% confidence interval),48,Proportion of BLM rangelands where soil aggregate stability is ranked 4 or less (80% confidence interval),
63. Estimated % of BLM range acres that meet this condition,25,BLM,1,45.87,1.60,0.04,43.82,47.91,SOIL AGGREGATE STABILITY IS 4 OR LESS (1=LOW; 6=HIGH RESISTANCE TO EROSION),2016,Year,Percent of rangeland acres on BLM-administered lands,percent,Proportion of BLM rangelands where soil aggregate stability is ranked 4 or less (80% confidence interval),48,Proportion of BLM rangelands where soil aggregate stability is ranked 4 or less (80% confidence interval),
63. Estimated % of BLM range acres that meet this condition,25,BLM,2,68.19,2.58,0.04,64.87,71.50,SOIL AGGREGATE STABILITY IS 4 OR LESS (1=LOW; 6=HIGH RESISTANCE TO EROSION),2015,Year,Percent of rangeland acres on BLM-administered lands,percent,Proportion of BLM rangelands where soil aggregate stability is ranked 4 or less (80% confidence interval),48,Proportion of BLM rangelands where soil aggregate stability is ranked 4 or less (80% confidence interval),
63. Estimated % of BLM range acres that meet this condition,25,BLM,2,82.42,1.54,0.02,80.45,84.39,SOIL AGGREGATE STABILITY IS 4 OR LESS (1=LOW; 6=HIGH RESISTANCE TO EROSION),2014,Year,Percent of rangeland acres on BLM-administered lands,percent,Proportion of BLM rangelands where soil aggregate stability is ranked 4 or less (80% confidence interval),48,Proportion of BLM rangelands where soil aggregate stability is ranked 4 or less (80% confidence interval),
63. Estimated % of BLM range acres that meet this condition,25,BLM,NA,55.67,2.23,0.04,52.81,58.52,SOIL AGGREGATE STABILITY IS 4 OR LESS (1=LOW; 6=HIGH RESISTANCE TO EROSION),2011,Year,Percent of rangeland acres on BLM-administered lands,percent,Proportion of BLM rangelands where soil aggregate stability is ranked 4 or less (80% confidence interval),48,Proportion of BLM rangelands where soil aggregate stability is ranked 4 or less (80% confidence interval),
63. Estimated % of BLM range acres that meet this condition,25,BLM,NA,61.38,1.73,0.03,59.16,63.59,SOIL AGGREGATE STABILITY IS 4 OR LESS (1=LOW; 6=HIGH RESISTANCE TO EROSION),2015,Year,Percent of rangeland acres on BLM-administered lands,percent,Proportion of BLM rangelands where soil aggregate stability is ranked 4 or less (80% confidence interval),48,Proportion of BLM rangelands where soil aggregate stability is ranked 4 or less (80% confidence interval),
63. Estimated % of BLM range acres that meet this condition,25,BLM,1,46.01,2.29,0.05,43.07,48.94,SOIL AGGREGATE STABILITY IS 4 OR LESS (1=LOW; 6=HIGH RESISTANCE TO EROSION),2017,Year,Percent of rangeland acres on BLM-administered lands,percent,Proportion of BLM rangelands where soil aggregate stability is ranked 4 or less (80% confidence interval),48,Proportion of BLM rangelands where soil aggregate stability is ranked 4 or less (80% confidence interval),
63. Estimated % of BLM range acres that meet this condition,25,BLM,1,45.03,2.35,0.05,42.02,48.05,SOIL AGGREGATE STABILITY IS 4 OR LESS (1=LOW; 6=HIGH RESISTANCE TO EROSION),2018,Year,Percent of rangeland acres on BLM-administered lands,percent,Proportion of BLM rangelands where soil aggregate stability is ranked 4 or less (80% confidence interval),48,Proportion of BLM rangelands where soil aggregate stability is ranked 4 or less (80% confidence interval),
63. Estimated % of BLM range acres that meet this condition,25,BLM,NA,61.36,1.09,0.02,59.96,62.75,SOIL AGGREGATE STABILITY IS 4 OR LESS (1=LOW; 6=HIGH RESISTANCE TO EROSION),2016,Year,Percent of rangeland acres on BLM-administered lands,percent,Proportion of BLM rangelands where soil aggregate stability is ranked 4 or less (80% confidence interval),48,Proportion of BLM rangelands where soil aggregate stability is ranked 4 or less (80% confidence interval),
63. Estimated % of BLM range acres that meet this condition,25,BLM,2,71.76,2.40,0.03,68.68,74.84,SOIL AGGREGATE STABILITY IS 4 OR LESS (1=LOW; 6=HIGH RESISTANCE TO EROSION),2012,Year,Percent of rangeland acres on BLM-administered lands,percent,Proportion of BLM rangelands where soil aggregate stability is ranked 4 or less (80% confidence interval),48,Proportion of BLM rangelands where soil aggregate stability is ranked 4 or less (80% confidence interval),
63. Estimated % of BLM range acres that meet this condition,25,BLM,NA,58.31,1.78,0.03,56.04,60.59,SOIL AGGREGATE STABILITY IS 4 OR LESS (1=LOW; 6=HIGH RESISTANCE TO EROSION),2017,Year,Percent of rangeland acres on BLM-administered lands,percent,Proportion of BLM rangelands where soil aggregate stability is ranked 4 or less (80% confidence interval),48,Proportion of BLM rangelands where soil aggregate stability is ranked 4 or less (80% confidence interval),
63. Estimated % of BLM range acres that meet this condition,25,BLM,1,63.36,1.96,0.03,60.85,65.87,SOIL AGGREGATE STABILITY IS 4 OR LESS (1=LOW; 6=HIGH RESISTANCE TO EROSION),2012,Year,Percent of rangeland acres on BLM-administered lands,percent,Proportion of BLM rangelands where soil aggregate stability is ranked 4 or less (80% confidence interval),48,Proportion of BLM rangelands where soil aggregate stability is ranked 4 or less (80% confidence interval),
63. Estimated % of BLM range acres that meet this condition,25,BLM,2,63.56,3.18,0.05,59.48,67.63,SOIL AGGREGATE STABILITY IS 4 OR LESS (1=LOW; 6=HIGH RESISTANCE TO EROSION),2011,Year,Percent of rangeland acres on BLM-administered lands,percent,Proportion of BLM rangelands where soil aggregate stability is ranked 4 or less (80% confidence interval),48,Proportion of BLM rangelands where soil aggregate stability is ranked 4 or less (80% confidence interval),
63. Estimated % of BLM range acres that meet this condition,25,BLM,1,68.64,1.86,0.03,66.26,71.02,SOIL AGGREGATE STABILITY IS 4 OR LESS (1=LOW; 6=HIGH RESISTANCE TO EROSION),2014,Year,Percent of rangeland acres on BLM-administered lands,percent,Proportion of BLM rangelands where soil aggregate stability is ranked 4 or less (80% confidence interval),48,Proportion of BLM rangelands where soil aggregate stability is ranked 4 or less (80% confidence interval),
63. Estimated % of BLM range acres that meet this condition,25,BLM,NA,58.08,2.29,0.04,55.14,61.01,SOIL AGGREGATE STABILITY IS 4 OR LESS (1=LOW; 6=HIGH RESISTANCE TO EROSION),2018,Year,Percent of rangeland acres on BLM-administered lands,percent,Proportion of BLM rangelands where soil aggregate stability is ranked 4 or less (80% confidence interval),48,Proportion of BLM rangelands where soil aggregate stability is ranked 4 or less (80% confidence interval),
63. Estimated % of BLM range acres that meet this condition,25,BLM,1,40.59,3.86,0.10,35.64,45.53,SOIL AGGREGATE STABILITY IS 4 OR LESS (1=LOW; 6=HIGH RESISTANCE TO EROSION),2011,Year,Percent of rangeland acres on BLM-administered lands,percent,Proportion of BLM rangelands where soil aggregate stability is ranked 4 or less (80% confidence interval),48,Proportion of BLM rangelands where soil aggregate stability is ranked 4 or less (80% confidence interval),
65. Estimated BLM range acres that meet this condition,25,BLM,NA,99010150.00,2943502.00,0.03,95237900.00,102782400.00,SOIL AGGREGATE STABILITY IS 4 OR LESS (1=LOW; 6=HIGH RESISTANCE TO EROSION),2015,Year,BLM rangeland acres (millions),acres,BLM rangeland acres (millions) where soil aggregate stability is ranked 4 or less,49,BLM rangeland acres (millions) where soil aggregate stability is ranked 4 or less,
65. Estimated BLM range acres that meet this condition,25,BLM,NA,92463343.00,2978013.00,0.03,88646866.00,96279819.00,SOIL AGGREGATE STABILITY IS 4 OR LESS (1=LOW; 6=HIGH RESISTANCE TO EROSION),2017,Year,BLM rangeland acres (millions),acres,BLM rangeland acres (millions) where soil aggregate stability is ranked 4 or less,49,BLM rangeland acres (millions) where soil aggregate stability is ranked 4 or less,
65. Estimated BLM range acres that meet this condition,25,BLM,2,67878080.00,2781360.00,0.04,64313624.00,71442536.00,SOIL AGGREGATE STABILITY IS 4 OR LESS (1=LOW; 6=HIGH RESISTANCE TO EROSION),2017,Year,BLM rangeland acres (millions),acres,BLM rangeland acres (millions) where soil aggregate stability is ranked 4 or less,49,BLM rangeland acres (millions) where soil aggregate stability is ranked 4 or less,
65. Estimated BLM range acres that meet this condition,25,BLM,1,23566507.00,1163521.00,0.05,22075395.00,25057620.00,SOIL AGGREGATE STABILITY IS 4 OR LESS (1=LOW; 6=HIGH RESISTANCE TO EROSION),2018,Year,BLM rangeland acres (millions),acres,BLM rangeland acres (millions) where soil aggregate stability is ranked 4 or less,49,BLM rangeland acres (millions) where soil aggregate stability is ranked 4 or less,
65. Estimated BLM range acres that meet this condition,25,BLM,2,63049658.00,3026521.00,0.05,59169659.00,66929658.00,SOIL AGGREGATE STABILITY IS 4 OR LESS (1=LOW; 6=HIGH RESISTANCE TO EROSION),2011,Year,BLM rangeland acres (millions),acres,BLM rangeland acres (millions) where soil aggregate stability is ranked 4 or less,49,BLM rangeland acres (millions) where soil aggregate stability is ranked 4 or less,
65. Estimated BLM range acres that meet this condition,25,BLM,NA,90237666.00,3624027.00,0.04,85593288.00,94882044.00,SOIL AGGREGATE STABILITY IS 4 OR LESS (1=LOW; 6=HIGH RESISTANCE TO EROSION),2018,Year,BLM rangeland acres (millions),acres,BLM rangeland acres (millions) where soil aggregate stability is ranked 4 or less,49,BLM rangeland acres (millions) where soil aggregate stability is ranked 4 or less,
65. Estimated BLM range acres that meet this condition,25,BLM,2,73910724.00,2969166.00,0.04,70105584.00,77715864.00,SOIL AGGREGATE STABILITY IS 4 OR LESS (1=LOW; 6=HIGH RESISTANCE TO EROSION),2015,Year,BLM rangeland acres (millions),acres,BLM rangeland acres (millions) where soil aggregate stability is ranked 4 or less,49,BLM rangeland acres (millions) where soil aggregate stability is ranked 4 or less,
65. Estimated BLM range acres that meet this condition,25,BLM,NA,105482469.00,2636560.00,0.03,102103582.00,108861356.00,SOIL AGGREGATE STABILITY IS 4 OR LESS (1=LOW; 6=HIGH RESISTANCE TO EROSION),2012,Year,BLM rangeland acres (millions),acres,BLM rangeland acres (millions) where soil aggregate stability is ranked 4 or less,49,BLM rangeland acres (millions) where soil aggregate stability is ranked 4 or less,
65. Estimated BLM range acres that meet this condition,25,BLM,NA,99460689.00,2018867.00,0.02,96873407.00,102047971.00,SOIL AGGREGATE STABILITY IS 4 OR LESS (1=LOW; 6=HIGH RESISTANCE TO EROSION),2016,Year,BLM rangeland acres (millions),acres,BLM rangeland acres (millions) where soil aggregate stability is ranked 4 or less,49,BLM rangeland acres (millions) where soil aggregate stability is ranked 4 or less,
65. Estimated BLM range acres that meet this condition,25,BLM,2,66671159.00,3760159.00,0.06,61852321.00,71489997.00,SOIL AGGREGATE STABILITY IS 4 OR LESS (1=LOW; 6=HIGH RESISTANCE TO EROSION),2018,Year,BLM rangeland acres (millions),acres,BLM rangeland acres (millions) where soil aggregate stability is ranked 4 or less,49,BLM rangeland acres (millions) where soil aggregate stability is ranked 4 or less,
65. Estimated BLM range acres that meet this condition,25,BLM,NA,84116084.00,3543393.00,0.04,79573454.00,88658715.00,SOIL AGGREGATE STABILITY IS 4 OR LESS (1=LOW; 6=HIGH RESISTANCE TO EROSION),2011,Year,BLM rangeland acres (millions),acres,BLM rangeland acres (millions) where soil aggregate stability is ranked 4 or less,49,BLM rangeland acres (millions) where soil aggregate stability is ranked 4 or less,
65. Estimated BLM range acres that meet this condition,25,BLM,1,21066426.00,1744848.00,0.08,18829531.00,23303321.00,SOIL AGGREGATE STABILITY IS 4 OR LESS (1=LOW; 6=HIGH RESISTANCE TO EROSION),2011,Year,BLM rangeland acres (millions),acres,BLM rangeland acres (millions) where soil aggregate stability is ranked 4 or less,49,BLM rangeland acres (millions) where soil aggregate stability is ranked 4 or less,
65. Estimated BLM range acres that meet this condition,25,BLM,NA,127727892.00,2207206.00,0.02,124899244.00,130556540.00,SOIL AGGREGATE STABILITY IS 4 OR LESS (1=LOW; 6=HIGH RESISTANCE TO EROSION),2014,Year,BLM rangeland acres (millions),acres,BLM rangeland acres (millions) where soil aggregate stability is ranked 4 or less,49,BLM rangeland acres (millions) where soil aggregate stability is ranked 4 or less,
65. Estimated BLM range acres that meet this condition,25,BLM,1,25099426.00,951032.00,0.04,23880629.00,26318223.00,SOIL AGGREGATE STABILITY IS 4 OR LESS (1=LOW; 6=HIGH RESISTANCE TO EROSION),2015,Year,BLM rangeland acres (millions),acres,BLM rangeland acres (millions) where soil aggregate stability is ranked 4 or less,49,BLM rangeland acres (millions) where soil aggregate stability is ranked 4 or less,
65. Estimated BLM range acres that meet this condition,25,BLM,1,24585262.00,1273168.00,0.05,22953632.00,26216893.00,SOIL AGGREGATE STABILITY IS 4 OR LESS (1=LOW; 6=HIGH RESISTANCE TO EROSION),2017,Year,BLM rangeland acres (millions),acres,BLM rangeland acres (millions) where soil aggregate stability is ranked 4 or less,49,BLM rangeland acres (millions) where soil aggregate stability is ranked 4 or less,
65. Estimated BLM range acres that meet this condition,25,BLM,1,24460011.00,919849.00,0.04,23281178.00,25638845.00,SOIL AGGREGATE STABILITY IS 4 OR LESS (1=LOW; 6=HIGH RESISTANCE TO EROSION),2016,Year,BLM rangeland acres (millions),acres,BLM rangeland acres (millions) where soil aggregate stability is ranked 4 or less,49,BLM rangeland acres (millions) where soil aggregate stability is ranked 4 or less,
65. Estimated BLM range acres that meet this condition,25,BLM,1,33498698.00,1186012.00,0.04,31978763.00,35018634.00,SOIL AGGREGATE STABILITY IS 4 OR LESS (1=LOW; 6=HIGH RESISTANCE TO EROSION),2012,Year,BLM rangeland acres (millions),acres,BLM rangeland acres (millions) where soil aggregate stability is ranked 4 or less,49,BLM rangeland acres (millions) where soil aggregate stability is ranked 4 or less,
65. Estimated BLM range acres that meet this condition,25,BLM,2,71983771.00,2792221.00,0.04,68405396.00,75562146.00,SOIL AGGREGATE STABILITY IS 4 OR LESS (1=LOW; 6=HIGH RESISTANCE TO EROSION),2012,Year,BLM rangeland acres (millions),acres,BLM rangeland acres (millions) where soil aggregate stability is ranked 4 or less,49,BLM rangeland acres (millions) where soil aggregate stability is ranked 4 or less,
65. Estimated BLM range acres that meet this condition,25,BLM,2,91277055.00,1932756.00,0.02,88800128.00,93753981.00,SOIL AGGREGATE STABILITY IS 4 OR LESS (1=LOW; 6=HIGH RESISTANCE TO EROSION),2014,Year,BLM rangeland acres (millions),acres,BLM rangeland acres (millions) where soil aggregate stability is ranked 4 or less,49,BLM rangeland acres (millions) where soil aggregate stability is ranked 4 or less,
65. Estimated BLM range acres that meet this condition,25,BLM,2,75000678.00,1889931.00,0.03,72578633.00,77422722.00,SOIL AGGREGATE STABILITY IS 4 OR LESS (1=LOW; 6=HIGH RESISTANCE TO EROSION),2016,Year,BLM rangeland acres (millions),acres,BLM rangeland acres (millions) where soil aggregate stability is ranked 4 or less,49,BLM rangeland acres (millions) where soil aggregate stability is ranked 4 or less,
65. Estimated BLM range acres that meet this condition,25,BLM,1,36450838.00,936070.00,0.03,35251216.00,37650459.00,SOIL AGGREGATE STABILITY IS 4 OR LESS (1=LOW; 6=HIGH RESISTANCE TO EROSION),2014,Year,BLM rangeland acres (millions),acres,BLM rangeland acres (millions) where soil aggregate stability is ranked 4 or less,49,BLM rangeland acres (millions) where soil aggregate stability is ranked 4 or less,
66. Percent Foliar Cover of Sagebrush on BLM range,26,BLM,NA,7.35,0.39,0.05,6.86,7.84, PERCENT FOLIAR COVER OF SAGEBRUSH ON BLM RANGE,2012,Year,Percent cover on BLM-administered lands,percent,Average foliar cover of sagebrush on BLM rangelands (80% confidence interval) ,50,Percent cover of sagebrush on BLM rangelands (80% confidence interval) ,
66. Percent Foliar Cover of Sagebrush on BLM range,25,BLM,NA,8.31,0.45,0.05,7.74,8.88, PERCENT FOLIAR COVER OF SAGEBRUSH ON BLM RANGE,2019,Year,Percent cover on BLM-administered lands,percent,Average foliar cover of sagebrush on BLM rangelands (80% confidence interval) ,50,Percent cover of sagebrush on BLM rangelands (80% confidence interval) ,
66. Percent Foliar Cover of Sagebrush on BLM range,25,BLM,1,14.77,0.57,0.04,14.03,15.51, PERCENT FOLIAR COVER OF SAGEBRUSH ON BLM RANGE,2019,Year,Percent cover on BLM-administered lands,percent,Average foliar cover of sagebrush on BLM rangelands (80% confidence interval) ,50,Percent cover of sagebrush on BLM rangelands (80% confidence interval) ,
66. Percent Foliar Cover of Sagebrush on BLM range,26,BLM,NA,7.06,0.24,0.03,6.75,7.36, PERCENT FOLIAR COVER OF SAGEBRUSH ON BLM RANGE,2014,Year,Percent cover on BLM-administered lands,percent,Average foliar cover of sagebrush on BLM rangelands (80% confidence interval) ,50,Percent cover of sagebrush on BLM rangelands (80% confidence interval) ,
66. Percent Foliar Cover of Sagebrush on BLM range,26,BLM,NA,7.20,0.38,0.05,6.71,7.68, PERCENT FOLIAR COVER OF SAGEBRUSH ON BLM RANGE,2015,Year,Percent cover on BLM-administered lands,percent,Average foliar cover of sagebrush on BLM rangelands (80% confidence interval) ,50,Percent cover of sagebrush on BLM rangelands (80% confidence interval) ,
66. Percent Foliar Cover of Sagebrush on BLM range,26,BLM,NA,6.97,0.27,0.04,6.63,7.31, PERCENT FOLIAR COVER OF SAGEBRUSH ON BLM RANGE,2016,Year,Percent cover on BLM-administered lands,percent,Average foliar cover of sagebrush on BLM rangelands (80% confidence interval) ,50,Percent cover of sagebrush on BLM rangelands (80% confidence interval) ,
66. Percent Foliar Cover of Sagebrush on BLM range,26,BLM,1,13.16,0.38,0.03,12.68,13.64, PERCENT FOLIAR COVER OF SAGEBRUSH ON BLM RANGE,2015,Year,Percent cover on BLM-administered lands,percent,Average foliar cover of sagebrush on BLM rangelands (80% confidence interval) ,50,Percent cover of sagebrush on BLM rangelands (80% confidence interval) ,
66. Percent Foliar Cover of Sagebrush on BLM range,25,BLM,2,4.91,0.51,0.10,4.26,5.56, PERCENT FOLIAR COVER OF SAGEBRUSH ON BLM RANGE,2019,Year,Percent cover on BLM-administered lands,percent,Average foliar cover of sagebrush on BLM rangelands (80% confidence interval) ,50,Percent cover of sagebrush on BLM rangelands (80% confidence interval) ,
66. Percent Foliar Cover of Sagebrush on BLM range,26,BLM,2,4.20,0.56,0.13,3.49,4.92, PERCENT FOLIAR COVER OF SAGEBRUSH ON BLM RANGE,2017,Year,Percent cover on BLM-administered lands,percent,Average foliar cover of sagebrush on BLM rangelands (80% confidence interval) ,50,Percent cover of sagebrush on BLM rangelands (80% confidence interval) ,
66. Percent Foliar Cover of Sagebrush on BLM range,26,BLM,1,11.98,0.50,0.04,11.34,12.62, PERCENT FOLIAR COVER OF SAGEBRUSH ON BLM RANGE,2012,Year,Percent cover on BLM-administered lands,percent,Average foliar cover of sagebrush on BLM rangelands (80% confidence interval) ,50,Percent cover of sagebrush on BLM rangelands (80% confidence interval) ,
66. Percent Foliar Cover of Sagebrush on BLM range,26,BLM,2,4.91,0.49,0.10,4.28,5.54, PERCENT FOLIAR COVER OF SAGEBRUSH ON BLM RANGE,2012,Year,Percent cover on BLM-administered lands,percent,Average foliar cover of sagebrush on BLM rangelands (80% confidence interval) ,50,Percent cover of sagebrush on BLM rangelands (80% confidence interval) ,
66. Percent Foliar Cover of Sagebrush on BLM range,26,BLM,2,4.28,0.50,0.12,3.64,4.93, PERCENT FOLIAR COVER OF SAGEBRUSH ON BLM RANGE,2015,Year,Percent cover on BLM-administered lands,percent,Average foliar cover of sagebrush on BLM rangelands (80% confidence interval) ,50,Percent cover of sagebrush on BLM rangelands (80% confidence interval) ,
66. Percent Foliar Cover of Sagebrush on BLM range,26,BLM,NA,8.02,0.46,0.06,7.43,8.60, PERCENT FOLIAR COVER OF SAGEBRUSH ON BLM RANGE,2018,Year,Percent cover on BLM-administered lands,percent,Average foliar cover of sagebrush on BLM rangelands (80% confidence interval) ,50,Percent cover of sagebrush on BLM rangelands (80% confidence interval) ,
66. Percent Foliar Cover of Sagebrush on BLM range,26,BLM,1,14.09,0.47,0.03,13.49,14.69, PERCENT FOLIAR COVER OF SAGEBRUSH ON BLM RANGE,2018,Year,Percent cover on BLM-administered lands,percent,Average foliar cover of sagebrush on BLM rangelands (80% confidence interval) ,50,Percent cover of sagebrush on BLM rangelands (80% confidence interval) ,
66. Percent Foliar Cover of Sagebrush on BLM range,26,BLM,NA,7.43,0.43,0.06,6.88,7.98, PERCENT FOLIAR COVER OF SAGEBRUSH ON BLM RANGE,2017,Year,Percent cover on BLM-administered lands,percent,Average foliar cover of sagebrush on BLM rangelands (80% confidence interval) ,50,Percent cover of sagebrush on BLM rangelands (80% confidence interval) ,
66. Percent Foliar Cover of Sagebrush on BLM range,26,BLM,1,12.68,0.46,0.04,12.09,13.26, PERCENT FOLIAR COVER OF SAGEBRUSH ON BLM RANGE,2016,Year,Percent cover on BLM-administered lands,percent,Average foliar cover of sagebrush on BLM rangelands (80% confidence interval) ,50,Percent cover of sagebrush on BLM rangelands (80% confidence interval) ,
66. Percent Foliar Cover of Sagebrush on BLM range,26,BLM,2,4.17,0.36,0.09,3.71,4.63, PERCENT FOLIAR COVER OF SAGEBRUSH ON BLM RANGE,2016,Year,Percent cover on BLM-administered lands,percent,Average foliar cover of sagebrush on BLM rangelands (80% confidence interval) ,50,Percent cover of sagebrush on BLM rangelands (80% confidence interval) ,
66. Percent Foliar Cover of Sagebrush on BLM range,26,BLM,1,13.77,0.53,0.04,13.10,14.45, PERCENT FOLIAR COVER OF SAGEBRUSH ON BLM RANGE,2017,Year,Percent cover on BLM-administered lands,percent,Average foliar cover of sagebrush on BLM rangelands (80% confidence interval) ,50,Percent cover of sagebrush on BLM rangelands (80% confidence interval) ,
66. Percent Foliar Cover of Sagebrush on BLM range,26,BLM,1,12.40,0.35,0.03,11.95,12.85, PERCENT FOLIAR COVER OF SAGEBRUSH ON BLM RANGE,2014,Year,Percent cover on BLM-administered lands,percent,Average foliar cover of sagebrush on BLM rangelands (80% confidence interval) ,50,Percent cover of sagebrush on BLM rangelands (80% confidence interval) ,
66. Percent Foliar Cover of Sagebrush on BLM range,26,BLM,2,4.49,0.31,0.07,4.10,4.88, PERCENT FOLIAR COVER OF SAGEBRUSH ON BLM RANGE,2014,Year,Percent cover on BLM-administered lands,percent,Average foliar cover of sagebrush on BLM rangelands (80% confidence interval) ,50,Percent cover of sagebrush on BLM rangelands (80% confidence interval) ,
66. Percent Foliar Cover of Sagebrush on BLM range,26,BLM,2,4.94,0.58,0.12,4.19,5.68, PERCENT FOLIAR COVER OF SAGEBRUSH ON BLM RANGE,2018,Year,Percent cover on BLM-administered lands,percent,Average foliar cover of sagebrush on BLM rangelands (80% confidence interval) ,50,Percent cover of sagebrush on BLM rangelands (80% confidence interval) ,
67. Mean Sagebrush Species Height in Inches on BLM range,26,BLM,1,14.68,0.29,0.02,14.32,15.05, MEAN SAGEBRUSH SPECIES HEIGHT IN INCHES ON BLM RANGE,2019,Year,Inches,inches,Mean sagebrush species height in inches on BLM rangelands (80% confidence interval),51,Mean sagebrush species height in inches on BLM rangelands (80% confidence interval),
67. Mean Sagebrush Species Height in Inches on BLM range,26,BLM,2,14.90,0.63,0.04,14.09,15.71, MEAN SAGEBRUSH SPECIES HEIGHT IN INCHES ON BLM RANGE,2019,Year,Inches,inches,Mean sagebrush species height in inches on BLM rangelands (80% confidence interval),51,Mean sagebrush species height in inches on BLM rangelands (80% confidence interval),
67. Mean Sagebrush Species Height in Inches on BLM range,27,BLM,NA,14.79,0.42,0.03,14.26,15.33, MEAN SAGEBRUSH SPECIES HEIGHT IN INCHES ON BLM RANGE,2012,Year,Inches,inches,Mean sagebrush species height in inches on BLM rangelands (80% confidence interval),51,Mean sagebrush species height in inches on BLM rangelands (80% confidence interval),
67. Mean Sagebrush Species Height in Inches on BLM range,26,BLM,NA,14.79,0.37,0.03,14.32,15.26, MEAN SAGEBRUSH SPECIES HEIGHT IN INCHES ON BLM RANGE,2019,Year,Inches,inches,Mean sagebrush species height in inches on BLM rangelands (80% confidence interval),51,Mean sagebrush species height in inches on BLM rangelands (80% confidence interval),
67. Mean Sagebrush Species Height in Inches on BLM range,27,BLM,2,16.24,0.81,0.05,15.20,17.27, MEAN SAGEBRUSH SPECIES HEIGHT IN INCHES ON BLM RANGE,2012,Year,Inches,inches,Mean sagebrush species height in inches on BLM rangelands (80% confidence interval),51,Mean sagebrush species height in inches on BLM rangelands (80% confidence interval),
67. Mean Sagebrush Species Height in Inches on BLM range,27,BLM,2,13.80,0.50,0.04,13.16,14.45, MEAN SAGEBRUSH SPECIES HEIGHT IN INCHES ON BLM RANGE,2014,Year,Inches,inches,Mean sagebrush species height in inches on BLM rangelands (80% confidence interval),51,Mean sagebrush species height in inches on BLM rangelands (80% confidence interval),
67. Mean Sagebrush Species Height in Inches on BLM range,27,BLM,2,13.66,0.67,0.05,12.80,14.52, MEAN SAGEBRUSH SPECIES HEIGHT IN INCHES ON BLM RANGE,2018,Year,Inches,inches,Mean sagebrush species height in inches on BLM rangelands (80% confidence interval),51,Mean sagebrush species height in inches on BLM rangelands (80% confidence interval),
67. Mean Sagebrush Species Height in Inches on BLM range,27,BLM,1,13.52,0.33,0.02,13.10,13.94, MEAN SAGEBRUSH SPECIES HEIGHT IN INCHES ON BLM RANGE,2012,Year,Inches,inches,Mean sagebrush species height in inches on BLM rangelands (80% confidence interval),51,Mean sagebrush species height in inches on BLM rangelands (80% confidence interval),
67. Mean Sagebrush Species Height in Inches on BLM range,27,BLM,NA,14.42,0.35,0.02,13.97,14.87, MEAN SAGEBRUSH SPECIES HEIGHT IN INCHES ON BLM RANGE,2015,Year,Inches,inches,Mean sagebrush species height in inches on BLM rangelands (80% confidence interval),51,Mean sagebrush species height in inches on BLM rangelands (80% confidence interval),
67. Mean Sagebrush Species Height in Inches on BLM range,27,BLM,NA,14.81,0.32,0.02,14.40,15.22, MEAN SAGEBRUSH SPECIES HEIGHT IN INCHES ON BLM RANGE,2016,Year,Inches,inches,Mean sagebrush species height in inches on BLM rangelands (80% confidence interval),51,Mean sagebrush species height in inches on BLM rangelands (80% confidence interval),
67. Mean Sagebrush Species Height in Inches on BLM range,27,BLM,1,14.51,0.32,0.02,14.10,14.93, MEAN SAGEBRUSH SPECIES HEIGHT IN INCHES ON BLM RANGE,2018,Year,Inches,inches,Mean sagebrush species height in inches on BLM rangelands (80% confidence interval),51,Mean sagebrush species height in inches on BLM rangelands (80% confidence interval),
67. Mean Sagebrush Species Height in Inches on BLM range,27,BLM,NA,13.84,0.29,0.02,13.47,14.21, MEAN SAGEBRUSH SPECIES HEIGHT IN INCHES ON BLM RANGE,2014,Year,Inches,inches,Mean sagebrush species height in inches on BLM rangelands (80% confidence interval),51,Mean sagebrush species height in inches on BLM rangelands (80% confidence interval),
67. Mean Sagebrush Species Height in Inches on BLM range,27,BLM,1,13.88,0.24,0.02,13.57,14.19, MEAN SAGEBRUSH SPECIES HEIGHT IN INCHES ON BLM RANGE,2014,Year,Inches,inches,Mean sagebrush species height in inches on BLM rangelands (80% confidence interval),51,Mean sagebrush species height in inches on BLM rangelands (80% confidence interval),
67. Mean Sagebrush Species Height in Inches on BLM range,27,BLM,NA,14.09,0.37,0.03,13.62,14.56, MEAN SAGEBRUSH SPECIES HEIGHT IN INCHES ON BLM RANGE,2018,Year,Inches,inches,Mean sagebrush species height in inches on BLM rangelands (80% confidence interval),51,Mean sagebrush species height in inches on BLM rangelands (80% confidence interval),
67. Mean Sagebrush Species Height in Inches on BLM range,27,BLM,2,14.56,0.70,0.05,13.67,15.46, MEAN SAGEBRUSH SPECIES HEIGHT IN INCHES ON BLM RANGE,2017,Year,Inches,inches,Mean sagebrush species height in inches on BLM rangelands (80% confidence interval),51,Mean sagebrush species height in inches on BLM rangelands (80% confidence interval),
67. Mean Sagebrush Species Height in Inches on BLM range,27,BLM,1,14.57,0.23,0.02,14.28,14.86, MEAN SAGEBRUSH SPECIES HEIGHT IN INCHES ON BLM RANGE,2015,Year,Inches,inches,Mean sagebrush species height in inches on BLM rangelands (80% confidence interval),51,Mean sagebrush species height in inches on BLM rangelands (80% confidence interval),
67. Mean Sagebrush Species Height in Inches on BLM range,27,BLM,2,14.25,0.65,0.05,13.42,15.07, MEAN SAGEBRUSH SPECIES HEIGHT IN INCHES ON BLM RANGE,2015,Year,Inches,inches,Mean sagebrush species height in inches on BLM rangelands (80% confidence interval),51,Mean sagebrush species height in inches on BLM rangelands (80% confidence interval),
67. Mean Sagebrush Species Height in Inches on BLM range,27,BLM,2,14.13,0.58,0.04,13.38,14.87, MEAN SAGEBRUSH SPECIES HEIGHT IN INCHES ON BLM RANGE,2016,Year,Inches,inches,Mean sagebrush species height in inches on BLM rangelands (80% confidence interval),51,Mean sagebrush species height in inches on BLM rangelands (80% confidence interval),
67. Mean Sagebrush Species Height in Inches on BLM range,27,BLM,NA,14.75,0.40,0.03,14.24,15.26, MEAN SAGEBRUSH SPECIES HEIGHT IN INCHES ON BLM RANGE,2017,Year,Inches,inches,Mean sagebrush species height in inches on BLM rangelands (80% confidence interval),51,Mean sagebrush species height in inches on BLM rangelands (80% confidence interval),
67. Mean Sagebrush Species Height in Inches on BLM range,27,BLM,1,15.46,0.22,0.01,15.18,15.74, MEAN SAGEBRUSH SPECIES HEIGHT IN INCHES ON BLM RANGE,2016,Year,Inches,inches,Mean sagebrush species height in inches on BLM rangelands (80% confidence interval),51,Mean sagebrush species height in inches on BLM rangelands (80% confidence interval),
67. Mean Sagebrush Species Height in Inches on BLM range,27,BLM,1,14.91,0.40,0.03,14.39,15.42, MEAN SAGEBRUSH SPECIES HEIGHT IN INCHES ON BLM RANGE,2017,Year,Inches,inches,Mean sagebrush species height in inches on BLM rangelands (80% confidence interval),51,Mean sagebrush species height in inches on BLM rangelands (80% confidence interval),
68. Percent Columnar Shaped Sagebrush on BLM range,28,BLM,1,12.28,0.90,0.07,11.13,13.43, PERCENT COLUMNAR SHAPED SAGEBRUSH ON BLM RANGE,2012,Year,Percent of sagebrush on BLM-administered lands,percent,Proportion of sagebrush that is columnar shaped on BLM rangelands (80% confidence interval),52,Proportion of sagebrush that is columnar shaped on BLM rangelands (80% confidence interval),
68. Percent Columnar Shaped Sagebrush on BLM range,28,BLM,NA,8.79,1.18,0.13,7.27,10.30, PERCENT COLUMNAR SHAPED SAGEBRUSH ON BLM RANGE,2014,Year,Percent of sagebrush on BLM-administered lands,percent,Proportion of sagebrush that is columnar shaped on BLM rangelands (80% confidence interval),52,Proportion of sagebrush that is columnar shaped on BLM rangelands (80% confidence interval),
68. Percent Columnar Shaped Sagebrush on BLM range,28,BLM,1,7.84,0.53,0.07,7.17,8.52, PERCENT COLUMNAR SHAPED SAGEBRUSH ON BLM RANGE,2014,Year,Percent of sagebrush on BLM-administered lands,percent,Proportion of sagebrush that is columnar shaped on BLM rangelands (80% confidence interval),52,Proportion of sagebrush that is columnar shaped on BLM rangelands (80% confidence interval),
68. Percent Columnar Shaped Sagebrush on BLM range,28,BLM,2,9.89,2.34,0.24,6.89,12.88, PERCENT COLUMNAR SHAPED SAGEBRUSH ON BLM RANGE,2014,Year,Percent of sagebrush on BLM-administered lands,percent,Proportion of sagebrush that is columnar shaped on BLM rangelands (80% confidence interval),52,Proportion of sagebrush that is columnar shaped on BLM rangelands (80% confidence interval),
68. Percent Columnar Shaped Sagebrush on BLM range,28,BLM,NA,13.25,1.38,0.10,11.48,15.02, PERCENT COLUMNAR SHAPED SAGEBRUSH ON BLM RANGE,2012,Year,Percent of sagebrush on BLM-administered lands,percent,Proportion of sagebrush that is columnar shaped on BLM rangelands (80% confidence interval),52,Proportion of sagebrush that is columnar shaped on BLM rangelands (80% confidence interval),
68. Percent Columnar Shaped Sagebrush on BLM range,27,BLM,1,9.12,0.87,0.10,8.00,10.24, PERCENT COLUMNAR SHAPED SAGEBRUSH ON BLM RANGE,2019,Year,Percent of sagebrush on BLM-administered lands,percent,Proportion of sagebrush that is columnar shaped on BLM rangelands (80% confidence interval),52,Proportion of sagebrush that is columnar shaped on BLM rangelands (80% confidence interval),
68. Percent Columnar Shaped Sagebrush on BLM range,28,BLM,2,11.44,1.73,0.15,9.22,13.65, PERCENT COLUMNAR SHAPED SAGEBRUSH ON BLM RANGE,2015,Year,Percent of sagebrush on BLM-administered lands,percent,Proportion of sagebrush that is columnar shaped on BLM rangelands (80% confidence interval),52,Proportion of sagebrush that is columnar shaped on BLM rangelands (80% confidence interval),
68. Percent Columnar Shaped Sagebrush on BLM range,27,BLM,2,13.02,2.80,0.22,9.43,16.61, PERCENT COLUMNAR SHAPED SAGEBRUSH ON BLM RANGE,2019,Year,Percent of sagebrush on BLM-administered lands,percent,Proportion of sagebrush that is columnar shaped on BLM rangelands (80% confidence interval),52,Proportion of sagebrush that is columnar shaped on BLM rangelands (80% confidence interval),
68. Percent Columnar Shaped Sagebrush on BLM range,27,BLM,NA,10.91,1.44,0.13,9.06,12.75, PERCENT COLUMNAR SHAPED SAGEBRUSH ON BLM RANGE,2019,Year,Percent of sagebrush on BLM-administered lands,percent,Proportion of sagebrush that is columnar shaped on BLM rangelands (80% confidence interval),52,Proportion of sagebrush that is columnar shaped on BLM rangelands (80% confidence interval),
68. Percent Columnar Shaped Sagebrush on BLM range,28,BLM,1,7.67,0.57,0.07,6.94,8.40, PERCENT COLUMNAR SHAPED SAGEBRUSH ON BLM RANGE,2015,Year,Percent of sagebrush on BLM-administered lands,percent,Proportion of sagebrush that is columnar shaped on BLM rangelands (80% confidence interval),52,Proportion of sagebrush that is columnar shaped on BLM rangelands (80% confidence interval),
68. Percent Columnar Shaped Sagebrush on BLM range,28,BLM,1,11.29,0.80,0.07,10.26,12.33, PERCENT COLUMNAR SHAPED SAGEBRUSH ON BLM RANGE,2016,Year,Percent of sagebrush on BLM-administered lands,percent,Proportion of sagebrush that is columnar shaped on BLM rangelands (80% confidence interval),52,Proportion of sagebrush that is columnar shaped on BLM rangelands (80% confidence interval),
68. Percent Columnar Shaped Sagebrush on BLM range,28,BLM,2,10.83,2.06,0.19,8.18,13.47, PERCENT COLUMNAR SHAPED SAGEBRUSH ON BLM RANGE,2016,Year,Percent of sagebrush on BLM-administered lands,percent,Proportion of sagebrush that is columnar shaped on BLM rangelands (80% confidence interval),52,Proportion of sagebrush that is columnar shaped on BLM rangelands (80% confidence interval),
68. Percent Columnar Shaped Sagebrush on BLM range,28,BLM,NA,9.28,0.83,0.09,8.22,10.34, PERCENT COLUMNAR SHAPED SAGEBRUSH ON BLM RANGE,2015,Year,Percent of sagebrush on BLM-administered lands,percent,Proportion of sagebrush that is columnar shaped on BLM rangelands (80% confidence interval),52,Proportion of sagebrush that is columnar shaped on BLM rangelands (80% confidence interval),
68. Percent Columnar Shaped Sagebrush on BLM range,28,BLM,2,14.33,2.76,0.19,10.79,17.86, PERCENT COLUMNAR SHAPED SAGEBRUSH ON BLM RANGE,2012,Year,Percent of sagebrush on BLM-administered lands,percent,Proportion of sagebrush that is columnar shaped on BLM rangelands (80% confidence interval),52,Proportion of sagebrush that is columnar shaped on BLM rangelands (80% confidence interval),
68. Percent Columnar Shaped Sagebrush on BLM range,28,BLM,NA,14.73,1.60,0.11,12.68,16.79, PERCENT COLUMNAR SHAPED SAGEBRUSH ON BLM RANGE,2017,Year,Percent of sagebrush on BLM-administered lands,percent,Proportion of sagebrush that is columnar shaped on BLM rangelands (80% confidence interval),52,Proportion of sagebrush that is columnar shaped on BLM rangelands (80% confidence interval),
68. Percent Columnar Shaped Sagebrush on BLM range,28,BLM,1,12.77,1.03,0.08,11.45,14.09, PERCENT COLUMNAR SHAPED SAGEBRUSH ON BLM RANGE,2017,Year,Percent of sagebrush on BLM-administered lands,percent,Proportion of sagebrush that is columnar shaped on BLM rangelands (80% confidence interval),52,Proportion of sagebrush that is columnar shaped on BLM rangelands (80% confidence interval),
68. Percent Columnar Shaped Sagebrush on BLM range,28,BLM,2,17.13,3.27,0.19,12.93,21.32, PERCENT COLUMNAR SHAPED SAGEBRUSH ON BLM RANGE,2017,Year,Percent of sagebrush on BLM-administered lands,percent,Proportion of sagebrush that is columnar shaped on BLM rangelands (80% confidence interval),52,Proportion of sagebrush that is columnar shaped on BLM rangelands (80% confidence interval),
68. Percent Columnar Shaped Sagebrush on BLM range,28,BLM,NA,11.06,1.00,0.09,9.78,12.34, PERCENT COLUMNAR SHAPED SAGEBRUSH ON BLM RANGE,2016,Year,Percent of sagebrush on BLM-administered lands,percent,Proportion of sagebrush that is columnar shaped on BLM rangelands (80% confidence interval),52,Proportion of sagebrush that is columnar shaped on BLM rangelands (80% confidence interval),
68. Percent Columnar Shaped Sagebrush on BLM range,28,BLM,NA,13.04,1.37,0.11,11.29,14.80, PERCENT COLUMNAR SHAPED SAGEBRUSH ON BLM RANGE,2018,Year,Percent of sagebrush on BLM-administered lands,percent,Proportion of sagebrush that is columnar shaped on BLM rangelands (80% confidence interval),52,Proportion of sagebrush that is columnar shaped on BLM rangelands (80% confidence interval),
68. Percent Columnar Shaped Sagebrush on BLM range,28,BLM,1,12.95,1.01,0.08,11.66,14.25, PERCENT COLUMNAR SHAPED SAGEBRUSH ON BLM RANGE,2018,Year,Percent of sagebrush on BLM-administered lands,percent,Proportion of sagebrush that is columnar shaped on BLM rangelands (80% confidence interval),52,Proportion of sagebrush that is columnar shaped on BLM rangelands (80% confidence interval),
68. Percent Columnar Shaped Sagebrush on BLM range,28,BLM,2,13.14,2.74,0.21,9.63,16.65, PERCENT COLUMNAR SHAPED SAGEBRUSH ON BLM RANGE,2018,Year,Percent of sagebrush on BLM-administered lands,percent,Proportion of sagebrush that is columnar shaped on BLM rangelands (80% confidence interval),52,Proportion of sagebrush that is columnar shaped on BLM rangelands (80% confidence interval),
69. Percent Spreading Shaped Sagebrush on BLM range,29,BLM,1,92.16,0.53,0.01,91.48,92.83, PERCENT SPREADING SHAPED SAGEBRUSH ON BLM RANGE,2014,Year,Percent of sagebrush on BLM-administered lands,percent,Proportion of sagebrush that is spreading shaped on BLM rangelands (80% confidence interval),53,Proportion of sagebrush that is spreading shaped on BLM rangelands (80% confidence interval),
69. Percent Spreading Shaped Sagebrush on BLM range,29,BLM,NA,91.21,1.18,0.01,89.70,92.73, PERCENT SPREADING SHAPED SAGEBRUSH ON BLM RANGE,2014,Year,Percent of sagebrush on BLM-administered lands,percent,Proportion of sagebrush that is spreading shaped on BLM rangelands (80% confidence interval),53,Proportion of sagebrush that is spreading shaped on BLM rangelands (80% confidence interval),
69. Percent Spreading Shaped Sagebrush on BLM range,29,BLM,NA,90.72,0.83,0.01,89.66,91.78, PERCENT SPREADING SHAPED SAGEBRUSH ON BLM RANGE,2015,Year,Percent of sagebrush on BLM-administered lands,percent,Proportion of sagebrush that is spreading shaped on BLM rangelands (80% confidence interval),53,Proportion of sagebrush that is spreading shaped on BLM rangelands (80% confidence interval),
69. Percent Spreading Shaped Sagebrush on BLM range,29,BLM,1,92.33,0.57,0.01,91.60,93.06, PERCENT SPREADING SHAPED SAGEBRUSH ON BLM RANGE,2015,Year,Percent of sagebrush on BLM-administered lands,percent,Proportion of sagebrush that is spreading shaped on BLM rangelands (80% confidence interval),53,Proportion of sagebrush that is spreading shaped on BLM rangelands (80% confidence interval),
69. Percent Spreading Shaped Sagebrush on BLM range,29,BLM,1,88.71,0.80,0.01,87.67,89.74, PERCENT SPREADING SHAPED SAGEBRUSH ON BLM RANGE,2016,Year,Percent of sagebrush on BLM-administered lands,percent,Proportion of sagebrush that is spreading shaped on BLM rangelands (80% confidence interval),53,Proportion of sagebrush that is spreading shaped on BLM rangelands (80% confidence interval),
69. Percent Spreading Shaped Sagebrush on BLM range,28,BLM,1,90.88,0.87,0.01,89.76,92.00, PERCENT SPREADING SHAPED SAGEBRUSH ON BLM RANGE,2019,Year,Percent of sagebrush on BLM-administered lands,percent,Proportion of sagebrush that is spreading shaped on BLM rangelands (80% confidence interval),53,Proportion of sagebrush that is spreading shaped on BLM rangelands (80% confidence interval),
69. Percent Spreading Shaped Sagebrush on BLM range,29,BLM,NA,86.75,1.38,0.02,84.98,88.52, PERCENT SPREADING SHAPED SAGEBRUSH ON BLM RANGE,2012,Year,Percent of sagebrush on BLM-administered lands,percent,Proportion of sagebrush that is spreading shaped on BLM rangelands (80% confidence interval),53,Proportion of sagebrush that is spreading shaped on BLM rangelands (80% confidence interval),
69. Percent Spreading Shaped Sagebrush on BLM range,29,BLM,NA,88.94,1.00,0.01,87.66,90.22, PERCENT SPREADING SHAPED SAGEBRUSH ON BLM RANGE,2016,Year,Percent of sagebrush on BLM-administered lands,percent,Proportion of sagebrush that is spreading shaped on BLM rangelands (80% confidence interval),53,Proportion of sagebrush that is spreading shaped on BLM rangelands (80% confidence interval),
69. Percent Spreading Shaped Sagebrush on BLM range,28,BLM,NA,89.09,1.44,0.02,87.25,90.94, PERCENT SPREADING SHAPED SAGEBRUSH ON BLM RANGE,2019,Year,Percent of sagebrush on BLM-administered lands,percent,Proportion of sagebrush that is spreading shaped on BLM rangelands (80% confidence interval),53,Proportion of sagebrush that is spreading shaped on BLM rangelands (80% confidence interval),
69. Percent Spreading Shaped Sagebrush on BLM range,29,BLM,1,87.23,1.03,0.01,85.91,88.55, PERCENT SPREADING SHAPED SAGEBRUSH ON BLM RANGE,2017,Year,Percent of sagebrush on BLM-administered lands,percent,Proportion of sagebrush that is spreading shaped on BLM rangelands (80% confidence interval),53,Proportion of sagebrush that is spreading shaped on BLM rangelands (80% confidence interval),
69. Percent Spreading Shaped Sagebrush on BLM range,28,BLM,2,86.98,2.80,0.03,83.39,90.57, PERCENT SPREADING SHAPED SAGEBRUSH ON BLM RANGE,2019,Year,Percent of sagebrush on BLM-administered lands,percent,Proportion of sagebrush that is spreading shaped on BLM rangelands (80% confidence interval),53,Proportion of sagebrush that is spreading shaped on BLM rangelands (80% confidence interval),
69. Percent Spreading Shaped Sagebrush on BLM range,29,BLM,1,87.72,0.90,0.01,86.57,88.87, PERCENT SPREADING SHAPED SAGEBRUSH ON BLM RANGE,2012,Year,Percent of sagebrush on BLM-administered lands,percent,Proportion of sagebrush that is spreading shaped on BLM rangelands (80% confidence interval),53,Proportion of sagebrush that is spreading shaped on BLM rangelands (80% confidence interval),
69. Percent Spreading Shaped Sagebrush on BLM range,29,BLM,NA,85.27,1.60,0.02,83.21,87.32, PERCENT SPREADING SHAPED SAGEBRUSH ON BLM RANGE,2017,Year,Percent of sagebrush on BLM-administered lands,percent,Proportion of sagebrush that is spreading shaped on BLM rangelands (80% confidence interval),53,Proportion of sagebrush that is spreading shaped on BLM rangelands (80% confidence interval),
69. Percent Spreading Shaped Sagebrush on BLM range,29,BLM,2,88.56,1.73,0.02,86.35,90.78, PERCENT SPREADING SHAPED SAGEBRUSH ON BLM RANGE,2015,Year,Percent of sagebrush on BLM-administered lands,percent,Proportion of sagebrush that is spreading shaped on BLM rangelands (80% confidence interval),53,Proportion of sagebrush that is spreading shaped on BLM rangelands (80% confidence interval),
69. Percent Spreading Shaped Sagebrush on BLM range,29,BLM,2,82.87,3.27,0.04,78.68,87.07, PERCENT SPREADING SHAPED SAGEBRUSH ON BLM RANGE,2017,Year,Percent of sagebrush on BLM-administered lands,percent,Proportion of sagebrush that is spreading shaped on BLM rangelands (80% confidence interval),53,Proportion of sagebrush that is spreading shaped on BLM rangelands (80% confidence interval),
69. Percent Spreading Shaped Sagebrush on BLM range,29,BLM,2,90.11,2.34,0.03,87.12,93.11, PERCENT SPREADING SHAPED SAGEBRUSH ON BLM RANGE,2014,Year,Percent of sagebrush on BLM-administered lands,percent,Proportion of sagebrush that is spreading shaped on BLM rangelands (80% confidence interval),53,Proportion of sagebrush that is spreading shaped on BLM rangelands (80% confidence interval),
69. Percent Spreading Shaped Sagebrush on BLM range,29,BLM,2,85.67,2.76,0.03,82.14,89.21, PERCENT SPREADING SHAPED SAGEBRUSH ON BLM RANGE,2012,Year,Percent of sagebrush on BLM-administered lands,percent,Proportion of sagebrush that is spreading shaped on BLM rangelands (80% confidence interval),53,Proportion of sagebrush that is spreading shaped on BLM rangelands (80% confidence interval),
69. Percent Spreading Shaped Sagebrush on BLM range,29,BLM,NA,86.96,1.37,0.02,85.20,88.71, PERCENT SPREADING SHAPED SAGEBRUSH ON BLM RANGE,2018,Year,Percent of sagebrush on BLM-administered lands,percent,Proportion of sagebrush that is spreading shaped on BLM rangelands (80% confidence interval),53,Proportion of sagebrush that is spreading shaped on BLM rangelands (80% confidence interval),
69. Percent Spreading Shaped Sagebrush on BLM range,29,BLM,1,87.05,1.01,0.01,85.75,88.34, PERCENT SPREADING SHAPED SAGEBRUSH ON BLM RANGE,2018,Year,Percent of sagebrush on BLM-administered lands,percent,Proportion of sagebrush that is spreading shaped on BLM rangelands (80% confidence interval),53,Proportion of sagebrush that is spreading shaped on BLM rangelands (80% confidence interval),
69. Percent Spreading Shaped Sagebrush on BLM range,29,BLM,2,86.86,2.74,0.03,83.35,90.37, PERCENT SPREADING SHAPED SAGEBRUSH ON BLM RANGE,2018,Year,Percent of sagebrush on BLM-administered lands,percent,Proportion of sagebrush that is spreading shaped on BLM rangelands (80% confidence interval),53,Proportion of sagebrush that is spreading shaped on BLM rangelands (80% confidence interval),
69. Percent Spreading Shaped Sagebrush on BLM range,29,BLM,2,89.17,2.06,0.02,86.53,91.82, PERCENT SPREADING SHAPED SAGEBRUSH ON BLM RANGE,2016,Year,Percent of sagebrush on BLM-administered lands,percent,Proportion of sagebrush that is spreading shaped on BLM rangelands (80% confidence interval),53,Proportion of sagebrush that is spreading shaped on BLM rangelands (80% confidence interval),
7. Estimated % of BLM range acres with BI >= 4,4,BLM,1,3.03,0.68,0.22,2.16,3.90,BIOTIC INTEGRITY HAD MODERATE-TO-EXTREME OR EXTREME-TO-TOTAL DEPARTURE FROM REFERENCE CONDITIONS (BI >= 4),2012,Year,Percent of rangeland acres on BLM-administered lands,percent,Proportion of BLM rangelands with moderate-to-extreme or extreme-to-total departure from biotic integrity reference conditions (BI >= 4) (80% confidence interval),7,Proportion of BLM rangelands with moderate-to-extreme or extreme-to-total departure from biotic integrity reference conditions (BI >= 4) (80% confidence interval),
7. Estimated % of BLM range acres with BI >= 4,4,BLM,NA,4.54,0.80,0.18,3.51,5.56,BIOTIC INTEGRITY HAD MODERATE-TO-EXTREME OR EXTREME-TO-TOTAL DEPARTURE FROM REFERENCE CONDITIONS (BI >= 4),2012,Year,Percent of rangeland acres on BLM-administered lands,percent,Proportion of BLM rangelands with moderate-to-extreme or extreme-to-total departure from biotic integrity reference conditions (BI >= 4) (80% confidence interval),7,Proportion of BLM rangelands with moderate-to-extreme or extreme-to-total departure from biotic integrity reference conditions (BI >= 4) (80% confidence interval),
7. Estimated % of BLM range acres with BI >= 4,4,BLM,NA,4.76,0.66,0.14,3.91,5.61,BIOTIC INTEGRITY HAD MODERATE-TO-EXTREME OR EXTREME-TO-TOTAL DEPARTURE FROM REFERENCE CONDITIONS (BI >= 4),2014,Year,Percent of rangeland acres on BLM-administered lands,percent,Proportion of BLM rangelands with moderate-to-extreme or extreme-to-total departure from biotic integrity reference conditions (BI >= 4) (80% confidence interval),7,Proportion of BLM rangelands with moderate-to-extreme or extreme-to-total departure from biotic integrity reference conditions (BI >= 4) (80% confidence interval),
7. Estimated % of BLM range acres with BI >= 4,4,BLM,2,5.47,1.23,0.23,3.89,7.04,BIOTIC INTEGRITY HAD MODERATE-TO-EXTREME OR EXTREME-TO-TOTAL DEPARTURE FROM REFERENCE CONDITIONS (BI >= 4),2012,Year,Percent of rangeland acres on BLM-administered lands,percent,Proportion of BLM rangelands with moderate-to-extreme or extreme-to-total departure from biotic integrity reference conditions (BI >= 4) (80% confidence interval),7,Proportion of BLM rangelands with moderate-to-extreme or extreme-to-total departure from biotic integrity reference conditions (BI >= 4) (80% confidence interval),
7. Estimated % of BLM range acres with BI >= 4,4,BLM,NA,3.38,0.68,0.20,2.51,4.26,BIOTIC INTEGRITY HAD MODERATE-TO-EXTREME OR EXTREME-TO-TOTAL DEPARTURE FROM REFERENCE CONDITIONS (BI >= 4),2011,Year,Percent of rangeland acres on BLM-administered lands,percent,Proportion of BLM rangelands with moderate-to-extreme or extreme-to-total departure from biotic integrity reference conditions (BI >= 4) (80% confidence interval),7,Proportion of BLM rangelands with moderate-to-extreme or extreme-to-total departure from biotic integrity reference conditions (BI >= 4) (80% confidence interval),
7. Estimated % of BLM range acres with BI >= 4,4,BLM,1,1.49,0.87,0.58,0.37,2.61,BIOTIC INTEGRITY HAD MODERATE-TO-EXTREME OR EXTREME-TO-TOTAL DEPARTURE FROM REFERENCE CONDITIONS (BI >= 4),2011,Year,Percent of rangeland acres on BLM-administered lands,percent,Proportion of BLM rangelands with moderate-to-extreme or extreme-to-total departure from biotic integrity reference conditions (BI >= 4) (80% confidence interval),7,Proportion of BLM rangelands with moderate-to-extreme or extreme-to-total departure from biotic integrity reference conditions (BI >= 4) (80% confidence interval),
7. Estimated % of BLM range acres with BI >= 4,4,BLM,2,4.45,0.99,0.22,3.18,5.71,BIOTIC INTEGRITY HAD MODERATE-TO-EXTREME OR EXTREME-TO-TOTAL DEPARTURE FROM REFERENCE CONDITIONS (BI >= 4),2011,Year,Percent of rangeland acres on BLM-administered lands,percent,Proportion of BLM rangelands with moderate-to-extreme or extreme-to-total departure from biotic integrity reference conditions (BI >= 4) (80% confidence interval),7,Proportion of BLM rangelands with moderate-to-extreme or extreme-to-total departure from biotic integrity reference conditions (BI >= 4) (80% confidence interval),
7. Estimated % of BLM range acres with BI >= 4,4,BLM,1,0.96,0.24,0.25,0.66,1.27,BIOTIC INTEGRITY HAD MODERATE-TO-EXTREME OR EXTREME-TO-TOTAL DEPARTURE FROM REFERENCE CONDITIONS (BI >= 4),2014,Year,Percent of rangeland acres on BLM-administered lands,percent,Proportion of BLM rangelands with moderate-to-extreme or extreme-to-total departure from biotic integrity reference conditions (BI >= 4) (80% confidence interval),7,Proportion of BLM rangelands with moderate-to-extreme or extreme-to-total departure from biotic integrity reference conditions (BI >= 4) (80% confidence interval),
7. Estimated % of BLM range acres with BI >= 4,4,BLM,1,0.90,0.34,0.38,0.46,1.33,BIOTIC INTEGRITY HAD MODERATE-TO-EXTREME OR EXTREME-TO-TOTAL DEPARTURE FROM REFERENCE CONDITIONS (BI >= 4),2015,Year,Percent of rangeland acres on BLM-administered lands,percent,Proportion of BLM rangelands with moderate-to-extreme or extreme-to-total departure from biotic integrity reference conditions (BI >= 4) (80% confidence interval),7,Proportion of BLM rangelands with moderate-to-extreme or extreme-to-total departure from biotic integrity reference conditions (BI >= 4) (80% confidence interval),
7. Estimated % of BLM range acres with BI >= 4,4,BLM,2,6.47,1.25,0.19,4.87,8.08,BIOTIC INTEGRITY HAD MODERATE-TO-EXTREME OR EXTREME-TO-TOTAL DEPARTURE FROM REFERENCE CONDITIONS (BI >= 4),2015,Year,Percent of rangeland acres on BLM-administered lands,percent,Proportion of BLM rangelands with moderate-to-extreme or extreme-to-total departure from biotic integrity reference conditions (BI >= 4) (80% confidence interval),7,Proportion of BLM rangelands with moderate-to-extreme or extreme-to-total departure from biotic integrity reference conditions (BI >= 4) (80% confidence interval),
7. Estimated % of BLM range acres with BI >= 4,4,BLM,2,7.10,0.95,0.13,5.87,8.32,BIOTIC INTEGRITY HAD MODERATE-TO-EXTREME OR EXTREME-TO-TOTAL DEPARTURE FROM REFERENCE CONDITIONS (BI >= 4),2016,Year,Percent of rangeland acres on BLM-administered lands,percent,Proportion of BLM rangelands with moderate-to-extreme or extreme-to-total departure from biotic integrity reference conditions (BI >= 4) (80% confidence interval),7,Proportion of BLM rangelands with moderate-to-extreme or extreme-to-total departure from biotic integrity reference conditions (BI >= 4) (80% confidence interval),
7. Estimated % of BLM range acres with BI >= 4,4,BLM,NA,4.62,0.88,0.19,3.50,5.74,BIOTIC INTEGRITY HAD MODERATE-TO-EXTREME OR EXTREME-TO-TOTAL DEPARTURE FROM REFERENCE CONDITIONS (BI >= 4),2015,Year,Percent of rangeland acres on BLM-administered lands,percent,Proportion of BLM rangelands with moderate-to-extreme or extreme-to-total departure from biotic integrity reference conditions (BI >= 4) (80% confidence interval),7,Proportion of BLM rangelands with moderate-to-extreme or extreme-to-total departure from biotic integrity reference conditions (BI >= 4) (80% confidence interval),
7. Estimated % of BLM range acres with BI >= 4,4,BLM,NA,4.98,0.59,0.12,4.22,5.74,BIOTIC INTEGRITY HAD MODERATE-TO-EXTREME OR EXTREME-TO-TOTAL DEPARTURE FROM REFERENCE CONDITIONS (BI >= 4),2016,Year,Percent of rangeland acres on BLM-administered lands,percent,Proportion of BLM rangelands with moderate-to-extreme or extreme-to-total departure from biotic integrity reference conditions (BI >= 4) (80% confidence interval),7,Proportion of BLM rangelands with moderate-to-extreme or extreme-to-total departure from biotic integrity reference conditions (BI >= 4) (80% confidence interval),
7. Estimated % of BLM range acres with BI >= 4,4,BLM,1,1.44,0.34,0.24,1.01,1.88,BIOTIC INTEGRITY HAD MODERATE-TO-EXTREME OR EXTREME-TO-TOTAL DEPARTURE FROM REFERENCE CONDITIONS (BI >= 4),2016,Year,Percent of rangeland acres on BLM-administered lands,percent,Proportion of BLM rangelands with moderate-to-extreme or extreme-to-total departure from biotic integrity reference conditions (BI >= 4) (80% confidence interval),7,Proportion of BLM rangelands with moderate-to-extreme or extreme-to-total departure from biotic integrity reference conditions (BI >= 4) (80% confidence interval),
7. Estimated % of BLM range acres with BI >= 4,4,BLM,NA,3.72,0.80,0.21,2.70,4.75,BIOTIC INTEGRITY HAD MODERATE-TO-EXTREME OR EXTREME-TO-TOTAL DEPARTURE FROM REFERENCE CONDITIONS (BI >= 4),2018,Year,Percent of rangeland acres on BLM-administered lands,percent,Proportion of BLM rangelands with moderate-to-extreme or extreme-to-total departure from biotic integrity reference conditions (BI >= 4) (80% confidence interval),7,Proportion of BLM rangelands with moderate-to-extreme or extreme-to-total departure from biotic integrity reference conditions (BI >= 4) (80% confidence interval),
7. Estimated % of BLM range acres with BI >= 4,4,BLM,2,6.81,1.04,0.15,5.48,8.14,BIOTIC INTEGRITY HAD MODERATE-TO-EXTREME OR EXTREME-TO-TOTAL DEPARTURE FROM REFERENCE CONDITIONS (BI >= 4),2014,Year,Percent of rangeland acres on BLM-administered lands,percent,Proportion of BLM rangelands with moderate-to-extreme or extreme-to-total departure from biotic integrity reference conditions (BI >= 4) (80% confidence interval),7,Proportion of BLM rangelands with moderate-to-extreme or extreme-to-total departure from biotic integrity reference conditions (BI >= 4) (80% confidence interval),
7. Estimated % of BLM range acres with BI >= 4,4,BLM,NA,3.48,0.86,0.25,2.38,4.58,BIOTIC INTEGRITY HAD MODERATE-TO-EXTREME OR EXTREME-TO-TOTAL DEPARTURE FROM REFERENCE CONDITIONS (BI >= 4),2017,Year,Percent of rangeland acres on BLM-administered lands,percent,Proportion of BLM rangelands with moderate-to-extreme or extreme-to-total departure from biotic integrity reference conditions (BI >= 4) (80% confidence interval),7,Proportion of BLM rangelands with moderate-to-extreme or extreme-to-total departure from biotic integrity reference conditions (BI >= 4) (80% confidence interval),
7. Estimated % of BLM range acres with BI >= 4,4,BLM,1,0.91,0.34,0.38,0.47,1.35,BIOTIC INTEGRITY HAD MODERATE-TO-EXTREME OR EXTREME-TO-TOTAL DEPARTURE FROM REFERENCE CONDITIONS (BI >= 4),2017,Year,Percent of rangeland acres on BLM-administered lands,percent,Proportion of BLM rangelands with moderate-to-extreme or extreme-to-total departure from biotic integrity reference conditions (BI >= 4) (80% confidence interval),7,Proportion of BLM rangelands with moderate-to-extreme or extreme-to-total departure from biotic integrity reference conditions (BI >= 4) (80% confidence interval),
7. Estimated % of BLM range acres with BI >= 4,4,BLM,2,5.06,1.32,0.26,3.37,6.76,BIOTIC INTEGRITY HAD MODERATE-TO-EXTREME OR EXTREME-TO-TOTAL DEPARTURE FROM REFERENCE CONDITIONS (BI >= 4),2017,Year,Percent of rangeland acres on BLM-administered lands,percent,Proportion of BLM rangelands with moderate-to-extreme or extreme-to-total departure from biotic integrity reference conditions (BI >= 4) (80% confidence interval),7,Proportion of BLM rangelands with moderate-to-extreme or extreme-to-total departure from biotic integrity reference conditions (BI >= 4) (80% confidence interval),
7. Estimated % of BLM range acres with BI >= 4,4,BLM,1,0.35,0.21,0.60,0.08,0.62,BIOTIC INTEGRITY HAD MODERATE-TO-EXTREME OR EXTREME-TO-TOTAL DEPARTURE FROM REFERENCE CONDITIONS (BI >= 4),2019,Year,Percent of rangeland acres on BLM-administered lands,percent,Proportion of BLM rangelands with moderate-to-extreme or extreme-to-total departure from biotic integrity reference conditions (BI >= 4) (80% confidence interval),7,Proportion of BLM rangelands with moderate-to-extreme or extreme-to-total departure from biotic integrity reference conditions (BI >= 4) (80% confidence interval),
7. Estimated % of BLM range acres with BI >= 4,4,BLM,NA,1.77,0.69,0.39,0.88,2.65,BIOTIC INTEGRITY HAD MODERATE-TO-EXTREME OR EXTREME-TO-TOTAL DEPARTURE FROM REFERENCE CONDITIONS (BI >= 4),2019,Year,Percent of rangeland acres on BLM-administered lands,percent,Proportion of BLM rangelands with moderate-to-extreme or extreme-to-total departure from biotic integrity reference conditions (BI >= 4) (80% confidence interval),7,Proportion of BLM rangelands with moderate-to-extreme or extreme-to-total departure from biotic integrity reference conditions (BI >= 4) (80% confidence interval),
7. Estimated % of BLM range acres with BI >= 4,4,BLM,1,0.85,0.49,0.58,0.22,1.48,BIOTIC INTEGRITY HAD MODERATE-TO-EXTREME OR EXTREME-TO-TOTAL DEPARTURE FROM REFERENCE CONDITIONS (BI >= 4),2018,Year,Percent of rangeland acres on BLM-administered lands,percent,Proportion of BLM rangelands with moderate-to-extreme or extreme-to-total departure from biotic integrity reference conditions (BI >= 4) (80% confidence interval),7,Proportion of BLM rangelands with moderate-to-extreme or extreme-to-total departure from biotic integrity reference conditions (BI >= 4) (80% confidence interval),
7. Estimated % of BLM range acres with BI >= 4,4,BLM,2,5.45,1.37,0.25,3.69,7.22,BIOTIC INTEGRITY HAD MODERATE-TO-EXTREME OR EXTREME-TO-TOTAL DEPARTURE FROM REFERENCE CONDITIONS (BI >= 4),2018,Year,Percent of rangeland acres on BLM-administered lands,percent,Proportion of BLM rangelands with moderate-to-extreme or extreme-to-total departure from biotic integrity reference conditions (BI >= 4) (80% confidence interval),7,Proportion of BLM rangelands with moderate-to-extreme or extreme-to-total departure from biotic integrity reference conditions (BI >= 4) (80% confidence interval),
7. Estimated % of BLM range acres with BI >= 4,4,BLM,2,2.65,1.08,0.41,1.27,4.02,BIOTIC INTEGRITY HAD MODERATE-TO-EXTREME OR EXTREME-TO-TOTAL DEPARTURE FROM REFERENCE CONDITIONS (BI >= 4),2019,Year,Percent of rangeland acres on BLM-administered lands,percent,Proportion of BLM rangelands with moderate-to-extreme or extreme-to-total departure from biotic integrity reference conditions (BI >= 4) (80% confidence interval),7,Proportion of BLM rangelands with moderate-to-extreme or extreme-to-total departure from biotic integrity reference conditions (BI >= 4) (80% confidence interval),
70. Mean Herbaceous Species Height in Inches on BLM range,30,BLM,1,11.24,0.16,0.01,11.03,11.44, MEAN HERBACEOUS SPECIES HEIGHT IN INCHES ON BLM RANGE,2017,Year,Inches,inches,Mean herbaceous plant species height in inches on BLM rangelands (80% confidence interval),54,Mean herbaceous plant species height in inches on BLM rangelands (80% confidence interval),
70. Mean Herbaceous Species Height in Inches on BLM range,30,BLM,1,10.15,0.22,0.02,9.87,10.42, MEAN HERBACEOUS SPECIES HEIGHT IN INCHES ON BLM RANGE,2014,Year,Inches,inches,Mean herbaceous plant species height in inches on BLM rangelands (80% confidence interval),54,Mean herbaceous plant species height in inches on BLM rangelands (80% confidence interval),
70. Mean Herbaceous Species Height in Inches on BLM range,30,BLM,NA,9.09,0.14,0.02,8.91,9.27, MEAN HERBACEOUS SPECIES HEIGHT IN INCHES ON BLM RANGE,2017,Year,Inches,inches,Mean herbaceous plant species height in inches on BLM rangelands (80% confidence interval),54,Mean herbaceous plant species height in inches on BLM rangelands (80% confidence interval),
70. Mean Herbaceous Species Height in Inches on BLM range,30,BLM,NA,8.60,0.16,0.02,8.40,8.80, MEAN HERBACEOUS SPECIES HEIGHT IN INCHES ON BLM RANGE,2018,Year,Inches,inches,Mean herbaceous plant species height in inches on BLM rangelands (80% confidence interval),54,Mean herbaceous plant species height in inches on BLM rangelands (80% confidence interval),
70. Mean Herbaceous Species Height in Inches on BLM range,30,BLM,1,10.58,0.24,0.02,10.27,10.88, MEAN HERBACEOUS SPECIES HEIGHT IN INCHES ON BLM RANGE,2018,Year,Inches,inches,Mean herbaceous plant species height in inches on BLM rangelands (80% confidence interval),54,Mean herbaceous plant species height in inches on BLM rangelands (80% confidence interval),
70. Mean Herbaceous Species Height in Inches on BLM range,30,BLM,NA,9.03,0.15,0.02,8.84,9.23, MEAN HERBACEOUS SPECIES HEIGHT IN INCHES ON BLM RANGE,2015,Year,Inches,inches,Mean herbaceous plant species height in inches on BLM rangelands (80% confidence interval),54,Mean herbaceous plant species height in inches on BLM rangelands (80% confidence interval),
70. Mean Herbaceous Species Height in Inches on BLM range,30,BLM,NA,9.13,0.17,0.02,8.91,9.35, MEAN HERBACEOUS SPECIES HEIGHT IN INCHES ON BLM RANGE,2016,Year,Inches,inches,Mean herbaceous plant species height in inches on BLM rangelands (80% confidence interval),54,Mean herbaceous plant species height in inches on BLM rangelands (80% confidence interval),
70. Mean Herbaceous Species Height in Inches on BLM range,30,BLM,1,10.87,0.17,0.02,10.65,11.08, MEAN HERBACEOUS SPECIES HEIGHT IN INCHES ON BLM RANGE,2015,Year,Inches,inches,Mean herbaceous plant species height in inches on BLM rangelands (80% confidence interval),54,Mean herbaceous plant species height in inches on BLM rangelands (80% confidence interval),
70. Mean Herbaceous Species Height in Inches on BLM range,30,BLM,NA,8.35,0.16,0.02,8.15,8.56, MEAN HERBACEOUS SPECIES HEIGHT IN INCHES ON BLM RANGE,2014,Year,Inches,inches,Mean herbaceous plant species height in inches on BLM rangelands (80% confidence interval),54,Mean herbaceous plant species height in inches on BLM rangelands (80% confidence interval),
70. Mean Herbaceous Species Height in Inches on BLM range,30,BLM,NA,7.08,0.18,0.03,6.84,7.32, MEAN HERBACEOUS SPECIES HEIGHT IN INCHES ON BLM RANGE,2012,Year,Inches,inches,Mean herbaceous plant species height in inches on BLM rangelands (80% confidence interval),54,Mean herbaceous plant species height in inches on BLM rangelands (80% confidence interval),
70. Mean Herbaceous Species Height in Inches on BLM range,29,BLM,NA,9.39,0.18,0.02,9.16,9.62, MEAN HERBACEOUS SPECIES HEIGHT IN INCHES ON BLM RANGE,2019,Year,Inches,inches,Mean herbaceous plant species height in inches on BLM rangelands (80% confidence interval),54,Mean herbaceous plant species height in inches on BLM rangelands (80% confidence interval),
70. Mean Herbaceous Species Height in Inches on BLM range,29,BLM,1,10.65,0.21,0.02,10.39,10.92, MEAN HERBACEOUS SPECIES HEIGHT IN INCHES ON BLM RANGE,2019,Year,Inches,inches,Mean herbaceous plant species height in inches on BLM rangelands (80% confidence interval),54,Mean herbaceous plant species height in inches on BLM rangelands (80% confidence interval),
70. Mean Herbaceous Species Height in Inches on BLM range,29,BLM,2,8.71,0.32,0.04,8.31,9.12, MEAN HERBACEOUS SPECIES HEIGHT IN INCHES ON BLM RANGE,2019,Year,Inches,inches,Mean herbaceous plant species height in inches on BLM rangelands (80% confidence interval),54,Mean herbaceous plant species height in inches on BLM rangelands (80% confidence interval),
70. Mean Herbaceous Species Height in Inches on BLM range,30,BLM,2,8.08,0.23,0.03,7.78,8.38, MEAN HERBACEOUS SPECIES HEIGHT IN INCHES ON BLM RANGE,2015,Year,Inches,inches,Mean herbaceous plant species height in inches on BLM rangelands (80% confidence interval),54,Mean herbaceous plant species height in inches on BLM rangelands (80% confidence interval),
70. Mean Herbaceous Species Height in Inches on BLM range,30,BLM,2,7.97,0.25,0.03,7.65,8.28, MEAN HERBACEOUS SPECIES HEIGHT IN INCHES ON BLM RANGE,2017,Year,Inches,inches,Mean herbaceous plant species height in inches on BLM rangelands (80% confidence interval),54,Mean herbaceous plant species height in inches on BLM rangelands (80% confidence interval),
70. Mean Herbaceous Species Height in Inches on BLM range,30,BLM,2,7.57,0.24,0.03,7.26,7.88, MEAN HERBACEOUS SPECIES HEIGHT IN INCHES ON BLM RANGE,2018,Year,Inches,inches,Mean herbaceous plant species height in inches on BLM rangelands (80% confidence interval),54,Mean herbaceous plant species height in inches on BLM rangelands (80% confidence interval),
70. Mean Herbaceous Species Height in Inches on BLM range,30,BLM,1,11.41,0.15,0.01,11.23,11.60, MEAN HERBACEOUS SPECIES HEIGHT IN INCHES ON BLM RANGE,2016,Year,Inches,inches,Mean herbaceous plant species height in inches on BLM rangelands (80% confidence interval),54,Mean herbaceous plant species height in inches on BLM rangelands (80% confidence interval),
70. Mean Herbaceous Species Height in Inches on BLM range,30,BLM,2,7.45,0.21,0.03,7.18,7.72, MEAN HERBACEOUS SPECIES HEIGHT IN INCHES ON BLM RANGE,2014,Year,Inches,inches,Mean herbaceous plant species height in inches on BLM rangelands (80% confidence interval),54,Mean herbaceous plant species height in inches on BLM rangelands (80% confidence interval),
70. Mean Herbaceous Species Height in Inches on BLM range,30,BLM,2,7.96,0.24,0.03,7.65,8.27, MEAN HERBACEOUS SPECIES HEIGHT IN INCHES ON BLM RANGE,2016,Year,Inches,inches,Mean herbaceous plant species height in inches on BLM rangelands (80% confidence interval),54,Mean herbaceous plant species height in inches on BLM rangelands (80% confidence interval),
70. Mean Herbaceous Species Height in Inches on BLM range,30,BLM,1,7.67,0.14,0.02,7.48,7.86, MEAN HERBACEOUS SPECIES HEIGHT IN INCHES ON BLM RANGE,2012,Year,Inches,inches,Mean herbaceous plant species height in inches on BLM rangelands (80% confidence interval),54,Mean herbaceous plant species height in inches on BLM rangelands (80% confidence interval),
70. Mean Herbaceous Species Height in Inches on BLM range,30,BLM,2,6.75,0.29,0.04,6.38,7.12, MEAN HERBACEOUS SPECIES HEIGHT IN INCHES ON BLM RANGE,2012,Year,Inches,inches,Mean herbaceous plant species height in inches on BLM rangelands (80% confidence interval),54,Mean herbaceous plant species height in inches on BLM rangelands (80% confidence interval),
71. Percent Foliar Cover of Perennial Grass and Perennial Forb on BLM range,30,BLM,NA,24.09,0.69,0.03,23.20,24.97, PERCENT FOLIAR COVER OF PERENNIAL GRASS AND PERENNIAL FORB ON BLM RANGE,2019,Year,Percent cover on BLM-administered lands,percent,Proportion of vegetation composed of perennial grasses and perennial forbs on BLM rangelands (80% confidence interval),55,Percent cover of perennial grasses and perennial forbs on BLM rangelands (80% confidence interval),
71. Percent Foliar Cover of Perennial Grass and Perennial Forb on BLM range,30,BLM,1,36.18,0.97,0.03,34.94,37.42, PERCENT FOLIAR COVER OF PERENNIAL GRASS AND PERENNIAL FORB ON BLM RANGE,2019,Year,Percent cover on BLM-administered lands,percent,Proportion of vegetation composed of perennial grasses and perennial forbs on BLM rangelands (80% confidence interval),55,Percent cover of perennial grasses and perennial forbs on BLM rangelands (80% confidence interval),
71. Percent Foliar Cover of Perennial Grass and Perennial Forb on BLM range,30,BLM,2,17.71,1.03,0.06,16.38,19.04, PERCENT FOLIAR COVER OF PERENNIAL GRASS AND PERENNIAL FORB ON BLM RANGE,2019,Year,Percent cover on BLM-administered lands,percent,Proportion of vegetation composed of perennial grasses and perennial forbs on BLM rangelands (80% confidence interval),55,Percent cover of perennial grasses and perennial forbs on BLM rangelands (80% confidence interval),
71. Percent Foliar Cover of Perennial Grass and Perennial Forb on BLM range,31,BLM,NA,21.34,0.56,0.03,20.62,22.06, PERCENT FOLIAR COVER OF PERENNIAL GRASS AND PERENNIAL FORB ON BLM RANGE,2017,Year,Percent cover on BLM-administered lands,percent,Proportion of vegetation composed of perennial grasses and perennial forbs on BLM rangelands (80% confidence interval),55,Percent cover of perennial grasses and perennial forbs on BLM rangelands (80% confidence interval),
71. Percent Foliar Cover of Perennial Grass and Perennial Forb on BLM range,31,BLM,NA,18.37,0.73,0.04,17.44,19.30, PERCENT FOLIAR COVER OF PERENNIAL GRASS AND PERENNIAL FORB ON BLM RANGE,2012,Year,Percent cover on BLM-administered lands,percent,Proportion of vegetation composed of perennial grasses and perennial forbs on BLM rangelands (80% confidence interval),55,Percent cover of perennial grasses and perennial forbs on BLM rangelands (80% confidence interval),
71. Percent Foliar Cover of Perennial Grass and Perennial Forb on BLM range,31,BLM,1,26.59,0.92,0.04,25.41,27.77, PERCENT FOLIAR COVER OF PERENNIAL GRASS AND PERENNIAL FORB ON BLM RANGE,2012,Year,Percent cover on BLM-administered lands,percent,Proportion of vegetation composed of perennial grasses and perennial forbs on BLM rangelands (80% confidence interval),55,Percent cover of perennial grasses and perennial forbs on BLM rangelands (80% confidence interval),
71. Percent Foliar Cover of Perennial Grass and Perennial Forb on BLM range,31,BLM,2,14.04,1.10,0.08,12.62,15.45, PERCENT FOLIAR COVER OF PERENNIAL GRASS AND PERENNIAL FORB ON BLM RANGE,2012,Year,Percent cover on BLM-administered lands,percent,Proportion of vegetation composed of perennial grasses and perennial forbs on BLM rangelands (80% confidence interval),55,Percent cover of perennial grasses and perennial forbs on BLM rangelands (80% confidence interval),
71. Percent Foliar Cover of Perennial Grass and Perennial Forb on BLM range,31,BLM,NA,20.51,0.54,0.03,19.82,21.19, PERCENT FOLIAR COVER OF PERENNIAL GRASS AND PERENNIAL FORB ON BLM RANGE,2016,Year,Percent cover on BLM-administered lands,percent,Proportion of vegetation composed of perennial grasses and perennial forbs on BLM rangelands (80% confidence interval),55,Percent cover of perennial grasses and perennial forbs on BLM rangelands (80% confidence interval),
71. Percent Foliar Cover of Perennial Grass and Perennial Forb on BLM range,31,BLM,NA,20.34,0.70,0.03,19.45,21.24, PERCENT FOLIAR COVER OF PERENNIAL GRASS AND PERENNIAL FORB ON BLM RANGE,2018,Year,Percent cover on BLM-administered lands,percent,Proportion of vegetation composed of perennial grasses and perennial forbs on BLM rangelands (80% confidence interval),55,Percent cover of perennial grasses and perennial forbs on BLM rangelands (80% confidence interval),
71. Percent Foliar Cover of Perennial Grass and Perennial Forb on BLM range,31,BLM,1,35.31,0.79,0.02,34.30,36.31, PERCENT FOLIAR COVER OF PERENNIAL GRASS AND PERENNIAL FORB ON BLM RANGE,2017,Year,Percent cover on BLM-administered lands,percent,Proportion of vegetation composed of perennial grasses and perennial forbs on BLM rangelands (80% confidence interval),55,Percent cover of perennial grasses and perennial forbs on BLM rangelands (80% confidence interval),
71. Percent Foliar Cover of Perennial Grass and Perennial Forb on BLM range,31,BLM,NA,19.15,0.77,0.04,18.16,20.14, PERCENT FOLIAR COVER OF PERENNIAL GRASS AND PERENNIAL FORB ON BLM RANGE,2015,Year,Percent cover on BLM-administered lands,percent,Proportion of vegetation composed of perennial grasses and perennial forbs on BLM rangelands (80% confidence interval),55,Percent cover of perennial grasses and perennial forbs on BLM rangelands (80% confidence interval),
71. Percent Foliar Cover of Perennial Grass and Perennial Forb on BLM range,31,BLM,2,14.56,0.84,0.06,13.48,15.64, PERCENT FOLIAR COVER OF PERENNIAL GRASS AND PERENNIAL FORB ON BLM RANGE,2014,Year,Percent cover on BLM-administered lands,percent,Proportion of vegetation composed of perennial grasses and perennial forbs on BLM rangelands (80% confidence interval),55,Percent cover of perennial grasses and perennial forbs on BLM rangelands (80% confidence interval),
71. Percent Foliar Cover of Perennial Grass and Perennial Forb on BLM range,31,BLM,2,14.03,1.18,0.08,12.51,15.54, PERCENT FOLIAR COVER OF PERENNIAL GRASS AND PERENNIAL FORB ON BLM RANGE,2018,Year,Percent cover on BLM-administered lands,percent,Proportion of vegetation composed of perennial grasses and perennial forbs on BLM rangelands (80% confidence interval),55,Percent cover of perennial grasses and perennial forbs on BLM rangelands (80% confidence interval),
71. Percent Foliar Cover of Perennial Grass and Perennial Forb on BLM range,31,BLM,NA,19.29,0.57,0.03,18.55,20.02, PERCENT FOLIAR COVER OF PERENNIAL GRASS AND PERENNIAL FORB ON BLM RANGE,2014,Year,Percent cover on BLM-administered lands,percent,Proportion of vegetation composed of perennial grasses and perennial forbs on BLM rangelands (80% confidence interval),55,Percent cover of perennial grasses and perennial forbs on BLM rangelands (80% confidence interval),
71. Percent Foliar Cover of Perennial Grass and Perennial Forb on BLM range,31,BLM,1,29.13,0.63,0.02,28.33,29.93, PERCENT FOLIAR COVER OF PERENNIAL GRASS AND PERENNIAL FORB ON BLM RANGE,2014,Year,Percent cover on BLM-administered lands,percent,Proportion of vegetation composed of perennial grasses and perennial forbs on BLM rangelands (80% confidence interval),55,Percent cover of perennial grasses and perennial forbs on BLM rangelands (80% confidence interval),
71. Percent Foliar Cover of Perennial Grass and Perennial Forb on BLM range,31,BLM,2,14.24,0.88,0.06,13.12,15.37, PERCENT FOLIAR COVER OF PERENNIAL GRASS AND PERENNIAL FORB ON BLM RANGE,2017,Year,Percent cover on BLM-administered lands,percent,Proportion of vegetation composed of perennial grasses and perennial forbs on BLM rangelands (80% confidence interval),55,Percent cover of perennial grasses and perennial forbs on BLM rangelands (80% confidence interval),
71. Percent Foliar Cover of Perennial Grass and Perennial Forb on BLM range,31,BLM,1,29.45,0.61,0.02,28.66,30.23, PERCENT FOLIAR COVER OF PERENNIAL GRASS AND PERENNIAL FORB ON BLM RANGE,2015,Year,Percent cover on BLM-administered lands,percent,Proportion of vegetation composed of perennial grasses and perennial forbs on BLM rangelands (80% confidence interval),55,Percent cover of perennial grasses and perennial forbs on BLM rangelands (80% confidence interval),
71. Percent Foliar Cover of Perennial Grass and Perennial Forb on BLM range,31,BLM,1,32.78,1.34,0.04,31.07,34.50, PERCENT FOLIAR COVER OF PERENNIAL GRASS AND PERENNIAL FORB ON BLM RANGE,2018,Year,Percent cover on BLM-administered lands,percent,Proportion of vegetation composed of perennial grasses and perennial forbs on BLM rangelands (80% confidence interval),55,Percent cover of perennial grasses and perennial forbs on BLM rangelands (80% confidence interval),
71. Percent Foliar Cover of Perennial Grass and Perennial Forb on BLM range,31,BLM,2,14.14,0.70,0.05,13.24,15.04, PERCENT FOLIAR COVER OF PERENNIAL GRASS AND PERENNIAL FORB ON BLM RANGE,2016,Year,Percent cover on BLM-administered lands,percent,Proportion of vegetation composed of perennial grasses and perennial forbs on BLM rangelands (80% confidence interval),55,Percent cover of perennial grasses and perennial forbs on BLM rangelands (80% confidence interval),
71. Percent Foliar Cover of Perennial Grass and Perennial Forb on BLM range,31,BLM,2,14.12,1.08,0.08,12.73,15.51, PERCENT FOLIAR COVER OF PERENNIAL GRASS AND PERENNIAL FORB ON BLM RANGE,2015,Year,Percent cover on BLM-administered lands,percent,Proportion of vegetation composed of perennial grasses and perennial forbs on BLM rangelands (80% confidence interval),55,Percent cover of perennial grasses and perennial forbs on BLM rangelands (80% confidence interval),
71. Percent Foliar Cover of Perennial Grass and Perennial Forb on BLM range,31,BLM,1,33.50,0.87,0.03,32.38,34.61, PERCENT FOLIAR COVER OF PERENNIAL GRASS AND PERENNIAL FORB ON BLM RANGE,2016,Year,Percent cover on BLM-administered lands,percent,Proportion of vegetation composed of perennial grasses and perennial forbs on BLM rangelands (80% confidence interval),55,Percent cover of perennial grasses and perennial forbs on BLM rangelands (80% confidence interval),
72. Percent of Bare Ground on BLM range,31,BLM,1,21.57,0.52,0.02,20.91,22.23, PERCENT OF BARE GROUND ON BLM RANGE,2019,Year,Percent cover on BLM-administered lands,percent,Proportion of land composed of bare ground on BLM rangelands (80% confidence interval),56,Percent cover of bare ground on BLM rangelands (80% confidence interval),
72. Percent of Bare Ground on BLM range,32,BLM,1,26.30,0.70,0.03,25.39,27.20, PERCENT OF BARE GROUND ON BLM RANGE,2012,Year,Percent cover on BLM-administered lands,percent,Proportion of land composed of bare ground on BLM rangelands (80% confidence interval),56,Percent cover of bare ground on BLM rangelands (80% confidence interval),
72. Percent of Bare Ground on BLM range,32,BLM,2,32.09,1.19,0.04,30.56,33.62, PERCENT OF BARE GROUND ON BLM RANGE,2012,Year,Percent cover on BLM-administered lands,percent,Proportion of land composed of bare ground on BLM rangelands (80% confidence interval),56,Percent cover of bare ground on BLM rangelands (80% confidence interval),
72. Percent of Bare Ground on BLM range,31,BLM,NA,23.88,0.96,0.04,22.65,25.12, PERCENT OF BARE GROUND ON BLM RANGE,2019,Year,Percent cover on BLM-administered lands,percent,Proportion of land composed of bare ground on BLM rangelands (80% confidence interval),56,Percent cover of bare ground on BLM rangelands (80% confidence interval),
72. Percent of Bare Ground on BLM range,32,BLM,NA,28.14,0.84,0.03,27.06,29.22, PERCENT OF BARE GROUND ON BLM RANGE,2014,Year,Percent cover on BLM-administered lands,percent,Proportion of land composed of bare ground on BLM rangelands (80% confidence interval),56,Percent cover of bare ground on BLM rangelands (80% confidence interval),
72. Percent of Bare Ground on BLM range,32,BLM,1,28.18,0.61,0.02,27.39,28.96, PERCENT OF BARE GROUND ON BLM RANGE,2014,Year,Percent cover on BLM-administered lands,percent,Proportion of land composed of bare ground on BLM rangelands (80% confidence interval),56,Percent cover of bare ground on BLM rangelands (80% confidence interval),
72. Percent of Bare Ground on BLM range,32,BLM,NA,30.09,0.85,0.03,29.00,31.18, PERCENT OF BARE GROUND ON BLM RANGE,2012,Year,Percent cover on BLM-administered lands,percent,Proportion of land composed of bare ground on BLM rangelands (80% confidence interval),56,Percent cover of bare ground on BLM rangelands (80% confidence interval),
72. Percent of Bare Ground on BLM range,31,BLM,2,25.10,1.48,0.06,23.20,27.00, PERCENT OF BARE GROUND ON BLM RANGE,2019,Year,Percent cover on BLM-administered lands,percent,Proportion of land composed of bare ground on BLM rangelands (80% confidence interval),56,Percent cover of bare ground on BLM rangelands (80% confidence interval),
72. Percent of Bare Ground on BLM range,32,BLM,2,29.03,0.89,0.03,27.88,30.17, PERCENT OF BARE GROUND ON BLM RANGE,2015,Year,Percent cover on BLM-administered lands,percent,Proportion of land composed of bare ground on BLM rangelands (80% confidence interval),56,Percent cover of bare ground on BLM rangelands (80% confidence interval),
72. Percent of Bare Ground on BLM range,32,BLM,2,28.13,1.13,0.04,26.68,29.57, PERCENT OF BARE GROUND ON BLM RANGE,2014,Year,Percent cover on BLM-administered lands,percent,Proportion of land composed of bare ground on BLM rangelands (80% confidence interval),56,Percent cover of bare ground on BLM rangelands (80% confidence interval),
72. Percent of Bare Ground on BLM range,32,BLM,NA,28.26,0.64,0.02,27.44,29.08, PERCENT OF BARE GROUND ON BLM RANGE,2015,Year,Percent cover on BLM-administered lands,percent,Proportion of land composed of bare ground on BLM rangelands (80% confidence interval),56,Percent cover of bare ground on BLM rangelands (80% confidence interval),
72. Percent of Bare Ground on BLM range,32,BLM,NA,26.24,0.68,0.03,25.37,27.11, PERCENT OF BARE GROUND ON BLM RANGE,2017,Year,Percent cover on BLM-administered lands,percent,Proportion of land composed of bare ground on BLM rangelands (80% confidence interval),56,Percent cover of bare ground on BLM rangelands (80% confidence interval),
72. Percent of Bare Ground on BLM range,32,BLM,NA,24.49,0.80,0.03,23.46,25.51, PERCENT OF BARE GROUND ON BLM RANGE,2018,Year,Percent cover on BLM-administered lands,percent,Proportion of land composed of bare ground on BLM rangelands (80% confidence interval),56,Percent cover of bare ground on BLM rangelands (80% confidence interval),
72. Percent of Bare Ground on BLM range,32,BLM,2,32.03,1.23,0.04,30.46,33.60, PERCENT OF BARE GROUND ON BLM RANGE,2016,Year,Percent cover on BLM-administered lands,percent,Proportion of land composed of bare ground on BLM rangelands (80% confidence interval),56,Percent cover of bare ground on BLM rangelands (80% confidence interval),
72. Percent of Bare Ground on BLM range,32,BLM,1,26.69,0.47,0.02,26.09,27.29, PERCENT OF BARE GROUND ON BLM RANGE,2015,Year,Percent cover on BLM-administered lands,percent,Proportion of land composed of bare ground on BLM rangelands (80% confidence interval),56,Percent cover of bare ground on BLM rangelands (80% confidence interval),
72. Percent of Bare Ground on BLM range,32,BLM,1,21.51,0.52,0.02,20.85,22.18, PERCENT OF BARE GROUND ON BLM RANGE,2016,Year,Percent cover on BLM-administered lands,percent,Proportion of land composed of bare ground on BLM rangelands (80% confidence interval),56,Percent cover of bare ground on BLM rangelands (80% confidence interval),
72. Percent of Bare Ground on BLM range,32,BLM,2,26.38,1.20,0.05,24.84,27.91, PERCENT OF BARE GROUND ON BLM RANGE,2018,Year,Percent cover on BLM-administered lands,percent,Proportion of land composed of bare ground on BLM rangelands (80% confidence interval),56,Percent cover of bare ground on BLM rangelands (80% confidence interval),
72. Percent of Bare Ground on BLM range,32,BLM,NA,28.57,0.83,0.03,27.50,29.64, PERCENT OF BARE GROUND ON BLM RANGE,2016,Year,Percent cover on BLM-administered lands,percent,Proportion of land composed of bare ground on BLM rangelands (80% confidence interval),56,Percent cover of bare ground on BLM rangelands (80% confidence interval),
72. Percent of Bare Ground on BLM range,32,BLM,2,29.01,1.08,0.04,27.62,30.40, PERCENT OF BARE GROUND ON BLM RANGE,2017,Year,Percent cover on BLM-administered lands,percent,Proportion of land composed of bare ground on BLM rangelands (80% confidence interval),56,Percent cover of bare ground on BLM rangelands (80% confidence interval),
72. Percent of Bare Ground on BLM range,32,BLM,1,20.79,0.55,0.03,20.09,21.50, PERCENT OF BARE GROUND ON BLM RANGE,2017,Year,Percent cover on BLM-administered lands,percent,Proportion of land composed of bare ground on BLM rangelands (80% confidence interval),56,Percent cover of bare ground on BLM rangelands (80% confidence interval),
72. Percent of Bare Ground on BLM range,32,BLM,1,20.77,0.91,0.04,19.61,21.93, PERCENT OF BARE GROUND ON BLM RANGE,2018,Year,Percent cover on BLM-administered lands,percent,Proportion of land composed of bare ground on BLM rangelands (80% confidence interval),56,Percent cover of bare ground on BLM rangelands (80% confidence interval),
73. Percent Annual Grasses on BLM range,33,BLM,NA,7.88,0.54,0.07,7.19,8.57, PERCENT ANNUAL GRASSES ON BLM RANGE,2014,Year,Percent of foliar cover on BLM-administered lands,percent,Proportion of vegetation composed of annual grasses on BLM rangelands (80% confidence interval),57,Proportion of vegetation composed of annual grasses on BLM rangelands (80% confidence interval),"Annual grasses include: Bromus tectorum, Taeniatherum caput-medusae"
73. Percent Annual Grasses on BLM range,33,BLM,1,10.26,0.51,0.05,9.60,10.91, PERCENT ANNUAL GRASSES ON BLM RANGE,2015,Year,Percent of foliar cover on BLM-administered lands,percent,Proportion of vegetation composed of annual grasses on BLM rangelands (80% confidence interval),57,Proportion of vegetation composed of annual grasses on BLM rangelands (80% confidence interval),"Annual grasses include: Bromus tectorum, Taeniatherum caput-medusae"
73. Percent Annual Grasses on BLM range,33,BLM,NA,8.51,0.69,0.08,7.63,9.40, PERCENT ANNUAL GRASSES ON BLM RANGE,2012,Year,Percent of foliar cover on BLM-administered lands,percent,Proportion of vegetation composed of annual grasses on BLM rangelands (80% confidence interval),57,Proportion of vegetation composed of annual grasses on BLM rangelands (80% confidence interval),"Annual grasses include: Bromus tectorum, Taeniatherum caput-medusae"
73. Percent Annual Grasses on BLM range,32,BLM,1,10.30,0.70,0.07,9.40,11.20, PERCENT ANNUAL GRASSES ON BLM RANGE,2019,Year,Percent of foliar cover on BLM-administered lands,percent,Proportion of vegetation composed of annual grasses on BLM rangelands (80% confidence interval),57,Proportion of vegetation composed of annual grasses on BLM rangelands (80% confidence interval),"Annual grasses include: Bromus tectorum, Taeniatherum caput-medusae"
73. Percent Annual Grasses on BLM range,33,BLM,NA,7.85,0.45,0.06,7.27,8.42, PERCENT ANNUAL GRASSES ON BLM RANGE,2015,Year,Percent of foliar cover on BLM-administered lands,percent,Proportion of vegetation composed of annual grasses on BLM rangelands (80% confidence interval),57,Proportion of vegetation composed of annual grasses on BLM rangelands (80% confidence interval),"Annual grasses include: Bromus tectorum, Taeniatherum caput-medusae"
73. Percent Annual Grasses on BLM range,33,BLM,NA,10.77,0.64,0.06,9.95,11.60, PERCENT ANNUAL GRASSES ON BLM RANGE,2016,Year,Percent of foliar cover on BLM-administered lands,percent,Proportion of vegetation composed of annual grasses on BLM rangelands (80% confidence interval),57,Proportion of vegetation composed of annual grasses on BLM rangelands (80% confidence interval),"Annual grasses include: Bromus tectorum, Taeniatherum caput-medusae"
73. Percent Annual Grasses on BLM range,33,BLM,2,6.67,0.62,0.09,5.87,7.47, PERCENT ANNUAL GRASSES ON BLM RANGE,2015,Year,Percent of foliar cover on BLM-administered lands,percent,Proportion of vegetation composed of annual grasses on BLM rangelands (80% confidence interval),57,Proportion of vegetation composed of annual grasses on BLM rangelands (80% confidence interval),"Annual grasses include: Bromus tectorum, Taeniatherum caput-medusae"
73. Percent Annual Grasses on BLM range,33,BLM,2,9.56,0.98,0.10,8.30,10.81, PERCENT ANNUAL GRASSES ON BLM RANGE,2012,Year,Percent of foliar cover on BLM-administered lands,percent,Proportion of vegetation composed of annual grasses on BLM rangelands (80% confidence interval),57,Proportion of vegetation composed of annual grasses on BLM rangelands (80% confidence interval),"Annual grasses include: Bromus tectorum, Taeniatherum caput-medusae"
73. Percent Annual Grasses on BLM range,32,BLM,NA,10.28,0.80,0.08,9.25,11.31, PERCENT ANNUAL GRASSES ON BLM RANGE,2019,Year,Percent of foliar cover on BLM-administered lands,percent,Proportion of vegetation composed of annual grasses on BLM rangelands (80% confidence interval),57,Proportion of vegetation composed of annual grasses on BLM rangelands (80% confidence interval),"Annual grasses include: Bromus tectorum, Taeniatherum caput-medusae"
73. Percent Annual Grasses on BLM range,33,BLM,1,8.33,0.51,0.06,7.67,8.98, PERCENT ANNUAL GRASSES ON BLM RANGE,2014,Year,Percent of foliar cover on BLM-administered lands,percent,Proportion of vegetation composed of annual grasses on BLM rangelands (80% confidence interval),57,Proportion of vegetation composed of annual grasses on BLM rangelands (80% confidence interval),"Annual grasses include: Bromus tectorum, Taeniatherum caput-medusae"
73. Percent Annual Grasses on BLM range,33,BLM,1,12.06,0.53,0.04,11.39,12.74, PERCENT ANNUAL GRASSES ON BLM RANGE,2016,Year,Percent of foliar cover on BLM-administered lands,percent,Proportion of vegetation composed of annual grasses on BLM rangelands (80% confidence interval),57,Proportion of vegetation composed of annual grasses on BLM rangelands (80% confidence interval),"Annual grasses include: Bromus tectorum, Taeniatherum caput-medusae"
73. Percent Annual Grasses on BLM range,33,BLM,1,6.54,0.59,0.09,5.79,7.29, PERCENT ANNUAL GRASSES ON BLM RANGE,2012,Year,Percent of foliar cover on BLM-administered lands,percent,Proportion of vegetation composed of annual grasses on BLM rangelands (80% confidence interval),57,Proportion of vegetation composed of annual grasses on BLM rangelands (80% confidence interval),"Annual grasses include: Bromus tectorum, Taeniatherum caput-medusae"
73. Percent Annual Grasses on BLM range,32,BLM,2,10.27,1.20,0.12,8.73,11.81, PERCENT ANNUAL GRASSES ON BLM RANGE,2019,Year,Percent of foliar cover on BLM-administered lands,percent,Proportion of vegetation composed of annual grasses on BLM rangelands (80% confidence interval),57,Proportion of vegetation composed of annual grasses on BLM rangelands (80% confidence interval),"Annual grasses include: Bromus tectorum, Taeniatherum caput-medusae"
73. Percent Annual Grasses on BLM range,33,BLM,1,13.29,0.82,0.06,12.25,14.34, PERCENT ANNUAL GRASSES ON BLM RANGE,2017,Year,Percent of foliar cover on BLM-administered lands,percent,Proportion of vegetation composed of annual grasses on BLM rangelands (80% confidence interval),57,Proportion of vegetation composed of annual grasses on BLM rangelands (80% confidence interval),"Annual grasses include: Bromus tectorum, Taeniatherum caput-medusae"
73. Percent Annual Grasses on BLM range,33,BLM,2,7.67,0.74,0.10,6.71,8.62, PERCENT ANNUAL GRASSES ON BLM RANGE,2014,Year,Percent of foliar cover on BLM-administered lands,percent,Proportion of vegetation composed of annual grasses on BLM rangelands (80% confidence interval),57,Proportion of vegetation composed of annual grasses on BLM rangelands (80% confidence interval),"Annual grasses include: Bromus tectorum, Taeniatherum caput-medusae"
73. Percent Annual Grasses on BLM range,33,BLM,2,10.14,0.91,0.09,8.97,11.31, PERCENT ANNUAL GRASSES ON BLM RANGE,2016,Year,Percent of foliar cover on BLM-administered lands,percent,Proportion of vegetation composed of annual grasses on BLM rangelands (80% confidence interval),57,Proportion of vegetation composed of annual grasses on BLM rangelands (80% confidence interval),"Annual grasses include: Bromus tectorum, Taeniatherum caput-medusae"
73. Percent Annual Grasses on BLM range,33,BLM,NA,13.77,0.97,0.07,12.53,15.01, PERCENT ANNUAL GRASSES ON BLM RANGE,2017,Year,Percent of foliar cover on BLM-administered lands,percent,Proportion of vegetation composed of annual grasses on BLM rangelands (80% confidence interval),57,Proportion of vegetation composed of annual grasses on BLM rangelands (80% confidence interval),"Annual grasses include: Bromus tectorum, Taeniatherum caput-medusae"
73. Percent Annual Grasses on BLM range,33,BLM,NA,11.93,1.05,0.09,10.58,13.28, PERCENT ANNUAL GRASSES ON BLM RANGE,2018,Year,Percent of foliar cover on BLM-administered lands,percent,Proportion of vegetation composed of annual grasses on BLM rangelands (80% confidence interval),57,Proportion of vegetation composed of annual grasses on BLM rangelands (80% confidence interval),"Annual grasses include: Bromus tectorum, Taeniatherum caput-medusae"
73. Percent Annual Grasses on BLM range,33,BLM,2,14.02,1.45,0.10,12.16,15.88, PERCENT ANNUAL GRASSES ON BLM RANGE,2017,Year,Percent of foliar cover on BLM-administered lands,percent,Proportion of vegetation composed of annual grasses on BLM rangelands (80% confidence interval),57,Proportion of vegetation composed of annual grasses on BLM rangelands (80% confidence interval),"Annual grasses include: Bromus tectorum, Taeniatherum caput-medusae"
73. Percent Annual Grasses on BLM range,33,BLM,2,10.80,1.39,0.13,9.02,12.58, PERCENT ANNUAL GRASSES ON BLM RANGE,2018,Year,Percent of foliar cover on BLM-administered lands,percent,Proportion of vegetation composed of annual grasses on BLM rangelands (80% confidence interval),57,Proportion of vegetation composed of annual grasses on BLM rangelands (80% confidence interval),"Annual grasses include: Bromus tectorum, Taeniatherum caput-medusae"
73. Percent Annual Grasses on BLM range,33,BLM,1,14.15,0.97,0.07,12.91,15.40, PERCENT ANNUAL GRASSES ON BLM RANGE,2018,Year,Percent of foliar cover on BLM-administered lands,percent,Proportion of vegetation composed of annual grasses on BLM rangelands (80% confidence interval),57,Proportion of vegetation composed of annual grasses on BLM rangelands (80% confidence interval),"Annual grasses include: Bromus tectorum, Taeniatherum caput-medusae"
74. Percent Non-Native Invasive Plant Species on BLM range,34,BLM,NA,14.75,0.76,0.05,13.77,15.73, PERCENT NON-NATIVE INVASIVE PLANT SPECIES ON BLM RANGE,2016,Year,Percent of foliar cover on BLM-administered lands,percent,Proportion of vegetation composed of non-native invasive plant species on BLM rangelands (80% confidence interval),58,Proportion of vegetation composed of non-native invasive plant species on BLM rangelands (80% confidence interval),
74. Percent Non-Native Invasive Plant Species on BLM range,34,BLM,2,12.91,1.20,0.09,11.38,14.45, PERCENT NON-NATIVE INVASIVE PLANT SPECIES ON BLM RANGE,2012,Year,Percent of foliar cover on BLM-administered lands,percent,Proportion of vegetation composed of non-native invasive plant species on BLM rangelands (80% confidence interval),58,Proportion of vegetation composed of non-native invasive plant species on BLM rangelands (80% confidence interval),
74. Percent Non-Native Invasive Plant Species on BLM range,34,BLM,NA,10.90,0.84,0.08,9.82,11.98, PERCENT NON-NATIVE INVASIVE PLANT SPECIES ON BLM RANGE,2012,Year,Percent of foliar cover on BLM-administered lands,percent,Proportion of vegetation composed of non-native invasive plant species on BLM rangelands (80% confidence interval),58,Proportion of vegetation composed of non-native invasive plant species on BLM rangelands (80% confidence interval),
74. Percent Non-Native Invasive Plant Species on BLM range,34,BLM,1,14.54,0.84,0.06,13.47,15.61, PERCENT NON-NATIVE INVASIVE PLANT SPECIES ON BLM RANGE,2017,Year,Percent of foliar cover on BLM-administered lands,percent,Proportion of vegetation composed of non-native invasive plant species on BLM rangelands (80% confidence interval),58,Proportion of vegetation composed of non-native invasive plant species on BLM rangelands (80% confidence interval),
74. Percent Non-Native Invasive Plant Species on BLM range,34,BLM,2,19.56,1.56,0.08,17.55,21.56, PERCENT NON-NATIVE INVASIVE PLANT SPECIES ON BLM RANGE,2017,Year,Percent of foliar cover on BLM-administered lands,percent,Proportion of vegetation composed of non-native invasive plant species on BLM rangelands (80% confidence interval),58,Proportion of vegetation composed of non-native invasive plant species on BLM rangelands (80% confidence interval),
74. Percent Non-Native Invasive Plant Species on BLM range,34,BLM,1,13.73,0.58,0.04,12.99,14.48, PERCENT NON-NATIVE INVASIVE PLANT SPECIES ON BLM RANGE,2016,Year,Percent of foliar cover on BLM-administered lands,percent,Proportion of vegetation composed of non-native invasive plant species on BLM rangelands (80% confidence interval),58,Proportion of vegetation composed of non-native invasive plant species on BLM rangelands (80% confidence interval),
74. Percent Non-Native Invasive Plant Species on BLM range,34,BLM,NA,17.87,1.04,0.06,16.54,19.19, PERCENT NON-NATIVE INVASIVE PLANT SPECIES ON BLM RANGE,2017,Year,Percent of foliar cover on BLM-administered lands,percent,Proportion of vegetation composed of non-native invasive plant species on BLM rangelands (80% confidence interval),58,Proportion of vegetation composed of non-native invasive plant species on BLM rangelands (80% confidence interval),
74. Percent Non-Native Invasive Plant Species on BLM range,34,BLM,NA,10.66,0.75,0.07,9.70,11.62, PERCENT NON-NATIVE INVASIVE PLANT SPECIES ON BLM RANGE,2014,Year,Percent of foliar cover on BLM-administered lands,percent,Proportion of vegetation composed of non-native invasive plant species on BLM rangelands (80% confidence interval),58,Proportion of vegetation composed of non-native invasive plant species on BLM rangelands (80% confidence interval),
74. Percent Non-Native Invasive Plant Species on BLM range,34,BLM,1,7.09,0.61,0.09,6.31,7.87, PERCENT NON-NATIVE INVASIVE PLANT SPECIES ON BLM RANGE,2012,Year,Percent of foliar cover on BLM-administered lands,percent,Proportion of vegetation composed of non-native invasive plant species on BLM rangelands (80% confidence interval),58,Proportion of vegetation composed of non-native invasive plant species on BLM rangelands (80% confidence interval),
74. Percent Non-Native Invasive Plant Species on BLM range,34,BLM,2,11.24,0.95,0.09,10.01,12.46, PERCENT NON-NATIVE INVASIVE PLANT SPECIES ON BLM RANGE,2014,Year,Percent of foliar cover on BLM-administered lands,percent,Proportion of vegetation composed of non-native invasive plant species on BLM rangelands (80% confidence interval),58,Proportion of vegetation composed of non-native invasive plant species on BLM rangelands (80% confidence interval),
74. Percent Non-Native Invasive Plant Species on BLM range,34,BLM,2,15.24,1.11,0.07,13.81,16.67, PERCENT NON-NATIVE INVASIVE PLANT SPECIES ON BLM RANGE,2016,Year,Percent of foliar cover on BLM-administered lands,percent,Proportion of vegetation composed of non-native invasive plant species on BLM rangelands (80% confidence interval),58,Proportion of vegetation composed of non-native invasive plant species on BLM rangelands (80% confidence interval),
74. Percent Non-Native Invasive Plant Species on BLM range,34,BLM,NA,15.44,1.22,0.08,13.88,17.01, PERCENT NON-NATIVE INVASIVE PLANT SPECIES ON BLM RANGE,2018,Year,Percent of foliar cover on BLM-administered lands,percent,Proportion of vegetation composed of non-native invasive plant species on BLM rangelands (80% confidence interval),58,Proportion of vegetation composed of non-native invasive plant species on BLM rangelands (80% confidence interval),
74. Percent Non-Native Invasive Plant Species on BLM range,34,BLM,1,16.66,1.10,0.07,15.25,18.07, PERCENT NON-NATIVE INVASIVE PLANT SPECIES ON BLM RANGE,2018,Year,Percent of foliar cover on BLM-administered lands,percent,Proportion of vegetation composed of non-native invasive plant species on BLM rangelands (80% confidence interval),58,Proportion of vegetation composed of non-native invasive plant species on BLM rangelands (80% confidence interval),
74. Percent Non-Native Invasive Plant Species on BLM range,34,BLM,2,14.82,1.73,0.12,12.61,17.04, PERCENT NON-NATIVE INVASIVE PLANT SPECIES ON BLM RANGE,2018,Year,Percent of foliar cover on BLM-administered lands,percent,Proportion of vegetation composed of non-native invasive plant species on BLM rangelands (80% confidence interval),58,Proportion of vegetation composed of non-native invasive plant species on BLM rangelands (80% confidence interval),
74. Percent Non-Native Invasive Plant Species on BLM range,34,BLM,NA,11.13,0.59,0.05,10.38,11.88, PERCENT NON-NATIVE INVASIVE PLANT SPECIES ON BLM RANGE,2015,Year,Percent of foliar cover on BLM-administered lands,percent,Proportion of vegetation composed of non-native invasive plant species on BLM rangelands (80% confidence interval),58,Proportion of vegetation composed of non-native invasive plant species on BLM rangelands (80% confidence interval),
74. Percent Non-Native Invasive Plant Species on BLM range,34,BLM,1,11.74,0.53,0.05,11.06,12.41, PERCENT NON-NATIVE INVASIVE PLANT SPECIES ON BLM RANGE,2015,Year,Percent of foliar cover on BLM-administered lands,percent,Proportion of vegetation composed of non-native invasive plant species on BLM rangelands (80% confidence interval),58,Proportion of vegetation composed of non-native invasive plant species on BLM rangelands (80% confidence interval),
74. Percent Non-Native Invasive Plant Species on BLM range,34,BLM,2,10.83,0.84,0.08,9.75,11.91, PERCENT NON-NATIVE INVASIVE PLANT SPECIES ON BLM RANGE,2015,Year,Percent of foliar cover on BLM-administered lands,percent,Proportion of vegetation composed of non-native invasive plant species on BLM rangelands (80% confidence interval),58,Proportion of vegetation composed of non-native invasive plant species on BLM rangelands (80% confidence interval),
74. Percent Non-Native Invasive Plant Species on BLM range,34,BLM,1,9.46,0.59,0.06,8.70,10.22, PERCENT NON-NATIVE INVASIVE PLANT SPECIES ON BLM RANGE,2014,Year,Percent of foliar cover on BLM-administered lands,percent,Proportion of vegetation composed of non-native invasive plant species on BLM rangelands (80% confidence interval),58,Proportion of vegetation composed of non-native invasive plant species on BLM rangelands (80% confidence interval),
74. Percent Non-Native Invasive Plant Species on BLM range,33,BLM,NA,13.47,0.92,0.07,12.29,14.65, PERCENT NON-NATIVE INVASIVE PLANT SPECIES ON BLM RANGE,2019,Year,Percent of foliar cover on BLM-administered lands,percent,Proportion of vegetation composed of non-native invasive plant species on BLM rangelands (80% confidence interval),58,Proportion of vegetation composed of non-native invasive plant species on BLM rangelands (80% confidence interval),
74. Percent Non-Native Invasive Plant Species on BLM range,33,BLM,1,12.58,0.70,0.06,11.68,13.48, PERCENT NON-NATIVE INVASIVE PLANT SPECIES ON BLM RANGE,2019,Year,Percent of foliar cover on BLM-administered lands,percent,Proportion of vegetation composed of non-native invasive plant species on BLM rangelands (80% confidence interval),58,Proportion of vegetation composed of non-native invasive plant species on BLM rangelands (80% confidence interval),
74. Percent Non-Native Invasive Plant Species on BLM range,33,BLM,2,13.94,1.39,0.10,12.16,15.73, PERCENT NON-NATIVE INVASIVE PLANT SPECIES ON BLM RANGE,2019,Year,Percent of foliar cover on BLM-administered lands,percent,Proportion of vegetation composed of non-native invasive plant species on BLM rangelands (80% confidence interval),58,Proportion of vegetation composed of non-native invasive plant species on BLM rangelands (80% confidence interval),
9. Estimated BLM range acres with BI >= 4,4,BLM,NA,4617413.00,938111.00,0.20,3414754.00,5820072.00,BIOTIC INTEGRITY HAD MODERATE-TO-EXTREME OR EXTREME-TO-TOTAL DEPARTURE FROM REFERENCE CONDITIONS (BI >= 4),2011,Year,BLM rangeland acres (millions),acres,BLM rangeland acres (millions) with moderate-to-extreme or extreme-to-total departure from biotic integrity reference conditions (BI >= 4),8,BLM rangeland acres (millions) with moderate-to-extreme or extreme-to-total departure from biotic integrity reference conditions (BI >= 4),
9. Estimated BLM range acres with BI >= 4,4,BLM,2,5788038.00,1131130.00,0.20,4338437.00,7237640.00,BIOTIC INTEGRITY HAD MODERATE-TO-EXTREME OR EXTREME-TO-TOTAL DEPARTURE FROM REFERENCE CONDITIONS (BI >= 4),2015,Year,BLM rangeland acres (millions),acres,BLM rangeland acres (millions) with moderate-to-extreme or extreme-to-total departure from biotic integrity reference conditions (BI >= 4),8,BLM rangeland acres (millions) with moderate-to-extreme or extreme-to-total departure from biotic integrity reference conditions (BI >= 4),
9. Estimated BLM range acres with BI >= 4,4,BLM,1,729743.00,425271.00,0.58,184545.00,1274941.00,BIOTIC INTEGRITY HAD MODERATE-TO-EXTREME OR EXTREME-TO-TOTAL DEPARTURE FROM REFERENCE CONDITIONS (BI >= 4),2011,Year,BLM rangeland acres (millions),acres,BLM rangeland acres (millions) with moderate-to-extreme or extreme-to-total departure from biotic integrity reference conditions (BI >= 4),8,BLM rangeland acres (millions) with moderate-to-extreme or extreme-to-total departure from biotic integrity reference conditions (BI >= 4),
9. Estimated BLM range acres with BI >= 4,4,BLM,NA,6926905.00,852792.00,0.12,5834007.00,8019802.00,BIOTIC INTEGRITY HAD MODERATE-TO-EXTREME OR EXTREME-TO-TOTAL DEPARTURE FROM REFERENCE CONDITIONS (BI >= 4),2016,Year,BLM rangeland acres (millions),acres,BLM rangeland acres (millions) with moderate-to-extreme or extreme-to-total departure from biotic integrity reference conditions (BI >= 4),8,BLM rangeland acres (millions) with moderate-to-extreme or extreme-to-total departure from biotic integrity reference conditions (BI >= 4),
9. Estimated BLM range acres with BI >= 4,4,BLM,1,398920.00,152702.00,0.38,203225.00,594616.00,BIOTIC INTEGRITY HAD MODERATE-TO-EXTREME OR EXTREME-TO-TOTAL DEPARTURE FROM REFERENCE CONDITIONS (BI >= 4),2015,Year,BLM rangeland acres (millions),acres,BLM rangeland acres (millions) with moderate-to-extreme or extreme-to-total departure from biotic integrity reference conditions (BI >= 4),8,BLM rangeland acres (millions) with moderate-to-extreme or extreme-to-total departure from biotic integrity reference conditions (BI >= 4),
9. Estimated BLM range acres with BI >= 4,4,BLM,NA,6225672.00,1084091.00,0.17,4836354.00,7614991.00,BIOTIC INTEGRITY HAD MODERATE-TO-EXTREME OR EXTREME-TO-TOTAL DEPARTURE FROM REFERENCE CONDITIONS (BI >= 4),2012,Year,BLM rangeland acres (millions),acres,BLM rangeland acres (millions) with moderate-to-extreme or extreme-to-total departure from biotic integrity reference conditions (BI >= 4),8,BLM rangeland acres (millions) with moderate-to-extreme or extreme-to-total departure from biotic integrity reference conditions (BI >= 4),
9. Estimated BLM range acres with BI >= 4,4,BLM,NA,6186958.00,1182425.00,0.19,4671619.00,7702298.00,BIOTIC INTEGRITY HAD MODERATE-TO-EXTREME OR EXTREME-TO-TOTAL DEPARTURE FROM REFERENCE CONDITIONS (BI >= 4),2015,Year,BLM rangeland acres (millions),acres,BLM rangeland acres (millions) with moderate-to-extreme or extreme-to-total departure from biotic integrity reference conditions (BI >= 4),8,BLM rangeland acres (millions) with moderate-to-extreme or extreme-to-total departure from biotic integrity reference conditions (BI >= 4),
9. Estimated BLM range acres with BI >= 4,4,BLM,2,4639286.00,1048526.00,0.23,3295545.00,5983026.00,BIOTIC INTEGRITY HAD MODERATE-TO-EXTREME OR EXTREME-TO-TOTAL DEPARTURE FROM REFERENCE CONDITIONS (BI >= 4),2012,Year,BLM rangeland acres (millions),acres,BLM rangeland acres (millions) with moderate-to-extreme or extreme-to-total departure from biotic integrity reference conditions (BI >= 4),8,BLM rangeland acres (millions) with moderate-to-extreme or extreme-to-total departure from biotic integrity reference conditions (BI >= 4),
9. Estimated BLM range acres with BI >= 4,4,BLM,1,478759.00,178980.00,0.37,249387.00,708131.00,BIOTIC INTEGRITY HAD MODERATE-TO-EXTREME OR EXTREME-TO-TOTAL DEPARTURE FROM REFERENCE CONDITIONS (BI >= 4),2017,Year,BLM rangeland acres (millions),acres,BLM rangeland acres (millions) with moderate-to-extreme or extreme-to-total departure from biotic integrity reference conditions (BI >= 4),8,BLM rangeland acres (millions) with moderate-to-extreme or extreme-to-total departure from biotic integrity reference conditions (BI >= 4),
9. Estimated BLM range acres with BI >= 4,4,BLM,1,752411.00,178343.00,0.24,523855.00,980967.00,BIOTIC INTEGRITY HAD MODERATE-TO-EXTREME OR EXTREME-TO-TOTAL DEPARTURE FROM REFERENCE CONDITIONS (BI >= 4),2016,Year,BLM rangeland acres (millions),acres,BLM rangeland acres (millions) with moderate-to-extreme or extreme-to-total departure from biotic integrity reference conditions (BI >= 4),8,BLM rangeland acres (millions) with moderate-to-extreme or extreme-to-total departure from biotic integrity reference conditions (BI >= 4),
9. Estimated BLM range acres with BI >= 4,4,BLM,2,3887670.00,855533.00,0.22,2790876.00,4984464.00,BIOTIC INTEGRITY HAD MODERATE-TO-EXTREME OR EXTREME-TO-TOTAL DEPARTURE FROM REFERENCE CONDITIONS (BI >= 4),2011,Year,BLM rangeland acres (millions),acres,BLM rangeland acres (millions) with moderate-to-extreme or extreme-to-total departure from biotic integrity reference conditions (BI >= 4),8,BLM rangeland acres (millions) with moderate-to-extreme or extreme-to-total departure from biotic integrity reference conditions (BI >= 4),
9. Estimated BLM range acres with BI >= 4,4,BLM,NA,4794526.00,1177409.00,0.25,3285617.00,6303436.00,BIOTIC INTEGRITY HAD MODERATE-TO-EXTREME OR EXTREME-TO-TOTAL DEPARTURE FROM REFERENCE CONDITIONS (BI >= 4),2017,Year,BLM rangeland acres (millions),acres,BLM rangeland acres (millions) with moderate-to-extreme or extreme-to-total departure from biotic integrity reference conditions (BI >= 4),8,BLM rangeland acres (millions) with moderate-to-extreme or extreme-to-total departure from biotic integrity reference conditions (BI >= 4),
9. Estimated BLM range acres with BI >= 4,4,BLM,2,6540651.00,995443.00,0.15,5264940.00,7816363.00,BIOTIC INTEGRITY HAD MODERATE-TO-EXTREME OR EXTREME-TO-TOTAL DEPARTURE FROM REFERENCE CONDITIONS (BI >= 4),2014,Year,BLM rangeland acres (millions),acres,BLM rangeland acres (millions) with moderate-to-extreme or extreme-to-total departure from biotic integrity reference conditions (BI >= 4),8,BLM rangeland acres (millions) with moderate-to-extreme or extreme-to-total departure from biotic integrity reference conditions (BI >= 4),
9. Estimated BLM range acres with BI >= 4,4,BLM,2,4710050.00,1114922.00,0.24,3281220.00,6138880.00,BIOTIC INTEGRITY HAD MODERATE-TO-EXTREME OR EXTREME-TO-TOTAL DEPARTURE FROM REFERENCE CONDITIONS (BI >= 4),2018,Year,BLM rangeland acres (millions),acres,BLM rangeland acres (millions) with moderate-to-extreme or extreme-to-total departure from biotic integrity reference conditions (BI >= 4),8,BLM rangeland acres (millions) with moderate-to-extreme or extreme-to-total departure from biotic integrity reference conditions (BI >= 4),
9. Estimated BLM range acres with BI >= 4,4,BLM,1,1586387.00,355625.00,0.22,1130635.00,2042139.00,BIOTIC INTEGRITY HAD MODERATE-TO-EXTREME OR EXTREME-TO-TOTAL DEPARTURE FROM REFERENCE CONDITIONS (BI >= 4),2012,Year,BLM rangeland acres (millions),acres,BLM rangeland acres (millions) with moderate-to-extreme or extreme-to-total departure from biotic integrity reference conditions (BI >= 4),8,BLM rangeland acres (millions) with moderate-to-extreme or extreme-to-total departure from biotic integrity reference conditions (BI >= 4),
9. Estimated BLM range acres with BI >= 4,4,BLM,1,499561.00,123489.00,0.25,341303.00,657818.00,BIOTIC INTEGRITY HAD MODERATE-TO-EXTREME OR EXTREME-TO-TOTAL DEPARTURE FROM REFERENCE CONDITIONS (BI >= 4),2014,Year,BLM rangeland acres (millions),acres,BLM rangeland acres (millions) with moderate-to-extreme or extreme-to-total departure from biotic integrity reference conditions (BI >= 4),8,BLM rangeland acres (millions) with moderate-to-extreme or extreme-to-total departure from biotic integrity reference conditions (BI >= 4),
9. Estimated BLM range acres with BI >= 4,4,BLM,1,439323.00,256205.00,0.58,110984.00,767663.00,BIOTIC INTEGRITY HAD MODERATE-TO-EXTREME OR EXTREME-TO-TOTAL DEPARTURE FROM REFERENCE CONDITIONS (BI >= 4),2018,Year,BLM rangeland acres (millions),acres,BLM rangeland acres (millions) with moderate-to-extreme or extreme-to-total departure from biotic integrity reference conditions (BI >= 4),8,BLM rangeland acres (millions) with moderate-to-extreme or extreme-to-total departure from biotic integrity reference conditions (BI >= 4),
9. Estimated BLM range acres with BI >= 4,4,BLM,2,2236059.00,892731.00,0.40,1091978.00,3380140.00,BIOTIC INTEGRITY HAD MODERATE-TO-EXTREME OR EXTREME-TO-TOTAL DEPARTURE FROM REFERENCE CONDITIONS (BI >= 4),2019,Year,BLM rangeland acres (millions),acres,BLM rangeland acres (millions) with moderate-to-extreme or extreme-to-total departure from biotic integrity reference conditions (BI >= 4),8,BLM rangeland acres (millions) with moderate-to-extreme or extreme-to-total departure from biotic integrity reference conditions (BI >= 4),
9. Estimated BLM range acres with BI >= 4,4,BLM,NA,7040212.00,980642.00,0.14,5783469.00,8296955.00,BIOTIC INTEGRITY HAD MODERATE-TO-EXTREME OR EXTREME-TO-TOTAL DEPARTURE FROM REFERENCE CONDITIONS (BI >= 4),2014,Year,BLM rangeland acres (millions),acres,BLM rangeland acres (millions) with moderate-to-extreme or extreme-to-total departure from biotic integrity reference conditions (BI >= 4),8,BLM rangeland acres (millions) with moderate-to-extreme or extreme-to-total departure from biotic integrity reference conditions (BI >= 4),
9. Estimated BLM range acres with BI >= 4,4,BLM,NA,5149373.00,1049939.00,0.20,3803822.00,6494925.00,BIOTIC INTEGRITY HAD MODERATE-TO-EXTREME OR EXTREME-TO-TOTAL DEPARTURE FROM REFERENCE CONDITIONS (BI >= 4),2018,Year,BLM rangeland acres (millions),acres,BLM rangeland acres (millions) with moderate-to-extreme or extreme-to-total departure from biotic integrity reference conditions (BI >= 4),8,BLM rangeland acres (millions) with moderate-to-extreme or extreme-to-total departure from biotic integrity reference conditions (BI >= 4),
9. Estimated BLM range acres with BI >= 4,4,BLM,2,6174494.00,871656.00,0.14,5057421.00,7291566.00,BIOTIC INTEGRITY HAD MODERATE-TO-EXTREME OR EXTREME-TO-TOTAL DEPARTURE FROM REFERENCE CONDITIONS (BI >= 4),2016,Year,BLM rangeland acres (millions),acres,BLM rangeland acres (millions) with moderate-to-extreme or extreme-to-total departure from biotic integrity reference conditions (BI >= 4),8,BLM rangeland acres (millions) with moderate-to-extreme or extreme-to-total departure from biotic integrity reference conditions (BI >= 4),
9. Estimated BLM range acres with BI >= 4,4,BLM,2,4315768.00,1121713.00,0.26,2878234.00,5753301.00,BIOTIC INTEGRITY HAD MODERATE-TO-EXTREME OR EXTREME-TO-TOTAL DEPARTURE FROM REFERENCE CONDITIONS (BI >= 4),2017,Year,BLM rangeland acres (millions),acres,BLM rangeland acres (millions) with moderate-to-extreme or extreme-to-total departure from biotic integrity reference conditions (BI >= 4),8,BLM rangeland acres (millions) with moderate-to-extreme or extreme-to-total departure from biotic integrity reference conditions (BI >= 4),
9. Estimated BLM range acres with BI >= 4,4,BLM,1,181779.00,108736.00,0.60,42428.00,321130.00,BIOTIC INTEGRITY HAD MODERATE-TO-EXTREME OR EXTREME-TO-TOTAL DEPARTURE FROM REFERENCE CONDITIONS (BI >= 4),2019,Year,BLM rangeland acres (millions),acres,BLM rangeland acres (millions) with moderate-to-extreme or extreme-to-total departure from biotic integrity reference conditions (BI >= 4),8,BLM rangeland acres (millions) with moderate-to-extreme or extreme-to-total departure from biotic integrity reference conditions (BI >= 4),
9. Estimated BLM range acres with BI >= 4,4,BLM,NA,2417838.00,934820.00,0.39,1219817.00,3615858.00,BIOTIC INTEGRITY HAD MODERATE-TO-EXTREME OR EXTREME-TO-TOTAL DEPARTURE FROM REFERENCE CONDITIONS (BI >= 4),2019,Year,BLM rangeland acres (millions),acres,BLM rangeland acres (millions) with moderate-to-extreme or extreme-to-total departure from biotic integrity reference conditions (BI >= 4),8,BLM rangeland acres (millions) with moderate-to-extreme or extreme-to-total departure from biotic integrity reference conditions (BI >= 4),
Estimated % of BLM range acres with BI >= 3,3,BLM,NA,5.88,1.19,0.20,4.36,7.40,BIOTIC INTEGRITY HAD MODERATE OR MODERATE-TO-EXTREME OR EXTREME-TO-TOTAL DEPARTURE FROM REFERENCE CONDITIONS (BI >= 3),2019,Year,Percent of rangeland acres on BLM-administered lands ,percent,Proportion of BLM rangelands with moderate or moderate-to-extreme or extreme-to-total departure from biotic integrity reference conditions (BI >=3) (80% confidence interval),5,Proportion of BLM rangelands with moderate or moderate-to-extreme or extreme-to-total departure from biotic integrity reference conditions (BI >=3) (80% confidence interval),
Estimated % of BLM range acres with BI >= 3,3,BLM,NA,11.64,0.91,0.08,10.48,12.80,BIOTIC INTEGRITY HAD MODERATE OR MODERATE-TO-EXTREME OR EXTREME-TO-TOTAL DEPARTURE FROM REFERENCE CONDITIONS (BI >= 3),2018,Year,Percent of rangeland acres on BLM-administered lands ,percent,Proportion of BLM rangelands with moderate or moderate-to-extreme or extreme-to-total departure from biotic integrity reference conditions (BI >=3) (80% confidence interval),5,Proportion of BLM rangelands with moderate or moderate-to-extreme or extreme-to-total departure from biotic integrity reference conditions (BI >=3) (80% confidence interval),
Estimated % of BLM range acres with BI >= 3,3,BLM,NA,15.18,1.25,0.08,13.58,16.77,BIOTIC INTEGRITY HAD MODERATE OR MODERATE-TO-EXTREME OR EXTREME-TO-TOTAL DEPARTURE FROM REFERENCE CONDITIONS (BI >= 3),2015,Year,Percent of rangeland acres on BLM-administered lands ,percent,Proportion of BLM rangelands with moderate or moderate-to-extreme or extreme-to-total departure from biotic integrity reference conditions (BI >=3) (80% confidence interval),5,Proportion of BLM rangelands with moderate or moderate-to-extreme or extreme-to-total departure from biotic integrity reference conditions (BI >=3) (80% confidence interval),
Estimated % of BLM range acres with BI >= 3,3,BLM,NA,14.59,1.04,0.07,13.25,15.92,BIOTIC INTEGRITY HAD MODERATE OR MODERATE-TO-EXTREME OR EXTREME-TO-TOTAL DEPARTURE FROM REFERENCE CONDITIONS (BI >= 3),2016,Year,Percent of rangeland acres on BLM-administered lands ,percent,Proportion of BLM rangelands with moderate or moderate-to-extreme or extreme-to-total departure from biotic integrity reference conditions (BI >=3) (80% confidence interval),5,Proportion of BLM rangelands with moderate or moderate-to-extreme or extreme-to-total departure from biotic integrity reference conditions (BI >=3) (80% confidence interval),
Estimated % of BLM range acres with BI >= 3,3,BLM,1,9.18,1.03,0.11,7.86,10.50,BIOTIC INTEGRITY HAD MODERATE OR MODERATE-TO-EXTREME OR EXTREME-TO-TOTAL DEPARTURE FROM REFERENCE CONDITIONS (BI >= 3),2015,Year,Percent of rangeland acres on BLM-administered lands ,percent,Proportion of BLM rangelands with moderate or moderate-to-extreme or extreme-to-total departure from biotic integrity reference conditions (BI >=3) (80% confidence interval),5,Proportion of BLM rangelands with moderate or moderate-to-extreme or extreme-to-total departure from biotic integrity reference conditions (BI >=3) (80% confidence interval),
Estimated % of BLM range acres with BI >= 3,3,BLM,1,12.14,1.27,0.10,10.52,13.77,BIOTIC INTEGRITY HAD MODERATE OR MODERATE-TO-EXTREME OR EXTREME-TO-TOTAL DEPARTURE FROM REFERENCE CONDITIONS (BI >= 3),2018,Year,Percent of rangeland acres on BLM-administered lands ,percent,Proportion of BLM rangelands with moderate or moderate-to-extreme or extreme-to-total departure from biotic integrity reference conditions (BI >=3) (80% confidence interval),5,Proportion of BLM rangelands with moderate or moderate-to-extreme or extreme-to-total departure from biotic integrity reference conditions (BI >=3) (80% confidence interval),
Estimated % of BLM range acres with BI >= 3,3,BLM,NA,16.94,1.83,0.11,14.59,19.29,BIOTIC INTEGRITY HAD MODERATE OR MODERATE-TO-EXTREME OR EXTREME-TO-TOTAL DEPARTURE FROM REFERENCE CONDITIONS (BI >= 3),2012,Year,Percent of rangeland acres on BLM-administered lands ,percent,Proportion of BLM rangelands with moderate or moderate-to-extreme or extreme-to-total departure from biotic integrity reference conditions (BI >=3) (80% confidence interval),5,Proportion of BLM rangelands with moderate or moderate-to-extreme or extreme-to-total departure from biotic integrity reference conditions (BI >=3) (80% confidence interval),
Estimated % of BLM range acres with BI >= 3,3,BLM,2,20.53,1.82,0.09,18.20,22.85,BIOTIC INTEGRITY HAD MODERATE OR MODERATE-TO-EXTREME OR EXTREME-TO-TOTAL DEPARTURE FROM REFERENCE CONDITIONS (BI >= 3),2014,Year,Percent of rangeland acres on BLM-administered lands ,percent,Proportion of BLM rangelands with moderate or moderate-to-extreme or extreme-to-total departure from biotic integrity reference conditions (BI >=3) (80% confidence interval),5,Proportion of BLM rangelands with moderate or moderate-to-extreme or extreme-to-total departure from biotic integrity reference conditions (BI >=3) (80% confidence interval),
Estimated % of BLM range acres with BI >= 3,3,BLM,1,7.50,1.73,0.23,5.29,9.72,BIOTIC INTEGRITY HAD MODERATE OR MODERATE-TO-EXTREME OR EXTREME-TO-TOTAL DEPARTURE FROM REFERENCE CONDITIONS (BI >= 3),2011,Year,Percent of rangeland acres on BLM-administered lands ,percent,Proportion of BLM rangelands with moderate or moderate-to-extreme or extreme-to-total departure from biotic integrity reference conditions (BI >=3) (80% confidence interval),5,Proportion of BLM rangelands with moderate or moderate-to-extreme or extreme-to-total departure from biotic integrity reference conditions (BI >=3) (80% confidence interval),
Estimated % of BLM range acres with BI >= 3,3,BLM,2,13.70,1.60,0.12,11.66,15.75,BIOTIC INTEGRITY HAD MODERATE OR MODERATE-TO-EXTREME OR EXTREME-TO-TOTAL DEPARTURE FROM REFERENCE CONDITIONS (BI >= 3),2011,Year,Percent of rangeland acres on BLM-administered lands ,percent,Proportion of BLM rangelands with moderate or moderate-to-extreme or extreme-to-total departure from biotic integrity reference conditions (BI >=3) (80% confidence interval),5,Proportion of BLM rangelands with moderate or moderate-to-extreme or extreme-to-total departure from biotic integrity reference conditions (BI >=3) (80% confidence interval),
Estimated % of BLM range acres with BI >= 3,3,BLM,2,7.48,1.85,0.25,5.11,9.86,BIOTIC INTEGRITY HAD MODERATE OR MODERATE-TO-EXTREME OR EXTREME-TO-TOTAL DEPARTURE FROM REFERENCE CONDITIONS (BI >= 3),2019,Year,Percent of rangeland acres on BLM-administered lands ,percent,Proportion of BLM rangelands with moderate or moderate-to-extreme or extreme-to-total departure from biotic integrity reference conditions (BI >=3) (80% confidence interval),5,Proportion of BLM rangelands with moderate or moderate-to-extreme or extreme-to-total departure from biotic integrity reference conditions (BI >=3) (80% confidence interval),
Estimated % of BLM range acres with BI >= 3,3,BLM,2,11.34,1.48,0.13,9.44,13.23,BIOTIC INTEGRITY HAD MODERATE OR MODERATE-TO-EXTREME OR EXTREME-TO-TOTAL DEPARTURE FROM REFERENCE CONDITIONS (BI >= 3),2018,Year,Percent of rangeland acres on BLM-administered lands ,percent,Proportion of BLM rangelands with moderate or moderate-to-extreme or extreme-to-total departure from biotic integrity reference conditions (BI >=3) (80% confidence interval),5,Proportion of BLM rangelands with moderate or moderate-to-extreme or extreme-to-total departure from biotic integrity reference conditions (BI >=3) (80% confidence interval),
Estimated % of BLM range acres with BI >= 3,3,BLM,1,8.42,1.07,0.13,7.05,9.79,BIOTIC INTEGRITY HAD MODERATE OR MODERATE-TO-EXTREME OR EXTREME-TO-TOTAL DEPARTURE FROM REFERENCE CONDITIONS (BI >= 3),2017,Year,Percent of rangeland acres on BLM-administered lands ,percent,Proportion of BLM rangelands with moderate or moderate-to-extreme or extreme-to-total departure from biotic integrity reference conditions (BI >=3) (80% confidence interval),5,Proportion of BLM rangelands with moderate or moderate-to-extreme or extreme-to-total departure from biotic integrity reference conditions (BI >=3) (80% confidence interval),
Estimated % of BLM range acres with BI >= 3,3,BLM,1,3.29,0.74,0.23,2.34,4.24,BIOTIC INTEGRITY HAD MODERATE OR MODERATE-TO-EXTREME OR EXTREME-TO-TOTAL DEPARTURE FROM REFERENCE CONDITIONS (BI >= 3),2019,Year,Percent of rangeland acres on BLM-administered lands ,percent,Proportion of BLM rangelands with moderate or moderate-to-extreme or extreme-to-total departure from biotic integrity reference conditions (BI >=3) (80% confidence interval),5,Proportion of BLM rangelands with moderate or moderate-to-extreme or extreme-to-total departure from biotic integrity reference conditions (BI >=3) (80% confidence interval),
Estimated % of BLM range acres with BI >= 3,3,BLM,2,18.16,1.68,0.09,16.01,20.31,BIOTIC INTEGRITY HAD MODERATE OR MODERATE-TO-EXTREME OR EXTREME-TO-TOTAL DEPARTURE FROM REFERENCE CONDITIONS (BI >= 3),2015,Year,Percent of rangeland acres on BLM-administered lands ,percent,Proportion of BLM rangelands with moderate or moderate-to-extreme or extreme-to-total departure from biotic integrity reference conditions (BI >=3) (80% confidence interval),5,Proportion of BLM rangelands with moderate or moderate-to-extreme or extreme-to-total departure from biotic integrity reference conditions (BI >=3) (80% confidence interval),
Estimated % of BLM range acres with BI >= 3,3,BLM,NA,15.43,1.20,0.08,13.90,16.96,BIOTIC INTEGRITY HAD MODERATE OR MODERATE-TO-EXTREME OR EXTREME-TO-TOTAL DEPARTURE FROM REFERENCE CONDITIONS (BI >= 3),2014,Year,Percent of rangeland acres on BLM-administered lands ,percent,Proportion of BLM rangelands with moderate or moderate-to-extreme or extreme-to-total departure from biotic integrity reference conditions (BI >=3) (80% confidence interval),5,Proportion of BLM rangelands with moderate or moderate-to-extreme or extreme-to-total departure from biotic integrity reference conditions (BI >=3) (80% confidence interval),
Estimated % of BLM range acres with BI >= 3,3,BLM,1,8.90,0.80,0.09,7.88,9.92,BIOTIC INTEGRITY HAD MODERATE OR MODERATE-TO-EXTREME OR EXTREME-TO-TOTAL DEPARTURE FROM REFERENCE CONDITIONS (BI >= 3),2012,Year,Percent of rangeland acres on BLM-administered lands ,percent,Proportion of BLM rangelands with moderate or moderate-to-extreme or extreme-to-total departure from biotic integrity reference conditions (BI >=3) (80% confidence interval),5,Proportion of BLM rangelands with moderate or moderate-to-extreme or extreme-to-total departure from biotic integrity reference conditions (BI >=3) (80% confidence interval),
Estimated % of BLM range acres with BI >= 3,3,BLM,1,9.96,0.94,0.09,8.76,11.16,BIOTIC INTEGRITY HAD MODERATE OR MODERATE-TO-EXTREME OR EXTREME-TO-TOTAL DEPARTURE FROM REFERENCE CONDITIONS (BI >= 3),2016,Year,Percent of rangeland acres on BLM-administered lands ,percent,Proportion of BLM rangelands with moderate or moderate-to-extreme or extreme-to-total departure from biotic integrity reference conditions (BI >=3) (80% confidence interval),5,Proportion of BLM rangelands with moderate or moderate-to-extreme or extreme-to-total departure from biotic integrity reference conditions (BI >=3) (80% confidence interval),
Estimated % of BLM range acres with BI >= 3,3,BLM,2,17.62,2.20,0.13,14.80,20.44,BIOTIC INTEGRITY HAD MODERATE OR MODERATE-TO-EXTREME OR EXTREME-TO-TOTAL DEPARTURE FROM REFERENCE CONDITIONS (BI >= 3),2017,Year,Percent of rangeland acres on BLM-administered lands ,percent,Proportion of BLM rangelands with moderate or moderate-to-extreme or extreme-to-total departure from biotic integrity reference conditions (BI >=3) (80% confidence interval),5,Proportion of BLM rangelands with moderate or moderate-to-extreme or extreme-to-total departure from biotic integrity reference conditions (BI >=3) (80% confidence interval),
Estimated % of BLM range acres with BI >= 3,3,BLM,NA,14.12,1.42,0.10,12.30,15.93,BIOTIC INTEGRITY HAD MODERATE OR MODERATE-TO-EXTREME OR EXTREME-TO-TOTAL DEPARTURE FROM REFERENCE CONDITIONS (BI >= 3),2017,Year,Percent of rangeland acres on BLM-administered lands ,percent,Proportion of BLM rangelands with moderate or moderate-to-extreme or extreme-to-total departure from biotic integrity reference conditions (BI >=3) (80% confidence interval),5,Proportion of BLM rangelands with moderate or moderate-to-extreme or extreme-to-total departure from biotic integrity reference conditions (BI >=3) (80% confidence interval),
Estimated % of BLM range acres with BI >= 3,3,BLM,2,21.90,2.95,0.14,18.12,25.68,BIOTIC INTEGRITY HAD MODERATE OR MODERATE-TO-EXTREME OR EXTREME-TO-TOTAL DEPARTURE FROM REFERENCE CONDITIONS (BI >= 3),2012,Year,Percent of rangeland acres on BLM-administered lands ,percent,Proportion of BLM rangelands with moderate or moderate-to-extreme or extreme-to-total departure from biotic integrity reference conditions (BI >=3) (80% confidence interval),5,Proportion of BLM rangelands with moderate or moderate-to-extreme or extreme-to-total departure from biotic integrity reference conditions (BI >=3) (80% confidence interval),
Estimated % of BLM range acres with BI >= 3,3,BLM,NA,11.48,1.07,0.09,10.11,12.85,BIOTIC INTEGRITY HAD MODERATE OR MODERATE-TO-EXTREME OR EXTREME-TO-TOTAL DEPARTURE FROM REFERENCE CONDITIONS (BI >= 3),2011,Year,Percent of rangeland acres on BLM-administered lands ,percent,Proportion of BLM rangelands with moderate or moderate-to-extreme or extreme-to-total departure from biotic integrity reference conditions (BI >=3) (80% confidence interval),5,Proportion of BLM rangelands with moderate or moderate-to-extreme or extreme-to-total departure from biotic integrity reference conditions (BI >=3) (80% confidence interval),
Estimated % of BLM range acres with BI >= 3,3,BLM,2,17.36,1.65,0.10,15.25,19.47,BIOTIC INTEGRITY HAD MODERATE OR MODERATE-TO-EXTREME OR EXTREME-TO-TOTAL DEPARTURE FROM REFERENCE CONDITIONS (BI >= 3),2016,Year,Percent of rangeland acres on BLM-administered lands ,percent,Proportion of BLM rangelands with moderate or moderate-to-extreme or extreme-to-total departure from biotic integrity reference conditions (BI >=3) (80% confidence interval),5,Proportion of BLM rangelands with moderate or moderate-to-extreme or extreme-to-total departure from biotic integrity reference conditions (BI >=3) (80% confidence interval),
Estimated % of BLM range acres with BI >= 3,3,BLM,1,6.01,0.51,0.08,5.36,6.66,BIOTIC INTEGRITY HAD MODERATE OR MODERATE-TO-EXTREME OR EXTREME-TO-TOTAL DEPARTURE FROM REFERENCE CONDITIONS (BI >= 3),2014,Year,Percent of rangeland acres on BLM-administered lands ,percent,Proportion of BLM rangelands with moderate or moderate-to-extreme or extreme-to-total departure from biotic integrity reference conditions (BI >=3) (80% confidence interval),5,Proportion of BLM rangelands with moderate or moderate-to-extreme or extreme-to-total departure from biotic integrity reference conditions (BI >=3) (80% confidence interval),
Estimated % of BLM range acres with HF >= 3,7,BLM,1,9.89,1.07,0.11,8.52,11.26,HYDROLOGIC FUNCTION HAD MODERATE OR MODERATE-TO-EXTREME OR EXTREME-TO-TOTAL DEPARTURE FROM REFERENCE CONDITIONS (HF >= 3),2012,Year,Percent of rangeland acres on BLM-administered lands ,percent,Proportion of BLM rangelands with moderate or moderate-to-extreme or extreme-to-total departure from hydrologic function reference conditions (HF >= 3) (80% confidence interval) ,13,Proportion of BLM rangelands with moderate or moderate-to-extreme or extreme-to-total departure from hydrologic function reference conditions (HF >= 3) (80% confidence interval) ,
Estimated % of BLM range acres with HF >= 3,7,BLM,NA,10.34,0.94,0.09,9.14,11.55,HYDROLOGIC FUNCTION HAD MODERATE OR MODERATE-TO-EXTREME OR EXTREME-TO-TOTAL DEPARTURE FROM REFERENCE CONDITIONS (HF >= 3),2011,Year,Percent of rangeland acres on BLM-administered lands ,percent,Proportion of BLM rangelands with moderate or moderate-to-extreme or extreme-to-total departure from hydrologic function reference conditions (HF >= 3) (80% confidence interval) ,13,Proportion of BLM rangelands with moderate or moderate-to-extreme or extreme-to-total departure from hydrologic function reference conditions (HF >= 3) (80% confidence interval) ,
Estimated % of BLM range acres with HF >= 3,7,BLM,NA,14.84,1.50,0.10,12.91,16.77,HYDROLOGIC FUNCTION HAD MODERATE OR MODERATE-TO-EXTREME OR EXTREME-TO-TOTAL DEPARTURE FROM REFERENCE CONDITIONS (HF >= 3),2012,Year,Percent of rangeland acres on BLM-administered lands ,percent,Proportion of BLM rangelands with moderate or moderate-to-extreme or extreme-to-total departure from hydrologic function reference conditions (HF >= 3) (80% confidence interval) ,13,Proportion of BLM rangelands with moderate or moderate-to-extreme or extreme-to-total departure from hydrologic function reference conditions (HF >= 3) (80% confidence interval) ,
Estimated % of BLM range acres with HF >= 3,7,BLM,2,12.34,1.68,0.14,10.19,14.49,HYDROLOGIC FUNCTION HAD MODERATE OR MODERATE-TO-EXTREME OR EXTREME-TO-TOTAL DEPARTURE FROM REFERENCE CONDITIONS (HF >= 3),2011,Year,Percent of rangeland acres on BLM-administered lands ,percent,Proportion of BLM rangelands with moderate or moderate-to-extreme or extreme-to-total departure from hydrologic function reference conditions (HF >= 3) (80% confidence interval) ,13,Proportion of BLM rangelands with moderate or moderate-to-extreme or extreme-to-total departure from hydrologic function reference conditions (HF >= 3) (80% confidence interval) ,
Estimated % of BLM range acres with HF >= 3,7,BLM,1,7.73,0.64,0.08,6.90,8.55,HYDROLOGIC FUNCTION HAD MODERATE OR MODERATE-TO-EXTREME OR EXTREME-TO-TOTAL DEPARTURE FROM REFERENCE CONDITIONS (HF >= 3),2015,Year,Percent of rangeland acres on BLM-administered lands ,percent,Proportion of BLM rangelands with moderate or moderate-to-extreme or extreme-to-total departure from hydrologic function reference conditions (HF >= 3) (80% confidence interval) ,13,Proportion of BLM rangelands with moderate or moderate-to-extreme or extreme-to-total departure from hydrologic function reference conditions (HF >= 3) (80% confidence interval) ,
Estimated % of BLM range acres with HF >= 3,7,BLM,1,5.72,0.72,0.13,4.80,6.65,HYDROLOGIC FUNCTION HAD MODERATE OR MODERATE-TO-EXTREME OR EXTREME-TO-TOTAL DEPARTURE FROM REFERENCE CONDITIONS (HF >= 3),2014,Year,Percent of rangeland acres on BLM-administered lands ,percent,Proportion of BLM rangelands with moderate or moderate-to-extreme or extreme-to-total departure from hydrologic function reference conditions (HF >= 3) (80% confidence interval) ,13,Proportion of BLM rangelands with moderate or moderate-to-extreme or extreme-to-total departure from hydrologic function reference conditions (HF >= 3) (80% confidence interval) ,
Estimated % of BLM range acres with HF >= 3,7,BLM,NA,10.38,0.92,0.09,9.20,11.56,HYDROLOGIC FUNCTION HAD MODERATE OR MODERATE-TO-EXTREME OR EXTREME-TO-TOTAL DEPARTURE FROM REFERENCE CONDITIONS (HF >= 3),2015,Year,Percent of rangeland acres on BLM-administered lands ,percent,Proportion of BLM rangelands with moderate or moderate-to-extreme or extreme-to-total departure from hydrologic function reference conditions (HF >= 3) (80% confidence interval) ,13,Proportion of BLM rangelands with moderate or moderate-to-extreme or extreme-to-total departure from hydrologic function reference conditions (HF >= 3) (80% confidence interval) ,
Estimated % of BLM range acres with HF >= 3,7,BLM,NA,9.71,0.90,0.09,8.55,10.86,HYDROLOGIC FUNCTION HAD MODERATE OR MODERATE-TO-EXTREME OR EXTREME-TO-TOTAL DEPARTURE FROM REFERENCE CONDITIONS (HF >= 3),2016,Year,Percent of rangeland acres on BLM-administered lands ,percent,Proportion of BLM rangelands with moderate or moderate-to-extreme or extreme-to-total departure from hydrologic function reference conditions (HF >= 3) (80% confidence interval) ,13,Proportion of BLM rangelands with moderate or moderate-to-extreme or extreme-to-total departure from hydrologic function reference conditions (HF >= 3) (80% confidence interval) ,
Estimated % of BLM range acres with HF >= 3,7,BLM,2,11.70,1.33,0.11,9.99,13.41,HYDROLOGIC FUNCTION HAD MODERATE OR MODERATE-TO-EXTREME OR EXTREME-TO-TOTAL DEPARTURE FROM REFERENCE CONDITIONS (HF >= 3),2015,Year,Percent of rangeland acres on BLM-administered lands ,percent,Proportion of BLM rangelands with moderate or moderate-to-extreme or extreme-to-total departure from hydrologic function reference conditions (HF >= 3) (80% confidence interval) ,13,Proportion of BLM rangelands with moderate or moderate-to-extreme or extreme-to-total departure from hydrologic function reference conditions (HF >= 3) (80% confidence interval) ,
Estimated % of BLM range acres with HF >= 3,7,BLM,NA,7.91,0.77,0.10,6.93,8.90,HYDROLOGIC FUNCTION HAD MODERATE OR MODERATE-TO-EXTREME OR EXTREME-TO-TOTAL DEPARTURE FROM REFERENCE CONDITIONS (HF >= 3),2018,Year,Percent of rangeland acres on BLM-administered lands ,percent,Proportion of BLM rangelands with moderate or moderate-to-extreme or extreme-to-total departure from hydrologic function reference conditions (HF >= 3) (80% confidence interval) ,13,Proportion of BLM rangelands with moderate or moderate-to-extreme or extreme-to-total departure from hydrologic function reference conditions (HF >= 3) (80% confidence interval) ,
Estimated % of BLM range acres with HF >= 3,7,BLM,2,17.90,2.23,0.13,15.04,20.75,HYDROLOGIC FUNCTION HAD MODERATE OR MODERATE-TO-EXTREME OR EXTREME-TO-TOTAL DEPARTURE FROM REFERENCE CONDITIONS (HF >= 3),2012,Year,Percent of rangeland acres on BLM-administered lands ,percent,Proportion of BLM rangelands with moderate or moderate-to-extreme or extreme-to-total departure from hydrologic function reference conditions (HF >= 3) (80% confidence interval) ,13,Proportion of BLM rangelands with moderate or moderate-to-extreme or extreme-to-total departure from hydrologic function reference conditions (HF >= 3) (80% confidence interval) ,
Estimated % of BLM range acres with HF >= 3,7,BLM,1,6.78,1.58,0.23,4.75,8.80,HYDROLOGIC FUNCTION HAD MODERATE OR MODERATE-TO-EXTREME OR EXTREME-TO-TOTAL DEPARTURE FROM REFERENCE CONDITIONS (HF >= 3),2011,Year,Percent of rangeland acres on BLM-administered lands ,percent,Proportion of BLM rangelands with moderate or moderate-to-extreme or extreme-to-total departure from hydrologic function reference conditions (HF >= 3) (80% confidence interval) ,13,Proportion of BLM rangelands with moderate or moderate-to-extreme or extreme-to-total departure from hydrologic function reference conditions (HF >= 3) (80% confidence interval) ,
Estimated % of BLM range acres with HF >= 3,7,BLM,2,12.36,1.81,0.15,10.04,14.68,HYDROLOGIC FUNCTION HAD MODERATE OR MODERATE-TO-EXTREME OR EXTREME-TO-TOTAL DEPARTURE FROM REFERENCE CONDITIONS (HF >= 3),2014,Year,Percent of rangeland acres on BLM-administered lands ,percent,Proportion of BLM rangelands with moderate or moderate-to-extreme or extreme-to-total departure from hydrologic function reference conditions (HF >= 3) (80% confidence interval) ,13,Proportion of BLM rangelands with moderate or moderate-to-extreme or extreme-to-total departure from hydrologic function reference conditions (HF >= 3) (80% confidence interval) ,
Estimated % of BLM range acres with HF >= 3,7,BLM,2,11.53,1.52,0.13,9.58,13.48,HYDROLOGIC FUNCTION HAD MODERATE OR MODERATE-TO-EXTREME OR EXTREME-TO-TOTAL DEPARTURE FROM REFERENCE CONDITIONS (HF >= 3),2016,Year,Percent of rangeland acres on BLM-administered lands ,percent,Proportion of BLM rangelands with moderate or moderate-to-extreme or extreme-to-total departure from hydrologic function reference conditions (HF >= 3) (80% confidence interval) ,13,Proportion of BLM rangelands with moderate or moderate-to-extreme or extreme-to-total departure from hydrologic function reference conditions (HF >= 3) (80% confidence interval) ,
Estimated % of BLM range acres with HF >= 3,7,BLM,2,9.02,1.72,0.19,6.81,11.22,HYDROLOGIC FUNCTION HAD MODERATE OR MODERATE-TO-EXTREME OR EXTREME-TO-TOTAL DEPARTURE FROM REFERENCE CONDITIONS (HF >= 3),2017,Year,Percent of rangeland acres on BLM-administered lands ,percent,Proportion of BLM rangelands with moderate or moderate-to-extreme or extreme-to-total departure from hydrologic function reference conditions (HF >= 3) (80% confidence interval) ,13,Proportion of BLM rangelands with moderate or moderate-to-extreme or extreme-to-total departure from hydrologic function reference conditions (HF >= 3) (80% confidence interval) ,
Estimated % of BLM range acres with HF >= 3,7,BLM,1,6.89,0.81,0.12,5.85,7.92,HYDROLOGIC FUNCTION HAD MODERATE OR MODERATE-TO-EXTREME OR EXTREME-TO-TOTAL DEPARTURE FROM REFERENCE CONDITIONS (HF >= 3),2018,Year,Percent of rangeland acres on BLM-administered lands ,percent,Proportion of BLM rangelands with moderate or moderate-to-extreme or extreme-to-total departure from hydrologic function reference conditions (HF >= 3) (80% confidence interval) ,13,Proportion of BLM rangelands with moderate or moderate-to-extreme or extreme-to-total departure from hydrologic function reference conditions (HF >= 3) (80% confidence interval) ,
Estimated % of BLM range acres with HF >= 3,7,BLM,1,6.66,0.79,0.12,5.65,7.68,HYDROLOGIC FUNCTION HAD MODERATE OR MODERATE-TO-EXTREME OR EXTREME-TO-TOTAL DEPARTURE FROM REFERENCE CONDITIONS (HF >= 3),2016,Year,Percent of rangeland acres on BLM-administered lands ,percent,Proportion of BLM rangelands with moderate or moderate-to-extreme or extreme-to-total departure from hydrologic function reference conditions (HF >= 3) (80% confidence interval) ,13,Proportion of BLM rangelands with moderate or moderate-to-extreme or extreme-to-total departure from hydrologic function reference conditions (HF >= 3) (80% confidence interval) ,
Estimated % of BLM range acres with HF >= 3,7,BLM,NA,5.52,0.89,0.16,4.38,6.66,HYDROLOGIC FUNCTION HAD MODERATE OR MODERATE-TO-EXTREME OR EXTREME-TO-TOTAL DEPARTURE FROM REFERENCE CONDITIONS (HF >= 3),2019,Year,Percent of rangeland acres on BLM-administered lands ,percent,Proportion of BLM rangelands with moderate or moderate-to-extreme or extreme-to-total departure from hydrologic function reference conditions (HF >= 3) (80% confidence interval) ,13,Proportion of BLM rangelands with moderate or moderate-to-extreme or extreme-to-total departure from hydrologic function reference conditions (HF >= 3) (80% confidence interval) ,
Estimated % of BLM range acres with HF >= 3,7,BLM,1,1.65,0.63,0.38,0.85,2.45,HYDROLOGIC FUNCTION HAD MODERATE OR MODERATE-TO-EXTREME OR EXTREME-TO-TOTAL DEPARTURE FROM REFERENCE CONDITIONS (HF >= 3),2019,Year,Percent of rangeland acres on BLM-administered lands ,percent,Proportion of BLM rangelands with moderate or moderate-to-extreme or extreme-to-total departure from hydrologic function reference conditions (HF >= 3) (80% confidence interval) ,13,Proportion of BLM rangelands with moderate or moderate-to-extreme or extreme-to-total departure from hydrologic function reference conditions (HF >= 3) (80% confidence interval) ,
Estimated % of BLM range acres with HF >= 3,7,BLM,NA,6.90,1.17,0.17,5.40,8.39,HYDROLOGIC FUNCTION HAD MODERATE OR MODERATE-TO-EXTREME OR EXTREME-TO-TOTAL DEPARTURE FROM REFERENCE CONDITIONS (HF >= 3),2017,Year,Percent of rangeland acres on BLM-administered lands ,percent,Proportion of BLM rangelands with moderate or moderate-to-extreme or extreme-to-total departure from hydrologic function reference conditions (HF >= 3) (80% confidence interval) ,13,Proportion of BLM rangelands with moderate or moderate-to-extreme or extreme-to-total departure from hydrologic function reference conditions (HF >= 3) (80% confidence interval) ,
Estimated % of BLM range acres with HF >= 3,7,BLM,1,3.44,0.76,0.22,2.47,4.41,HYDROLOGIC FUNCTION HAD MODERATE OR MODERATE-TO-EXTREME OR EXTREME-TO-TOTAL DEPARTURE FROM REFERENCE CONDITIONS (HF >= 3),2017,Year,Percent of rangeland acres on BLM-administered lands ,percent,Proportion of BLM rangelands with moderate or moderate-to-extreme or extreme-to-total departure from hydrologic function reference conditions (HF >= 3) (80% confidence interval) ,13,Proportion of BLM rangelands with moderate or moderate-to-extreme or extreme-to-total departure from hydrologic function reference conditions (HF >= 3) (80% confidence interval) ,
Estimated % of BLM range acres with HF >= 3,7,BLM,NA,10.03,1.15,0.11,8.56,11.50,HYDROLOGIC FUNCTION HAD MODERATE OR MODERATE-TO-EXTREME OR EXTREME-TO-TOTAL DEPARTURE FROM REFERENCE CONDITIONS (HF >= 3),2014,Year,Percent of rangeland acres on BLM-administered lands ,percent,Proportion of BLM rangelands with moderate or moderate-to-extreme or extreme-to-total departure from hydrologic function reference conditions (HF >= 3) (80% confidence interval) ,13,Proportion of BLM rangelands with moderate or moderate-to-extreme or extreme-to-total departure from hydrologic function reference conditions (HF >= 3) (80% confidence interval) ,
Estimated % of BLM range acres with HF >= 3,7,BLM,2,7.91,1.31,0.17,6.23,9.60,HYDROLOGIC FUNCTION HAD MODERATE OR MODERATE-TO-EXTREME OR EXTREME-TO-TOTAL DEPARTURE FROM REFERENCE CONDITIONS (HF >= 3),2019,Year,Percent of rangeland acres on BLM-administered lands ,percent,Proportion of BLM rangelands with moderate or moderate-to-extreme or extreme-to-total departure from hydrologic function reference conditions (HF >= 3) (80% confidence interval) ,13,Proportion of BLM rangelands with moderate or moderate-to-extreme or extreme-to-total departure from hydrologic function reference conditions (HF >= 3) (80% confidence interval) ,
Estimated % of BLM range acres with HF >= 3,7,BLM,2,8.53,1.27,0.15,6.91,10.15,HYDROLOGIC FUNCTION HAD MODERATE OR MODERATE-TO-EXTREME OR EXTREME-TO-TOTAL DEPARTURE FROM REFERENCE CONDITIONS (HF >= 3),2018,Year,Percent of rangeland acres on BLM-administered lands ,percent,Proportion of BLM rangelands with moderate or moderate-to-extreme or extreme-to-total departure from hydrologic function reference conditions (HF >= 3) (80% confidence interval) ,13,Proportion of BLM rangelands with moderate or moderate-to-extreme or extreme-to-total departure from hydrologic function reference conditions (HF >= 3) (80% confidence interval) ,
Estimated % of BLM range acres with SSS >= 3,11,BLM,1,8.22,0.97,0.12,6.98,9.47,SOIL AND SITE STABILITY HAD MODERATE OR MODERATE-TO-EXTREME OR EXTREME-TO-TOTAL DEPARTURE FROM REFERENCE CONDITIONS (SSS >= 3),2012,Year,Percent of rangeland acres on BLM-administered lands ,percent,Proportion of BLM rangelands with moderate or moderate-to-extreme or extreme-to-total departure from soil and site stability reference conditions (SSS >= 3) (80% confidence interval) ,21,Proportion of BLM rangelands with moderate or moderate-to-extreme or extreme-to-total departure from soil and site stability reference conditions (SSS >= 3) (80% confidence interval) ,
Estimated % of BLM range acres with SSS >= 3,11,BLM,NA,12.76,1.38,0.11,11.00,14.53,SOIL AND SITE STABILITY HAD MODERATE OR MODERATE-TO-EXTREME OR EXTREME-TO-TOTAL DEPARTURE FROM REFERENCE CONDITIONS (SSS >= 3),2012,Year,Percent of rangeland acres on BLM-administered lands ,percent,Proportion of BLM rangelands with moderate or moderate-to-extreme or extreme-to-total departure from soil and site stability reference conditions (SSS >= 3) (80% confidence interval) ,21,Proportion of BLM rangelands with moderate or moderate-to-extreme or extreme-to-total departure from soil and site stability reference conditions (SSS >= 3) (80% confidence interval) ,
Estimated % of BLM range acres with SSS >= 3,11,BLM,NA,8.60,0.77,0.09,7.61,9.58,SOIL AND SITE STABILITY HAD MODERATE OR MODERATE-TO-EXTREME OR EXTREME-TO-TOTAL DEPARTURE FROM REFERENCE CONDITIONS (SSS >= 3),2011,Year,Percent of rangeland acres on BLM-administered lands ,percent,Proportion of BLM rangelands with moderate or moderate-to-extreme or extreme-to-total departure from soil and site stability reference conditions (SSS >= 3) (80% confidence interval) ,21,Proportion of BLM rangelands with moderate or moderate-to-extreme or extreme-to-total departure from soil and site stability reference conditions (SSS >= 3) (80% confidence interval) ,
Estimated % of BLM range acres with SSS >= 3,11,BLM,1,3.86,1.11,0.29,2.44,5.28,SOIL AND SITE STABILITY HAD MODERATE OR MODERATE-TO-EXTREME OR EXTREME-TO-TOTAL DEPARTURE FROM REFERENCE CONDITIONS (SSS >= 3),2011,Year,Percent of rangeland acres on BLM-administered lands ,percent,Proportion of BLM rangelands with moderate or moderate-to-extreme or extreme-to-total departure from soil and site stability reference conditions (SSS >= 3) (80% confidence interval) ,21,Proportion of BLM rangelands with moderate or moderate-to-extreme or extreme-to-total departure from soil and site stability reference conditions (SSS >= 3) (80% confidence interval) ,
Estimated % of BLM range acres with SSS >= 3,11,BLM,NA,9.90,0.74,0.07,8.96,10.84,SOIL AND SITE STABILITY HAD MODERATE OR MODERATE-TO-EXTREME OR EXTREME-TO-TOTAL DEPARTURE FROM REFERENCE CONDITIONS (SSS >= 3),2015,Year,Percent of rangeland acres on BLM-administered lands ,percent,Proportion of BLM rangelands with moderate or moderate-to-extreme or extreme-to-total departure from soil and site stability reference conditions (SSS >= 3) (80% confidence interval) ,21,Proportion of BLM rangelands with moderate or moderate-to-extreme or extreme-to-total departure from soil and site stability reference conditions (SSS >= 3) (80% confidence interval) ,
Estimated % of BLM range acres with SSS >= 3,11,BLM,1,6.61,0.60,0.09,5.84,7.38,SOIL AND SITE STABILITY HAD MODERATE OR MODERATE-TO-EXTREME OR EXTREME-TO-TOTAL DEPARTURE FROM REFERENCE CONDITIONS (SSS >= 3),2015,Year,Percent of rangeland acres on BLM-administered lands ,percent,Proportion of BLM rangelands with moderate or moderate-to-extreme or extreme-to-total departure from soil and site stability reference conditions (SSS >= 3) (80% confidence interval) ,21,Proportion of BLM rangelands with moderate or moderate-to-extreme or extreme-to-total departure from soil and site stability reference conditions (SSS >= 3) (80% confidence interval) ,
Estimated % of BLM range acres with SSS >= 3,11,BLM,2,11.54,1.11,0.10,10.11,12.96,SOIL AND SITE STABILITY HAD MODERATE OR MODERATE-TO-EXTREME OR EXTREME-TO-TOTAL DEPARTURE FROM REFERENCE CONDITIONS (SSS >= 3),2015,Year,Percent of rangeland acres on BLM-administered lands ,percent,Proportion of BLM rangelands with moderate or moderate-to-extreme or extreme-to-total departure from soil and site stability reference conditions (SSS >= 3) (80% confidence interval) ,21,Proportion of BLM rangelands with moderate or moderate-to-extreme or extreme-to-total departure from soil and site stability reference conditions (SSS >= 3) (80% confidence interval) ,
Estimated % of BLM range acres with SSS >= 3,11,BLM,2,11.25,1.37,0.12,9.49,13.01,SOIL AND SITE STABILITY HAD MODERATE OR MODERATE-TO-EXTREME OR EXTREME-TO-TOTAL DEPARTURE FROM REFERENCE CONDITIONS (SSS >= 3),2011,Year,Percent of rangeland acres on BLM-administered lands ,percent,Proportion of BLM rangelands with moderate or moderate-to-extreme or extreme-to-total departure from soil and site stability reference conditions (SSS >= 3) (80% confidence interval) ,21,Proportion of BLM rangelands with moderate or moderate-to-extreme or extreme-to-total departure from soil and site stability reference conditions (SSS >= 3) (80% confidence interval) ,
Estimated % of BLM range acres with SSS >= 3,11,BLM,NA,7.78,0.93,0.12,6.59,8.97,SOIL AND SITE STABILITY HAD MODERATE OR MODERATE-TO-EXTREME OR EXTREME-TO-TOTAL DEPARTURE FROM REFERENCE CONDITIONS (SSS >= 3),2016,Year,Percent of rangeland acres on BLM-administered lands ,percent,Proportion of BLM rangelands with moderate or moderate-to-extreme or extreme-to-total departure from soil and site stability reference conditions (SSS >= 3) (80% confidence interval) ,21,Proportion of BLM rangelands with moderate or moderate-to-extreme or extreme-to-total departure from soil and site stability reference conditions (SSS >= 3) (80% confidence interval) ,
Estimated % of BLM range acres with SSS >= 3,11,BLM,1,4.37,0.61,0.14,3.59,5.16,SOIL AND SITE STABILITY HAD MODERATE OR MODERATE-TO-EXTREME OR EXTREME-TO-TOTAL DEPARTURE FROM REFERENCE CONDITIONS (SSS >= 3),2016,Year,Percent of rangeland acres on BLM-administered lands ,percent,Proportion of BLM rangelands with moderate or moderate-to-extreme or extreme-to-total departure from soil and site stability reference conditions (SSS >= 3) (80% confidence interval) ,21,Proportion of BLM rangelands with moderate or moderate-to-extreme or extreme-to-total departure from soil and site stability reference conditions (SSS >= 3) (80% confidence interval) ,
Estimated % of BLM range acres with SSS >= 3,11,BLM,1,4.50,0.58,0.13,3.75,5.25,SOIL AND SITE STABILITY HAD MODERATE OR MODERATE-TO-EXTREME OR EXTREME-TO-TOTAL DEPARTURE FROM REFERENCE CONDITIONS (SSS >= 3),2014,Year,Percent of rangeland acres on BLM-administered lands ,percent,Proportion of BLM rangelands with moderate or moderate-to-extreme or extreme-to-total departure from soil and site stability reference conditions (SSS >= 3) (80% confidence interval) ,21,Proportion of BLM rangelands with moderate or moderate-to-extreme or extreme-to-total departure from soil and site stability reference conditions (SSS >= 3) (80% confidence interval) ,
Estimated % of BLM range acres with SSS >= 3,11,BLM,2,8.06,1.63,0.20,5.97,10.16,SOIL AND SITE STABILITY HAD MODERATE OR MODERATE-TO-EXTREME OR EXTREME-TO-TOTAL DEPARTURE FROM REFERENCE CONDITIONS (SSS >= 3),2017,Year,Percent of rangeland acres on BLM-administered lands ,percent,Proportion of BLM rangelands with moderate or moderate-to-extreme or extreme-to-total departure from soil and site stability reference conditions (SSS >= 3) (80% confidence interval) ,21,Proportion of BLM rangelands with moderate or moderate-to-extreme or extreme-to-total departure from soil and site stability reference conditions (SSS >= 3) (80% confidence interval) ,
Estimated % of BLM range acres with SSS >= 3,11,BLM,2,15.57,2.14,0.14,12.82,18.31,SOIL AND SITE STABILITY HAD MODERATE OR MODERATE-TO-EXTREME OR EXTREME-TO-TOTAL DEPARTURE FROM REFERENCE CONDITIONS (SSS >= 3),2012,Year,Percent of rangeland acres on BLM-administered lands ,percent,Proportion of BLM rangelands with moderate or moderate-to-extreme or extreme-to-total departure from soil and site stability reference conditions (SSS >= 3) (80% confidence interval) ,21,Proportion of BLM rangelands with moderate or moderate-to-extreme or extreme-to-total departure from soil and site stability reference conditions (SSS >= 3) (80% confidence interval) ,
Estimated % of BLM range acres with SSS >= 3,11,BLM,NA,5.86,1.09,0.19,4.46,7.26,SOIL AND SITE STABILITY HAD MODERATE OR MODERATE-TO-EXTREME OR EXTREME-TO-TOTAL DEPARTURE FROM REFERENCE CONDITIONS (SSS >= 3),2017,Year,Percent of rangeland acres on BLM-administered lands ,percent,Proportion of BLM rangelands with moderate or moderate-to-extreme or extreme-to-total departure from soil and site stability reference conditions (SSS >= 3) (80% confidence interval) ,21,Proportion of BLM rangelands with moderate or moderate-to-extreme or extreme-to-total departure from soil and site stability reference conditions (SSS >= 3) (80% confidence interval) ,
Estimated % of BLM range acres with SSS >= 3,11,BLM,2,9.82,1.47,0.15,7.94,11.70,SOIL AND SITE STABILITY HAD MODERATE OR MODERATE-TO-EXTREME OR EXTREME-TO-TOTAL DEPARTURE FROM REFERENCE CONDITIONS (SSS >= 3),2016,Year,Percent of rangeland acres on BLM-administered lands ,percent,Proportion of BLM rangelands with moderate or moderate-to-extreme or extreme-to-total departure from soil and site stability reference conditions (SSS >= 3) (80% confidence interval) ,21,Proportion of BLM rangelands with moderate or moderate-to-extreme or extreme-to-total departure from soil and site stability reference conditions (SSS >= 3) (80% confidence interval) ,
Estimated % of BLM range acres with SSS >= 3,11,BLM,NA,8.16,0.92,0.11,6.98,9.33,SOIL AND SITE STABILITY HAD MODERATE OR MODERATE-TO-EXTREME OR EXTREME-TO-TOTAL DEPARTURE FROM REFERENCE CONDITIONS (SSS >= 3),2014,Year,Percent of rangeland acres on BLM-administered lands ,percent,Proportion of BLM rangelands with moderate or moderate-to-extreme or extreme-to-total departure from soil and site stability reference conditions (SSS >= 3) (80% confidence interval) ,21,Proportion of BLM rangelands with moderate or moderate-to-extreme or extreme-to-total departure from soil and site stability reference conditions (SSS >= 3) (80% confidence interval) ,
Estimated % of BLM range acres with SSS >= 3,11,BLM,NA,6.69,0.96,0.14,5.46,7.92,SOIL AND SITE STABILITY HAD MODERATE OR MODERATE-TO-EXTREME OR EXTREME-TO-TOTAL DEPARTURE FROM REFERENCE CONDITIONS (SSS >= 3),2018,Year,Percent of rangeland acres on BLM-administered lands ,percent,Proportion of BLM rangelands with moderate or moderate-to-extreme or extreme-to-total departure from soil and site stability reference conditions (SSS >= 3) (80% confidence interval) ,21,Proportion of BLM rangelands with moderate or moderate-to-extreme or extreme-to-total departure from soil and site stability reference conditions (SSS >= 3) (80% confidence interval) ,
Estimated % of BLM range acres with SSS >= 3,11,BLM,2,10.13,1.41,0.14,8.32,11.94,SOIL AND SITE STABILITY HAD MODERATE OR MODERATE-TO-EXTREME OR EXTREME-TO-TOTAL DEPARTURE FROM REFERENCE CONDITIONS (SSS >= 3),2014,Year,Percent of rangeland acres on BLM-administered lands ,percent,Proportion of BLM rangelands with moderate or moderate-to-extreme or extreme-to-total departure from soil and site stability reference conditions (SSS >= 3) (80% confidence interval) ,21,Proportion of BLM rangelands with moderate or moderate-to-extreme or extreme-to-total departure from soil and site stability reference conditions (SSS >= 3) (80% confidence interval) ,
Estimated % of BLM range acres with SSS >= 3,11,BLM,1,2.28,0.67,0.29,1.42,3.14,SOIL AND SITE STABILITY HAD MODERATE OR MODERATE-TO-EXTREME OR EXTREME-TO-TOTAL DEPARTURE FROM REFERENCE CONDITIONS (SSS >= 3),2017,Year,Percent of rangeland acres on BLM-administered lands ,percent,Proportion of BLM rangelands with moderate or moderate-to-extreme or extreme-to-total departure from soil and site stability reference conditions (SSS >= 3) (80% confidence interval) ,21,Proportion of BLM rangelands with moderate or moderate-to-extreme or extreme-to-total departure from soil and site stability reference conditions (SSS >= 3) (80% confidence interval) ,
Estimated % of BLM range acres with SSS >= 3,11,BLM,2,7.92,1.55,0.20,5.93,9.91,SOIL AND SITE STABILITY HAD MODERATE OR MODERATE-TO-EXTREME OR EXTREME-TO-TOTAL DEPARTURE FROM REFERENCE CONDITIONS (SSS >= 3),2018,Year,Percent of rangeland acres on BLM-administered lands ,percent,Proportion of BLM rangelands with moderate or moderate-to-extreme or extreme-to-total departure from soil and site stability reference conditions (SSS >= 3) (80% confidence interval) ,21,Proportion of BLM rangelands with moderate or moderate-to-extreme or extreme-to-total departure from soil and site stability reference conditions (SSS >= 3) (80% confidence interval) ,
Estimated % of BLM range acres with SSS >= 3,11,BLM,2,7.77,1.30,0.17,6.11,9.44,SOIL AND SITE STABILITY HAD MODERATE OR MODERATE-TO-EXTREME OR EXTREME-TO-TOTAL DEPARTURE FROM REFERENCE CONDITIONS (SSS >= 3),2019,Year,Percent of rangeland acres on BLM-administered lands ,percent,Proportion of BLM rangelands with moderate or moderate-to-extreme or extreme-to-total departure from soil and site stability reference conditions (SSS >= 3) (80% confidence interval) ,21,Proportion of BLM rangelands with moderate or moderate-to-extreme or extreme-to-total departure from soil and site stability reference conditions (SSS >= 3) (80% confidence interval) ,
Estimated % of BLM range acres with SSS >= 3,11,BLM,NA,5.27,0.88,0.17,4.14,6.39,SOIL AND SITE STABILITY HAD MODERATE OR MODERATE-TO-EXTREME OR EXTREME-TO-TOTAL DEPARTURE FROM REFERENCE CONDITIONS (SSS >= 3),2019,Year,Percent of rangeland acres on BLM-administered lands ,percent,Proportion of BLM rangelands with moderate or moderate-to-extreme or extreme-to-total departure from soil and site stability reference conditions (SSS >= 3) (80% confidence interval) ,21,Proportion of BLM rangelands with moderate or moderate-to-extreme or extreme-to-total departure from soil and site stability reference conditions (SSS >= 3) (80% confidence interval) ,
Estimated % of BLM range acres with SSS >= 3,11,BLM,1,4.64,0.78,0.17,3.63,5.64,SOIL AND SITE STABILITY HAD MODERATE OR MODERATE-TO-EXTREME OR EXTREME-TO-TOTAL DEPARTURE FROM REFERENCE CONDITIONS (SSS >= 3),2018,Year,Percent of rangeland acres on BLM-administered lands ,percent,Proportion of BLM rangelands with moderate or moderate-to-extreme or extreme-to-total departure from soil and site stability reference conditions (SSS >= 3) (80% confidence interval) ,21,Proportion of BLM rangelands with moderate or moderate-to-extreme or extreme-to-total departure from soil and site stability reference conditions (SSS >= 3) (80% confidence interval) ,
Estimated % of BLM range acres with SSS >= 3,11,BLM,1,1.21,0.62,0.52,0.41,2.01,SOIL AND SITE STABILITY HAD MODERATE OR MODERATE-TO-EXTREME OR EXTREME-TO-TOTAL DEPARTURE FROM REFERENCE CONDITIONS (SSS >= 3),2019,Year,Percent of rangeland acres on BLM-administered lands ,percent,Proportion of BLM rangelands with moderate or moderate-to-extreme or extreme-to-total departure from soil and site stability reference conditions (SSS >= 3) (80% confidence interval) ,21,Proportion of BLM rangelands with moderate or moderate-to-extreme or extreme-to-total departure from soil and site stability reference conditions (SSS >= 3) (80% confidence interval) ,
Estimated BLM range acres with BI >= 3,3,BLM,1,3675805.00,854658.00,0.23,2580133.00,4771476.00,BIOTIC INTEGRITY HAD MODERATE OR MODERATE-TO-EXTREME OR EXTREME-TO-TOTAL DEPARTURE FROM REFERENCE CONDITIONS (BI >= 3),2011,Year,BLM rangeland acres (millions),acres,BLM rangeland acres (millions) with moderate or moderate-to-extreme or extreme-to-total departure from biotic integrity reference conditions (BI >=3) ,6,BLM rangeland acres (millions) with moderate or moderate-to-extreme or extreme-to-total departure from biotic integrity reference conditions (BI >=3) ,
Estimated BLM range acres with BI >= 3,3,BLM,1,4661338.00,450901.00,0.10,4083486.00,5239191.00,BIOTIC INTEGRITY HAD MODERATE OR MODERATE-TO-EXTREME OR EXTREME-TO-TOTAL DEPARTURE FROM REFERENCE CONDITIONS (BI >= 3),2012,Year,BLM rangeland acres (millions),acres,BLM rangeland acres (millions) with moderate or moderate-to-extreme or extreme-to-total departure from biotic integrity reference conditions (BI >=3) ,6,BLM rangeland acres (millions) with moderate or moderate-to-extreme or extreme-to-total departure from biotic integrity reference conditions (BI >=3) ,
Estimated BLM range acres with BI >= 3,3,BLM,2,19706345.00,1729011.00,0.09,17490528.00,21922161.00,BIOTIC INTEGRITY HAD MODERATE OR MODERATE-TO-EXTREME OR EXTREME-TO-TOTAL DEPARTURE FROM REFERENCE CONDITIONS (BI >= 3),2014,Year,BLM rangeland acres (millions),acres,BLM rangeland acres (millions) with moderate or moderate-to-extreme or extreme-to-total departure from biotic integrity reference conditions (BI >=3) ,6,BLM rangeland acres (millions) with moderate or moderate-to-extreme or extreme-to-total departure from biotic integrity reference conditions (BI >=3) ,
Estimated BLM range acres with BI >= 3,3,BLM,NA,19442752.00,2070211.00,0.11,16789670.00,22095834.00,BIOTIC INTEGRITY HAD MODERATE OR MODERATE-TO-EXTREME OR EXTREME-TO-TOTAL DEPARTURE FROM REFERENCE CONDITIONS (BI >= 3),2017,Year,BLM rangeland acres (millions),acres,BLM rangeland acres (millions) with moderate or moderate-to-extreme or extreme-to-total departure from biotic integrity reference conditions (BI >=3) ,6,BLM rangeland acres (millions) with moderate or moderate-to-extreme or extreme-to-total departure from biotic integrity reference conditions (BI >=3) ,
Estimated BLM range acres with BI >= 3,3,BLM,2,11979925.00,1274847.00,0.11,10345572.00,13614278.00,BIOTIC INTEGRITY HAD MODERATE OR MODERATE-TO-EXTREME OR EXTREME-TO-TOTAL DEPARTURE FROM REFERENCE CONDITIONS (BI >= 3),2011,Year,BLM rangeland acres (millions),acres,BLM rangeland acres (millions) with moderate or moderate-to-extreme or extreme-to-total departure from biotic integrity reference conditions (BI >=3) ,6,BLM rangeland acres (millions) with moderate or moderate-to-extreme or extreme-to-total departure from biotic integrity reference conditions (BI >=3) ,
Estimated BLM range acres with BI >= 3,3,BLM,NA,16095279.00,1272527.00,0.08,14464470.00,17726088.00,BIOTIC INTEGRITY HAD MODERATE OR MODERATE-TO-EXTREME OR EXTREME-TO-TOTAL DEPARTURE FROM REFERENCE CONDITIONS (BI >= 3),2018,Year,BLM rangeland acres (millions),acres,BLM rangeland acres (millions) with moderate or moderate-to-extreme or extreme-to-total departure from biotic integrity reference conditions (BI >=3) ,6,BLM rangeland acres (millions) with moderate or moderate-to-extreme or extreme-to-total departure from biotic integrity reference conditions (BI >=3) ,
Estimated BLM range acres with BI >= 3,3,BLM,NA,23240719.00,2607716.00,0.11,19898796.00,26582642.00,BIOTIC INTEGRITY HAD MODERATE OR MODERATE-TO-EXTREME OR EXTREME-TO-TOTAL DEPARTURE FROM REFERENCE CONDITIONS (BI >= 3),2012,Year,BLM rangeland acres (millions),acres,BLM rangeland acres (millions) with moderate or moderate-to-extreme or extreme-to-total departure from biotic integrity reference conditions (BI >=3) ,6,BLM rangeland acres (millions) with moderate or moderate-to-extreme or extreme-to-total departure from biotic integrity reference conditions (BI >=3) ,
Estimated BLM range acres with BI >= 3,3,BLM,NA,22825097.00,1757977.00,0.08,20572159.00,25078036.00,BIOTIC INTEGRITY HAD MODERATE OR MODERATE-TO-EXTREME OR EXTREME-TO-TOTAL DEPARTURE FROM REFERENCE CONDITIONS (BI >= 3),2014,Year,BLM rangeland acres (millions),acres,BLM rangeland acres (millions) with moderate or moderate-to-extreme or extreme-to-total departure from biotic integrity reference conditions (BI >=3) ,6,BLM rangeland acres (millions) with moderate or moderate-to-extreme or extreme-to-total departure from biotic integrity reference conditions (BI >=3) ,
Estimated BLM range acres with BI >= 3,3,BLM,2,18579381.00,2645449.00,0.14,15189102.00,21969660.00,BIOTIC INTEGRITY HAD MODERATE OR MODERATE-TO-EXTREME OR EXTREME-TO-TOTAL DEPARTURE FROM REFERENCE CONDITIONS (BI >= 3),2012,Year,BLM rangeland acres (millions),acres,BLM rangeland acres (millions) with moderate or moderate-to-extreme or extreme-to-total departure from biotic integrity reference conditions (BI >=3) ,6,BLM rangeland acres (millions) with moderate or moderate-to-extreme or extreme-to-total departure from biotic integrity reference conditions (BI >=3) ,
Estimated BLM range acres with BI >= 3,3,BLM,NA,15655730.00,1500132.00,0.10,13732560.00,17578899.00,BIOTIC INTEGRITY HAD MODERATE OR MODERATE-TO-EXTREME OR EXTREME-TO-TOTAL DEPARTURE FROM REFERENCE CONDITIONS (BI >= 3),2011,Year,BLM rangeland acres (millions),acres,BLM rangeland acres (millions) with moderate or moderate-to-extreme or extreme-to-total departure from biotic integrity reference conditions (BI >=3) ,6,BLM rangeland acres (millions) with moderate or moderate-to-extreme or extreme-to-total departure from biotic integrity reference conditions (BI >=3) ,
Estimated BLM range acres with BI >= 3,3,BLM,1,6303364.00,655376.00,0.10,5463465.00,7143262.00,BIOTIC INTEGRITY HAD MODERATE OR MODERATE-TO-EXTREME OR EXTREME-TO-TOTAL DEPARTURE FROM REFERENCE CONDITIONS (BI >= 3),2018,Year,BLM rangeland acres (millions),acres,BLM rangeland acres (millions) with moderate or moderate-to-extreme or extreme-to-total departure from biotic integrity reference conditions (BI >=3) ,6,BLM rangeland acres (millions) with moderate or moderate-to-extreme or extreme-to-total departure from biotic integrity reference conditions (BI >=3) ,
Estimated BLM range acres with BI >= 3,3,BLM,2,9791915.00,1310375.00,0.13,8112602.00,11471228.00,BIOTIC INTEGRITY HAD MODERATE OR MODERATE-TO-EXTREME OR EXTREME-TO-TOTAL DEPARTURE FROM REFERENCE CONDITIONS (BI >= 3),2018,Year,BLM rangeland acres (millions),acres,BLM rangeland acres (millions) with moderate or moderate-to-extreme or extreme-to-total departure from biotic integrity reference conditions (BI >=3) ,6,BLM rangeland acres (millions) with moderate or moderate-to-extreme or extreme-to-total departure from biotic integrity reference conditions (BI >=3) ,
Estimated BLM range acres with BI >= 3,3,BLM,1,3118752.00,259330.00,0.08,2786407.00,3451097.00,BIOTIC INTEGRITY HAD MODERATE OR MODERATE-TO-EXTREME OR EXTREME-TO-TOTAL DEPARTURE FROM REFERENCE CONDITIONS (BI >= 3),2014,Year,BLM rangeland acres (millions),acres,BLM rangeland acres (millions) with moderate or moderate-to-extreme or extreme-to-total departure from biotic integrity reference conditions (BI >=3) ,6,BLM rangeland acres (millions) with moderate or moderate-to-extreme or extreme-to-total departure from biotic integrity reference conditions (BI >=3) ,
Estimated BLM range acres with BI >= 3,3,BLM,NA,20323810.00,1691933.00,0.08,18155511.00,22492110.00,BIOTIC INTEGRITY HAD MODERATE OR MODERATE-TO-EXTREME OR EXTREME-TO-TOTAL DEPARTURE FROM REFERENCE CONDITIONS (BI >= 3),2015,Year,BLM rangeland acres (millions),acres,BLM rangeland acres (millions) with moderate or moderate-to-extreme or extreme-to-total departure from biotic integrity reference conditions (BI >=3) ,6,BLM rangeland acres (millions) with moderate or moderate-to-extreme or extreme-to-total departure from biotic integrity reference conditions (BI >=3) ,
Estimated BLM range acres with BI >= 3,3,BLM,2,16236092.00,1546740.00,0.10,14253865.00,18218320.00,BIOTIC INTEGRITY HAD MODERATE OR MODERATE-TO-EXTREME OR EXTREME-TO-TOTAL DEPARTURE FROM REFERENCE CONDITIONS (BI >= 3),2015,Year,BLM rangeland acres (millions),acres,BLM rangeland acres (millions) with moderate or moderate-to-extreme or extreme-to-total departure from biotic integrity reference conditions (BI >=3) ,6,BLM rangeland acres (millions) with moderate or moderate-to-extreme or extreme-to-total departure from biotic integrity reference conditions (BI >=3) ,
Estimated BLM range acres with BI >= 3,3,BLM,NA,20298629.00,1501293.00,0.07,18374644.00,22222614.00,BIOTIC INTEGRITY HAD MODERATE OR MODERATE-TO-EXTREME OR EXTREME-TO-TOTAL DEPARTURE FROM REFERENCE CONDITIONS (BI >= 3),2016,Year,BLM rangeland acres (millions),acres,BLM rangeland acres (millions) with moderate or moderate-to-extreme or extreme-to-total departure from biotic integrity reference conditions (BI >=3) ,6,BLM rangeland acres (millions) with moderate or moderate-to-extreme or extreme-to-total departure from biotic integrity reference conditions (BI >=3) ,
Estimated BLM range acres with BI >= 3,3,BLM,NA,8035740.00,1599787.00,0.20,5985531.00,10085950.00,BIOTIC INTEGRITY HAD MODERATE OR MODERATE-TO-EXTREME OR EXTREME-TO-TOTAL DEPARTURE FROM REFERENCE CONDITIONS (BI >= 3),2019,Year,BLM rangeland acres (millions),acres,BLM rangeland acres (millions) with moderate or moderate-to-extreme or extreme-to-total departure from biotic integrity reference conditions (BI >=3) ,6,BLM rangeland acres (millions) with moderate or moderate-to-extreme or extreme-to-total departure from biotic integrity reference conditions (BI >=3) ,
Estimated BLM range acres with BI >= 3,3,BLM,1,4087718.00,456431.00,0.11,3502778.00,4672658.00,BIOTIC INTEGRITY HAD MODERATE OR MODERATE-TO-EXTREME OR EXTREME-TO-TOTAL DEPARTURE FROM REFERENCE CONDITIONS (BI >= 3),2015,Year,BLM rangeland acres (millions),acres,BLM rangeland acres (millions) with moderate or moderate-to-extreme or extreme-to-total departure from biotic integrity reference conditions (BI >=3) ,6,BLM rangeland acres (millions) with moderate or moderate-to-extreme or extreme-to-total departure from biotic integrity reference conditions (BI >=3) ,
Estimated BLM range acres with BI >= 3,3,BLM,1,5191024.00,491580.00,0.10,4561038.00,5821009.00,BIOTIC INTEGRITY HAD MODERATE OR MODERATE-TO-EXTREME OR EXTREME-TO-TOTAL DEPARTURE FROM REFERENCE CONDITIONS (BI >= 3),2016,Year,BLM rangeland acres (millions),acres,BLM rangeland acres (millions) with moderate or moderate-to-extreme or extreme-to-total departure from biotic integrity reference conditions (BI >=3) ,6,BLM rangeland acres (millions) with moderate or moderate-to-extreme or extreme-to-total departure from biotic integrity reference conditions (BI >=3) ,
Estimated BLM range acres with BI >= 3,3,BLM,2,15107605.00,1526329.00,0.10,13151535.00,17063675.00,BIOTIC INTEGRITY HAD MODERATE OR MODERATE-TO-EXTREME OR EXTREME-TO-TOTAL DEPARTURE FROM REFERENCE CONDITIONS (BI >= 3),2016,Year,BLM rangeland acres (millions),acres,BLM rangeland acres (millions) with moderate or moderate-to-extreme or extreme-to-total departure from biotic integrity reference conditions (BI >=3) ,6,BLM rangeland acres (millions) with moderate or moderate-to-extreme or extreme-to-total departure from biotic integrity reference conditions (BI >=3) ,
Estimated BLM range acres with BI >= 3,3,BLM,1,4414261.00,563456.00,0.13,3692163.00,5136359.00,BIOTIC INTEGRITY HAD MODERATE OR MODERATE-TO-EXTREME OR EXTREME-TO-TOTAL DEPARTURE FROM REFERENCE CONDITIONS (BI >= 3),2017,Year,BLM rangeland acres (millions),acres,BLM rangeland acres (millions) with moderate or moderate-to-extreme or extreme-to-total departure from biotic integrity reference conditions (BI >=3) ,6,BLM rangeland acres (millions) with moderate or moderate-to-extreme or extreme-to-total departure from biotic integrity reference conditions (BI >=3) ,
Estimated BLM range acres with BI >= 3,3,BLM,1,1713666.00,390164.00,0.23,1213650.00,2213682.00,BIOTIC INTEGRITY HAD MODERATE OR MODERATE-TO-EXTREME OR EXTREME-TO-TOTAL DEPARTURE FROM REFERENCE CONDITIONS (BI >= 3),2019,Year,BLM rangeland acres (millions),acres,BLM rangeland acres (millions) with moderate or moderate-to-extreme or extreme-to-total departure from biotic integrity reference conditions (BI >=3) ,6,BLM rangeland acres (millions) with moderate or moderate-to-extreme or extreme-to-total departure from biotic integrity reference conditions (BI >=3) ,
Estimated BLM range acres with BI >= 3,3,BLM,2,15028490.00,2003696.00,0.13,12460650.00,17596330.00,BIOTIC INTEGRITY HAD MODERATE OR MODERATE-TO-EXTREME OR EXTREME-TO-TOTAL DEPARTURE FROM REFERENCE CONDITIONS (BI >= 3),2017,Year,BLM rangeland acres (millions),acres,BLM rangeland acres (millions) with moderate or moderate-to-extreme or extreme-to-total departure from biotic integrity reference conditions (BI >=3) ,6,BLM rangeland acres (millions) with moderate or moderate-to-extreme or extreme-to-total departure from biotic integrity reference conditions (BI >=3) ,
Estimated BLM range acres with BI >= 3,3,BLM,2,6322074.00,1522126.00,0.24,4371391.00,8272758.00,BIOTIC INTEGRITY HAD MODERATE OR MODERATE-TO-EXTREME OR EXTREME-TO-TOTAL DEPARTURE FROM REFERENCE CONDITIONS (BI >= 3),2019,Year,BLM rangeland acres (millions),acres,BLM rangeland acres (millions) with moderate or moderate-to-extreme or extreme-to-total departure from biotic integrity reference conditions (BI >=3) ,6,BLM rangeland acres (millions) with moderate or moderate-to-extreme or extreme-to-total departure from biotic integrity reference conditions (BI >=3) ,
Estimated BLM range acres with HF >= 3,7,BLM,NA,14111147.00,1241153.00,0.09,12519989.00,15702304.00,HYDROLOGIC FUNCTION HAD MODERATE OR MODERATE-TO-EXTREME OR EXTREME-TO-TOTAL DEPARTURE FROM REFERENCE CONDITIONS (HF >= 3),2011,Year,BLM rangeland acres (millions),acres,BLM rangeland acres (millions) with moderate or moderate-to-extreme or extreme-to-total departure from hydrologic function reference conditions (HF >= 3) ,14,BLM rangeland acres (millions) with moderate or moderate-to-extreme or extreme-to-total departure from hydrologic function reference conditions (HF >= 3) ,
Estimated BLM range acres with HF >= 3,7,BLM,2,10792093.00,1238213.00,0.11,9204704.00,12379482.00,HYDROLOGIC FUNCTION HAD MODERATE OR MODERATE-TO-EXTREME OR EXTREME-TO-TOTAL DEPARTURE FROM REFERENCE CONDITIONS (HF >= 3),2011,Year,BLM rangeland acres (millions),acres,BLM rangeland acres (millions) with moderate or moderate-to-extreme or extreme-to-total departure from hydrologic function reference conditions (HF >= 3) ,14,BLM rangeland acres (millions) with moderate or moderate-to-extreme or extreme-to-total departure from hydrologic function reference conditions (HF >= 3) ,
Estimated BLM range acres with HF >= 3,7,BLM,2,10459144.00,1244578.00,0.12,8864153.00,12054136.00,HYDROLOGIC FUNCTION HAD MODERATE OR MODERATE-TO-EXTREME OR EXTREME-TO-TOTAL DEPARTURE FROM REFERENCE CONDITIONS (HF >= 3),2015,Year,BLM rangeland acres (millions),acres,BLM rangeland acres (millions) with moderate or moderate-to-extreme or extreme-to-total departure from hydrologic function reference conditions (HF >= 3) ,14,BLM rangeland acres (millions) with moderate or moderate-to-extreme or extreme-to-total departure from hydrologic function reference conditions (HF >= 3) ,
Estimated BLM range acres with HF >= 3,7,BLM,NA,13900198.00,1273722.00,0.09,12267858.00,15532539.00,HYDROLOGIC FUNCTION HAD MODERATE OR MODERATE-TO-EXTREME OR EXTREME-TO-TOTAL DEPARTURE FROM REFERENCE CONDITIONS (HF >= 3),2015,Year,BLM rangeland acres (millions),acres,BLM rangeland acres (millions) with moderate or moderate-to-extreme or extreme-to-total departure from hydrologic function reference conditions (HF >= 3) ,14,BLM rangeland acres (millions) with moderate or moderate-to-extreme or extreme-to-total departure from hydrologic function reference conditions (HF >= 3) ,
Estimated BLM range acres with HF >= 3,7,BLM,1,3441054.00,298361.00,0.09,3058690.00,3823419.00,HYDROLOGIC FUNCTION HAD MODERATE OR MODERATE-TO-EXTREME OR EXTREME-TO-TOTAL DEPARTURE FROM REFERENCE CONDITIONS (HF >= 3),2015,Year,BLM rangeland acres (millions),acres,BLM rangeland acres (millions) with moderate or moderate-to-extreme or extreme-to-total departure from hydrologic function reference conditions (HF >= 3) ,14,BLM rangeland acres (millions) with moderate or moderate-to-extreme or extreme-to-total departure from hydrologic function reference conditions (HF >= 3) ,
Estimated BLM range acres with HF >= 3,7,BLM,1,3319053.00,725196.00,0.22,2389353.00,4248754.00,HYDROLOGIC FUNCTION HAD MODERATE OR MODERATE-TO-EXTREME OR EXTREME-TO-TOTAL DEPARTURE FROM REFERENCE CONDITIONS (HF >= 3),2011,Year,BLM rangeland acres (millions),acres,BLM rangeland acres (millions) with moderate or moderate-to-extreme or extreme-to-total departure from hydrologic function reference conditions (HF >= 3) ,14,BLM rangeland acres (millions) with moderate or moderate-to-extreme or extreme-to-total departure from hydrologic function reference conditions (HF >= 3) ,
Estimated BLM range acres with HF >= 3,7,BLM,2,15182809.00,2035912.00,0.13,12573683.00,17791934.00,HYDROLOGIC FUNCTION HAD MODERATE OR MODERATE-TO-EXTREME OR EXTREME-TO-TOTAL DEPARTURE FROM REFERENCE CONDITIONS (HF >= 3),2012,Year,BLM rangeland acres (millions),acres,BLM rangeland acres (millions) with moderate or moderate-to-extreme or extreme-to-total departure from hydrologic function reference conditions (HF >= 3) ,14,BLM rangeland acres (millions) with moderate or moderate-to-extreme or extreme-to-total departure from hydrologic function reference conditions (HF >= 3) ,
Estimated BLM range acres with HF >= 3,7,BLM,2,11868633.00,1726874.00,0.15,9655555.00,14081711.00,HYDROLOGIC FUNCTION HAD MODERATE OR MODERATE-TO-EXTREME OR EXTREME-TO-TOTAL DEPARTURE FROM REFERENCE CONDITIONS (HF >= 3),2014,Year,BLM rangeland acres (millions),acres,BLM rangeland acres (millions) with moderate or moderate-to-extreme or extreme-to-total departure from hydrologic function reference conditions (HF >= 3) ,14,BLM rangeland acres (millions) with moderate or moderate-to-extreme or extreme-to-total departure from hydrologic function reference conditions (HF >= 3) ,
Estimated BLM range acres with HF >= 3,7,BLM,NA,13503339.00,1269735.00,0.09,11876109.00,15130570.00,HYDROLOGIC FUNCTION HAD MODERATE OR MODERATE-TO-EXTREME OR EXTREME-TO-TOTAL DEPARTURE FROM REFERENCE CONDITIONS (HF >= 3),2016,Year,BLM rangeland acres (millions),acres,BLM rangeland acres (millions) with moderate or moderate-to-extreme or extreme-to-total departure from hydrologic function reference conditions (HF >= 3) ,14,BLM rangeland acres (millions) with moderate or moderate-to-extreme or extreme-to-total departure from hydrologic function reference conditions (HF >= 3) ,
Estimated BLM range acres with HF >= 3,7,BLM,NA,20362364.00,2180381.00,0.11,17568093.00,23156634.00,HYDROLOGIC FUNCTION HAD MODERATE OR MODERATE-TO-EXTREME OR EXTREME-TO-TOTAL DEPARTURE FROM REFERENCE CONDITIONS (HF >= 3),2012,Year,BLM rangeland acres (millions),acres,BLM rangeland acres (millions) with moderate or moderate-to-extreme or extreme-to-total departure from hydrologic function reference conditions (HF >= 3) ,14,BLM rangeland acres (millions) with moderate or moderate-to-extreme or extreme-to-total departure from hydrologic function reference conditions (HF >= 3) ,
Estimated BLM range acres with HF >= 3,7,BLM,1,5179555.00,584503.00,0.11,4430485.00,5928626.00,HYDROLOGIC FUNCTION HAD MODERATE OR MODERATE-TO-EXTREME OR EXTREME-TO-TOTAL DEPARTURE FROM REFERENCE CONDITIONS (HF >= 3),2012,Year,BLM rangeland acres (millions),acres,BLM rangeland acres (millions) with moderate or moderate-to-extreme or extreme-to-total departure from hydrologic function reference conditions (HF >= 3) ,14,BLM rangeland acres (millions) with moderate or moderate-to-extreme or extreme-to-total departure from hydrologic function reference conditions (HF >= 3) ,
Estimated BLM range acres with HF >= 3,7,BLM,NA,10944035.00,1023408.00,0.09,9632485.00,12255585.00,HYDROLOGIC FUNCTION HAD MODERATE OR MODERATE-TO-EXTREME OR EXTREME-TO-TOTAL DEPARTURE FROM REFERENCE CONDITIONS (HF >= 3),2018,Year,BLM rangeland acres (millions),acres,BLM rangeland acres (millions) with moderate or moderate-to-extreme or extreme-to-total departure from hydrologic function reference conditions (HF >= 3) ,14,BLM rangeland acres (millions) with moderate or moderate-to-extreme or extreme-to-total departure from hydrologic function reference conditions (HF >= 3) ,
Estimated BLM range acres with HF >= 3,7,BLM,NA,14839657.00,1687627.00,0.11,12676877.00,17002438.00,HYDROLOGIC FUNCTION HAD MODERATE OR MODERATE-TO-EXTREME OR EXTREME-TO-TOTAL DEPARTURE FROM REFERENCE CONDITIONS (HF >= 3),2014,Year,BLM rangeland acres (millions),acres,BLM rangeland acres (millions) with moderate or moderate-to-extreme or extreme-to-total departure from hydrologic function reference conditions (HF >= 3) ,14,BLM rangeland acres (millions) with moderate or moderate-to-extreme or extreme-to-total departure from hydrologic function reference conditions (HF >= 3) ,
Estimated BLM range acres with HF >= 3,7,BLM,2,7368714.00,1038023.00,0.14,6038434.00,8698994.00,HYDROLOGIC FUNCTION HAD MODERATE OR MODERATE-TO-EXTREME OR EXTREME-TO-TOTAL DEPARTURE FROM REFERENCE CONDITIONS (HF >= 3),2018,Year,BLM rangeland acres (millions),acres,BLM rangeland acres (millions) with moderate or moderate-to-extreme or extreme-to-total departure from hydrologic function reference conditions (HF >= 3) ,14,BLM rangeland acres (millions) with moderate or moderate-to-extreme or extreme-to-total departure from hydrologic function reference conditions (HF >= 3) ,
Estimated BLM range acres with HF >= 3,7,BLM,1,3471605.00,408976.00,0.12,2947481.00,3995729.00,HYDROLOGIC FUNCTION HAD MODERATE OR MODERATE-TO-EXTREME OR EXTREME-TO-TOTAL DEPARTURE FROM REFERENCE CONDITIONS (HF >= 3),2016,Year,BLM rangeland acres (millions),acres,BLM rangeland acres (millions) with moderate or moderate-to-extreme or extreme-to-total departure from hydrologic function reference conditions (HF >= 3) ,14,BLM rangeland acres (millions) with moderate or moderate-to-extreme or extreme-to-total departure from hydrologic function reference conditions (HF >= 3) ,
Estimated BLM range acres with HF >= 3,7,BLM,1,2971024.00,373021.00,0.13,2492979.00,3449070.00,HYDROLOGIC FUNCTION HAD MODERATE OR MODERATE-TO-EXTREME OR EXTREME-TO-TOTAL DEPARTURE FROM REFERENCE CONDITIONS (HF >= 3),2014,Year,BLM rangeland acres (millions),acres,BLM rangeland acres (millions) with moderate or moderate-to-extreme or extreme-to-total departure from hydrologic function reference conditions (HF >= 3) ,14,BLM rangeland acres (millions) with moderate or moderate-to-extreme or extreme-to-total departure from hydrologic function reference conditions (HF >= 3) ,
Estimated BLM range acres with HF >= 3,7,BLM,1,859729.00,325484.00,0.38,442605.00,1276854.00,HYDROLOGIC FUNCTION HAD MODERATE OR MODERATE-TO-EXTREME OR EXTREME-TO-TOTAL DEPARTURE FROM REFERENCE CONDITIONS (HF >= 3),2019,Year,BLM rangeland acres (millions),acres,BLM rangeland acres (millions) with moderate or moderate-to-extreme or extreme-to-total departure from hydrologic function reference conditions (HF >= 3) ,14,BLM rangeland acres (millions) with moderate or moderate-to-extreme or extreme-to-total departure from hydrologic function reference conditions (HF >= 3) ,
Estimated BLM range acres with HF >= 3,7,BLM,1,3575321.00,423878.00,0.12,3032099.00,4118543.00,HYDROLOGIC FUNCTION HAD MODERATE OR MODERATE-TO-EXTREME OR EXTREME-TO-TOTAL DEPARTURE FROM REFERENCE CONDITIONS (HF >= 3),2018,Year,BLM rangeland acres (millions),acres,BLM rangeland acres (millions) with moderate or moderate-to-extreme or extreme-to-total departure from hydrologic function reference conditions (HF >= 3) ,14,BLM rangeland acres (millions) with moderate or moderate-to-extreme or extreme-to-total departure from hydrologic function reference conditions (HF >= 3) ,
Estimated BLM range acres with HF >= 3,7,BLM,NA,9497065.00,1632896.00,0.17,7404425.00,11589706.00,HYDROLOGIC FUNCTION HAD MODERATE OR MODERATE-TO-EXTREME OR EXTREME-TO-TOTAL DEPARTURE FROM REFERENCE CONDITIONS (HF >= 3),2017,Year,BLM rangeland acres (millions),acres,BLM rangeland acres (millions) with moderate or moderate-to-extreme or extreme-to-total departure from hydrologic function reference conditions (HF >= 3) ,14,BLM rangeland acres (millions) with moderate or moderate-to-extreme or extreme-to-total departure from hydrologic function reference conditions (HF >= 3) ,
Estimated BLM range acres with HF >= 3,7,BLM,NA,7547457.00,1199403.00,0.16,6010360.00,9084554.00,HYDROLOGIC FUNCTION HAD MODERATE OR MODERATE-TO-EXTREME OR EXTREME-TO-TOTAL DEPARTURE FROM REFERENCE CONDITIONS (HF >= 3),2019,Year,BLM rangeland acres (millions),acres,BLM rangeland acres (millions) with moderate or moderate-to-extreme or extreme-to-total departure from hydrologic function reference conditions (HF >= 3) ,14,BLM rangeland acres (millions) with moderate or moderate-to-extreme or extreme-to-total departure from hydrologic function reference conditions (HF >= 3) ,
Estimated BLM range acres with HF >= 3,7,BLM,2,10031734.00,1362179.00,0.14,8286031.00,11777437.00,HYDROLOGIC FUNCTION HAD MODERATE OR MODERATE-TO-EXTREME OR EXTREME-TO-TOTAL DEPARTURE FROM REFERENCE CONDITIONS (HF >= 3),2016,Year,BLM rangeland acres (millions),acres,BLM rangeland acres (millions) with moderate or moderate-to-extreme or extreme-to-total departure from hydrologic function reference conditions (HF >= 3) ,14,BLM rangeland acres (millions) with moderate or moderate-to-extreme or extreme-to-total departure from hydrologic function reference conditions (HF >= 3) ,
Estimated BLM range acres with HF >= 3,7,BLM,2,7692413.00,1494017.00,0.19,5777754.00,9607073.00,HYDROLOGIC FUNCTION HAD MODERATE OR MODERATE-TO-EXTREME OR EXTREME-TO-TOTAL DEPARTURE FROM REFERENCE CONDITIONS (HF >= 3),2017,Year,BLM rangeland acres (millions),acres,BLM rangeland acres (millions) with moderate or moderate-to-extreme or extreme-to-total departure from hydrologic function reference conditions (HF >= 3) ,14,BLM rangeland acres (millions) with moderate or moderate-to-extreme or extreme-to-total departure from hydrologic function reference conditions (HF >= 3) ,
Estimated BLM range acres with HF >= 3,7,BLM,2,6687728.00,1075141.00,0.16,5309880.00,8065576.00,HYDROLOGIC FUNCTION HAD MODERATE OR MODERATE-TO-EXTREME OR EXTREME-TO-TOTAL DEPARTURE FROM REFERENCE CONDITIONS (HF >= 3),2019,Year,BLM rangeland acres (millions),acres,BLM rangeland acres (millions) with moderate or moderate-to-extreme or extreme-to-total departure from hydrologic function reference conditions (HF >= 3) ,14,BLM rangeland acres (millions) with moderate or moderate-to-extreme or extreme-to-total departure from hydrologic function reference conditions (HF >= 3) ,
Estimated BLM range acres with HF >= 3,7,BLM,1,1804652.00,402183.00,0.22,1289234.00,2320070.00,HYDROLOGIC FUNCTION HAD MODERATE OR MODERATE-TO-EXTREME OR EXTREME-TO-TOTAL DEPARTURE FROM REFERENCE CONDITIONS (HF >= 3),2017,Year,BLM rangeland acres (millions),acres,BLM rangeland acres (millions) with moderate or moderate-to-extreme or extreme-to-total departure from hydrologic function reference conditions (HF >= 3) ,14,BLM rangeland acres (millions) with moderate or moderate-to-extreme or extreme-to-total departure from hydrologic function reference conditions (HF >= 3) ,
Estimated BLM range acres with SSS >= 3,11,BLM,NA,11725389.00,1005100.00,0.09,10436851.00,13013928.00,SOIL AND SITE STABILITY HAD MODERATE OR MODERATE-TO-EXTREME OR EXTREME-TO-TOTAL DEPARTURE FROM REFERENCE CONDITIONS (SSS >= 3),2011,Year,BLM rangeland acres (millions),acres,BLM rangeland acres (millions) with moderate or moderate-to-extreme or extreme-to-total departure from soil and site stability reference conditions (SSS >= 3) ,22,BLM rangeland acres (millions) with moderate or moderate-to-extreme or extreme-to-total departure from soil and site stability reference conditions (SSS >= 3) ,
Estimated BLM range acres with SSS >= 3,11,BLM,NA,17512429.00,1986647.00,0.11,14966439.00,20058419.00,SOIL AND SITE STABILITY HAD MODERATE OR MODERATE-TO-EXTREME OR EXTREME-TO-TOTAL DEPARTURE FROM REFERENCE CONDITIONS (SSS >= 3),2012,Year,BLM rangeland acres (millions),acres,BLM rangeland acres (millions) with moderate or moderate-to-extreme or extreme-to-total departure from soil and site stability reference conditions (SSS >= 3) ,22,BLM rangeland acres (millions) with moderate or moderate-to-extreme or extreme-to-total departure from soil and site stability reference conditions (SSS >= 3) ,
Estimated BLM range acres with SSS >= 3,11,BLM,1,4307091.00,528412.00,0.12,3629903.00,4984279.00,SOIL AND SITE STABILITY HAD MODERATE OR MODERATE-TO-EXTREME OR EXTREME-TO-TOTAL DEPARTURE FROM REFERENCE CONDITIONS (SSS >= 3),2012,Year,BLM rangeland acres (millions),acres,BLM rangeland acres (millions) with moderate or moderate-to-extreme or extreme-to-total departure from soil and site stability reference conditions (SSS >= 3) ,22,BLM rangeland acres (millions) with moderate or moderate-to-extreme or extreme-to-total departure from soil and site stability reference conditions (SSS >= 3) ,
Estimated BLM range acres with SSS >= 3,11,BLM,2,13205338.00,1941521.00,0.15,10717179.00,15693498.00,SOIL AND SITE STABILITY HAD MODERATE OR MODERATE-TO-EXTREME OR EXTREME-TO-TOTAL DEPARTURE FROM REFERENCE CONDITIONS (SSS >= 3),2012,Year,BLM rangeland acres (millions),acres,BLM rangeland acres (millions) with moderate or moderate-to-extreme or extreme-to-total departure from soil and site stability reference conditions (SSS >= 3) ,22,BLM rangeland acres (millions) with moderate or moderate-to-extreme or extreme-to-total departure from soil and site stability reference conditions (SSS >= 3) ,
Estimated BLM range acres with SSS >= 3,11,BLM,NA,13256902.00,1021080.00,0.08,11948336.00,14565469.00,SOIL AND SITE STABILITY HAD MODERATE OR MODERATE-TO-EXTREME OR EXTREME-TO-TOTAL DEPARTURE FROM REFERENCE CONDITIONS (SSS >= 3),2015,Year,BLM rangeland acres (millions),acres,BLM rangeland acres (millions) with moderate or moderate-to-extreme or extreme-to-total departure from soil and site stability reference conditions (SSS >= 3) ,22,BLM rangeland acres (millions) with moderate or moderate-to-extreme or extreme-to-total departure from soil and site stability reference conditions (SSS >= 3) ,
Estimated BLM range acres with SSS >= 3,11,BLM,1,1890120.00,518797.00,0.27,1225022.00,2555217.00,SOIL AND SITE STABILITY HAD MODERATE OR MODERATE-TO-EXTREME OR EXTREME-TO-TOTAL DEPARTURE FROM REFERENCE CONDITIONS (SSS >= 3),2011,Year,BLM rangeland acres (millions),acres,BLM rangeland acres (millions) with moderate or moderate-to-extreme or extreme-to-total departure from soil and site stability reference conditions (SSS >= 3) ,22,BLM rangeland acres (millions) with moderate or moderate-to-extreme or extreme-to-total departure from soil and site stability reference conditions (SSS >= 3) ,
Estimated BLM range acres with SSS >= 3,11,BLM,NA,12062629.00,1331709.00,0.11,10355976.00,13769282.00,SOIL AND SITE STABILITY HAD MODERATE OR MODERATE-TO-EXTREME OR EXTREME-TO-TOTAL DEPARTURE FROM REFERENCE CONDITIONS (SSS >= 3),2014,Year,BLM rangeland acres (millions),acres,BLM rangeland acres (millions) with moderate or moderate-to-extreme or extreme-to-total departure from soil and site stability reference conditions (SSS >= 3) ,22,BLM rangeland acres (millions) with moderate or moderate-to-extreme or extreme-to-total departure from soil and site stability reference conditions (SSS >= 3) ,
Estimated BLM range acres with SSS >= 3,11,BLM,1,2337277.00,300777.00,0.13,1951816.00,2722739.00,SOIL AND SITE STABILITY HAD MODERATE OR MODERATE-TO-EXTREME OR EXTREME-TO-TOTAL DEPARTURE FROM REFERENCE CONDITIONS (SSS >= 3),2014,Year,BLM rangeland acres (millions),acres,BLM rangeland acres (millions) with moderate or moderate-to-extreme or extreme-to-total departure from soil and site stability reference conditions (SSS >= 3) ,22,BLM rangeland acres (millions) with moderate or moderate-to-extreme or extreme-to-total departure from soil and site stability reference conditions (SSS >= 3) ,
Estimated BLM range acres with SSS >= 3,11,BLM,2,9725352.00,1336261.00,0.14,8012864.00,11437840.00,SOIL AND SITE STABILITY HAD MODERATE OR MODERATE-TO-EXTREME OR EXTREME-TO-TOTAL DEPARTURE FROM REFERENCE CONDITIONS (SSS >= 3),2014,Year,BLM rangeland acres (millions),acres,BLM rangeland acres (millions) with moderate or moderate-to-extreme or extreme-to-total departure from soil and site stability reference conditions (SSS >= 3) ,22,BLM rangeland acres (millions) with moderate or moderate-to-extreme or extreme-to-total departure from soil and site stability reference conditions (SSS >= 3) ,
Estimated BLM range acres with SSS >= 3,11,BLM,NA,10826434.00,1288754.00,0.12,9174830.00,12478039.00,SOIL AND SITE STABILITY HAD MODERATE OR MODERATE-TO-EXTREME OR EXTREME-TO-TOTAL DEPARTURE FROM REFERENCE CONDITIONS (SSS >= 3),2016,Year,BLM rangeland acres (millions),acres,BLM rangeland acres (millions) with moderate or moderate-to-extreme or extreme-to-total departure from soil and site stability reference conditions (SSS >= 3) ,22,BLM rangeland acres (millions) with moderate or moderate-to-extreme or extreme-to-total departure from soil and site stability reference conditions (SSS >= 3) ,
Estimated BLM range acres with SSS >= 3,11,BLM,2,6842855.00,1268235.00,0.19,5217547.00,8468164.00,SOIL AND SITE STABILITY HAD MODERATE OR MODERATE-TO-EXTREME OR EXTREME-TO-TOTAL DEPARTURE FROM REFERENCE CONDITIONS (SSS >= 3),2018,Year,BLM rangeland acres (millions),acres,BLM rangeland acres (millions) with moderate or moderate-to-extreme or extreme-to-total departure from soil and site stability reference conditions (SSS >= 3) ,22,BLM rangeland acres (millions) with moderate or moderate-to-extreme or extreme-to-total departure from soil and site stability reference conditions (SSS >= 3) ,
Estimated BLM range acres with SSS >= 3,11,BLM,1,2945523.00,278895.00,0.10,2588105.00,3302941.00,SOIL AND SITE STABILITY HAD MODERATE OR MODERATE-TO-EXTREME OR EXTREME-TO-TOTAL DEPARTURE FROM REFERENCE CONDITIONS (SSS >= 3),2015,Year,BLM rangeland acres (millions),acres,BLM rangeland acres (millions) with moderate or moderate-to-extreme or extreme-to-total departure from soil and site stability reference conditions (SSS >= 3) ,22,BLM rangeland acres (millions) with moderate or moderate-to-extreme or extreme-to-total departure from soil and site stability reference conditions (SSS >= 3) ,
Estimated BLM range acres with SSS >= 3,11,BLM,NA,9250396.00,1266557.00,0.14,7627238.00,10873555.00,SOIL AND SITE STABILITY HAD MODERATE OR MODERATE-TO-EXTREME OR EXTREME-TO-TOTAL DEPARTURE FROM REFERENCE CONDITIONS (SSS >= 3),2018,Year,BLM rangeland acres (millions),acres,BLM rangeland acres (millions) with moderate or moderate-to-extreme or extreme-to-total departure from soil and site stability reference conditions (SSS >= 3) ,22,BLM rangeland acres (millions) with moderate or moderate-to-extreme or extreme-to-total departure from soil and site stability reference conditions (SSS >= 3) ,
Estimated BLM range acres with SSS >= 3,11,BLM,NA,7197960.00,1185572.00,0.17,5678588.00,8717332.00,SOIL AND SITE STABILITY HAD MODERATE OR MODERATE-TO-EXTREME OR EXTREME-TO-TOTAL DEPARTURE FROM REFERENCE CONDITIONS (SSS >= 3),2019,Year,BLM rangeland acres (millions),acres,BLM rangeland acres (millions) with moderate or moderate-to-extreme or extreme-to-total departure from soil and site stability reference conditions (SSS >= 3) ,22,BLM rangeland acres (millions) with moderate or moderate-to-extreme or extreme-to-total departure from soil and site stability reference conditions (SSS >= 3) ,
Estimated BLM range acres with SSS >= 3,11,BLM,1,2407541.00,407343.00,0.17,1885510.00,2929571.00,SOIL AND SITE STABILITY HAD MODERATE OR MODERATE-TO-EXTREME OR EXTREME-TO-TOTAL DEPARTURE FROM REFERENCE CONDITIONS (SSS >= 3),2018,Year,BLM rangeland acres (millions),acres,BLM rangeland acres (millions) with moderate or moderate-to-extreme or extreme-to-total departure from soil and site stability reference conditions (SSS >= 3) ,22,BLM rangeland acres (millions) with moderate or moderate-to-extreme or extreme-to-total departure from soil and site stability reference conditions (SSS >= 3) ,
Estimated BLM range acres with SSS >= 3,11,BLM,2,9835269.00,958473.00,0.10,8606507.00,11064032.00,SOIL AND SITE STABILITY HAD MODERATE OR MODERATE-TO-EXTREME OR EXTREME-TO-TOTAL DEPARTURE FROM REFERENCE CONDITIONS (SSS >= 3),2011,Year,BLM rangeland acres (millions),acres,BLM rangeland acres (millions) with moderate or moderate-to-extreme or extreme-to-total departure from soil and site stability reference conditions (SSS >= 3) ,22,BLM rangeland acres (millions) with moderate or moderate-to-extreme or extreme-to-total departure from soil and site stability reference conditions (SSS >= 3) ,
Estimated BLM range acres with SSS >= 3,11,BLM,2,10311379.00,1042031.00,0.10,8975963.00,11646796.00,SOIL AND SITE STABILITY HAD MODERATE OR MODERATE-TO-EXTREME OR EXTREME-TO-TOTAL DEPARTURE FROM REFERENCE CONDITIONS (SSS >= 3),2015,Year,BLM rangeland acres (millions),acres,BLM rangeland acres (millions) with moderate or moderate-to-extreme or extreme-to-total departure from soil and site stability reference conditions (SSS >= 3) ,22,BLM rangeland acres (millions) with moderate or moderate-to-extreme or extreme-to-total departure from soil and site stability reference conditions (SSS >= 3) ,
Estimated BLM range acres with SSS >= 3,11,BLM,2,8546912.00,1280375.00,0.15,6906045.00,10187778.00,SOIL AND SITE STABILITY HAD MODERATE OR MODERATE-TO-EXTREME OR EXTREME-TO-TOTAL DEPARTURE FROM REFERENCE CONDITIONS (SSS >= 3),2016,Year,BLM rangeland acres (millions),acres,BLM rangeland acres (millions) with moderate or moderate-to-extreme or extreme-to-total departure from soil and site stability reference conditions (SSS >= 3) ,22,BLM rangeland acres (millions) with moderate or moderate-to-extreme or extreme-to-total departure from soil and site stability reference conditions (SSS >= 3) ,
Estimated BLM range acres with SSS >= 3,11,BLM,2,6875287.00,1418577.00,0.21,5057308.00,8693267.00,SOIL AND SITE STABILITY HAD MODERATE OR MODERATE-TO-EXTREME OR EXTREME-TO-TOTAL DEPARTURE FROM REFERENCE CONDITIONS (SSS >= 3),2017,Year,BLM rangeland acres (millions),acres,BLM rangeland acres (millions) with moderate or moderate-to-extreme or extreme-to-total departure from soil and site stability reference conditions (SSS >= 3) ,22,BLM rangeland acres (millions) with moderate or moderate-to-extreme or extreme-to-total departure from soil and site stability reference conditions (SSS >= 3) ,
Estimated BLM range acres with SSS >= 3,11,BLM,2,6569208.00,1065666.00,0.16,5203501.00,7934914.00,SOIL AND SITE STABILITY HAD MODERATE OR MODERATE-TO-EXTREME OR EXTREME-TO-TOTAL DEPARTURE FROM REFERENCE CONDITIONS (SSS >= 3),2019,Year,BLM rangeland acres (millions),acres,BLM rangeland acres (millions) with moderate or moderate-to-extreme or extreme-to-total departure from soil and site stability reference conditions (SSS >= 3) ,22,BLM rangeland acres (millions) with moderate or moderate-to-extreme or extreme-to-total departure from soil and site stability reference conditions (SSS >= 3) ,
Estimated BLM range acres with SSS >= 3,11,BLM,1,2279523.00,319251.00,0.14,1870386.00,2688659.00,SOIL AND SITE STABILITY HAD MODERATE OR MODERATE-TO-EXTREME OR EXTREME-TO-TOTAL DEPARTURE FROM REFERENCE CONDITIONS (SSS >= 3),2016,Year,BLM rangeland acres (millions),acres,BLM rangeland acres (millions) with moderate or moderate-to-extreme or extreme-to-total departure from soil and site stability reference conditions (SSS >= 3) ,22,BLM rangeland acres (millions) with moderate or moderate-to-extreme or extreme-to-total departure from soil and site stability reference conditions (SSS >= 3) ,
Estimated BLM range acres with SSS >= 3,11,BLM,1,1194464.00,353832.00,0.30,741010.00,1647918.00,SOIL AND SITE STABILITY HAD MODERATE OR MODERATE-TO-EXTREME OR EXTREME-TO-TOTAL DEPARTURE FROM REFERENCE CONDITIONS (SSS >= 3),2017,Year,BLM rangeland acres (millions),acres,BLM rangeland acres (millions) with moderate or moderate-to-extreme or extreme-to-total departure from soil and site stability reference conditions (SSS >= 3) ,22,BLM rangeland acres (millions) with moderate or moderate-to-extreme or extreme-to-total departure from soil and site stability reference conditions (SSS >= 3) ,
Estimated BLM range acres with SSS >= 3,11,BLM,1,628752.00,324719.00,0.52,212608.00,1044897.00,SOIL AND SITE STABILITY HAD MODERATE OR MODERATE-TO-EXTREME OR EXTREME-TO-TOTAL DEPARTURE FROM REFERENCE CONDITIONS (SSS >= 3),2019,Year,BLM rangeland acres (millions),acres,BLM rangeland acres (millions) with moderate or moderate-to-extreme or extreme-to-total departure from soil and site stability reference conditions (SSS >= 3) ,22,BLM rangeland acres (millions) with moderate or moderate-to-extreme or extreme-to-total departure from soil and site stability reference conditions (SSS >= 3) ,
Estimated BLM range acres with SSS >= 3,11,BLM,NA,8069751.00,1530577.00,0.19,6108238.00,10031265.00,SOIL AND SITE STABILITY HAD MODERATE OR MODERATE-TO-EXTREME OR EXTREME-TO-TOTAL DEPARTURE FROM REFERENCE CONDITIONS (SSS >= 3),2017,Year,BLM rangeland acres (millions),acres,BLM rangeland acres (millions) with moderate or moderate-to-extreme or extreme-to-total departure from soil and site stability reference conditions (SSS >= 3) ,22,BLM rangeland acres (millions) with moderate or moderate-to-extreme or extreme-to-total departure from soil and site stability reference conditions (SSS >= 3) ,
1. Estimated % of BLM range acres with BI <= 2,1,BLM,NA,90.49,1.23,0.01,88.92,92.07,BIOTIC INTEGRITY HAD NONE-TO-SLIGHT OR SLIGHT-TO-MODERATE DEPARTURE FROM REFERENCE CONDITIONS (BI <= 2),2020,Year,Percent of rangeland acres on BLM-administered lands,percent,Proportion of BLM rangelands with none-to-slight or slight-to-moderate departure from biotic integrity reference conditions (BI <=2) (80% confidence interval) ,1,Proportion of BLM rangelands with none-to-slight or slight-to-moderate departure from biotic integrity reference conditions (BI <=2) (80% confidence interval) ,
1. Estimated % of BLM range acres with BI <= 2,1,BLM,1,96.68,0.79,0.01,95.67,97.69,BIOTIC INTEGRITY HAD NONE-TO-SLIGHT OR SLIGHT-TO-MODERATE DEPARTURE FROM REFERENCE CONDITIONS (BI <= 2),2020,Year,Percent of rangeland acres on BLM-administered lands,percent,Proportion of BLM rangelands with none-to-slight or slight-to-moderate departure from biotic integrity reference conditions (BI <=2) (80% confidence interval) ,1,Proportion of BLM rangelands with none-to-slight or slight-to-moderate departure from biotic integrity reference conditions (BI <=2) (80% confidence interval) ,
1. Estimated % of BLM range acres with BI <= 2,1,BLM,2,87.20,1.90,0.02,84.77,89.63,BIOTIC INTEGRITY HAD NONE-TO-SLIGHT OR SLIGHT-TO-MODERATE DEPARTURE FROM REFERENCE CONDITIONS (BI <= 2),2020,Year,Percent of rangeland acres on BLM-administered lands,percent,Proportion of BLM rangelands with none-to-slight or slight-to-moderate departure from biotic integrity reference conditions (BI <=2) (80% confidence interval) ,1,Proportion of BLM rangelands with none-to-slight or slight-to-moderate departure from biotic integrity reference conditions (BI <=2) (80% confidence interval) ,
10. Estimated % of BLM range acres with HF <= 2,5,BLM,1,95.51,0.92,0.01,94.33,96.68,HYDROLOGIC FUNCTION HAD NONE-TO-SLIGHT OR SLIGHT-TO-MODERATE DEPARTURE FROM REFERENCE CONDITIONS (HF <= 2),2020,Year,Percent of rangeland acres on BLM-administered lands ,percent,Proportion of BLM rangelands with none-to-slight or slight-to-moderate departure from hydrologic function reference conditions (HF <=2) (80% confidence interval) ,9,Proportion of BLM rangelands with none-to-slight or slight-to-moderate departure from hydrologic function reference conditions (HF <=2) (80% confidence interval) ,
10. Estimated % of BLM range acres with HF <= 2,5,BLM,2,87.18,1.95,0.02,84.68,89.67,HYDROLOGIC FUNCTION HAD NONE-TO-SLIGHT OR SLIGHT-TO-MODERATE DEPARTURE FROM REFERENCE CONDITIONS (HF <= 2),2020,Year,Percent of rangeland acres on BLM-administered lands ,percent,Proportion of BLM rangelands with none-to-slight or slight-to-moderate departure from hydrologic function reference conditions (HF <=2) (80% confidence interval) ,9,Proportion of BLM rangelands with none-to-slight or slight-to-moderate departure from hydrologic function reference conditions (HF <=2) (80% confidence interval) ,
10. Estimated % of BLM range acres with HF <= 2,5,BLM,NA,90.07,1.32,0.02,88.39,91.76,HYDROLOGIC FUNCTION HAD NONE-TO-SLIGHT OR SLIGHT-TO-MODERATE DEPARTURE FROM REFERENCE CONDITIONS (HF <= 2),2020,Year,Percent of rangeland acres on BLM-administered lands ,percent,Proportion of BLM rangelands with none-to-slight or slight-to-moderate departure from hydrologic function reference conditions (HF <=2) (80% confidence interval) ,9,Proportion of BLM rangelands with none-to-slight or slight-to-moderate departure from hydrologic function reference conditions (HF <=2) (80% confidence interval) ,
12. Estimated BLM range acres with HF <= 2,5,BLM,NA,134181060.00,2382809.00,0.02,131127367.00,137234752.00,HYDROLOGIC FUNCTION HAD NONE-TO-SLIGHT OR SLIGHT-TO-MODERATE DEPARTURE FROM REFERENCE CONDITIONS (HF <= 2),2020,Year,BLM rangeland acres (millions),acres,BLM rangeland acres (millions) with none-to-slight or slight-to-moderate departure from hydrologic function reference conditions (HF <=2) ,10,BLM rangeland acres (millions) with none-to-slight or slight-to-moderate departure from hydrologic function reference conditions (HF <=2) ,
12. Estimated BLM range acres with HF <= 2,5,BLM,1,49451620.00,714371.00,0.01,48536116.00,50367123.00,HYDROLOGIC FUNCTION HAD NONE-TO-SLIGHT OR SLIGHT-TO-MODERATE DEPARTURE FROM REFERENCE CONDITIONS (HF <= 2),2020,Year,BLM rangeland acres (millions),acres,BLM rangeland acres (millions) with none-to-slight or slight-to-moderate departure from hydrologic function reference conditions (HF <=2) ,10,BLM rangeland acres (millions) with none-to-slight or slight-to-moderate departure from hydrologic function reference conditions (HF <=2) ,
12. Estimated BLM range acres with HF <= 2,5,BLM,2,84729440.00,2275260.00,0.03,81813577.00,87645303.00,HYDROLOGIC FUNCTION HAD NONE-TO-SLIGHT OR SLIGHT-TO-MODERATE DEPARTURE FROM REFERENCE CONDITIONS (HF <= 2),2020,Year,BLM rangeland acres (millions),acres,BLM rangeland acres (millions) with none-to-slight or slight-to-moderate departure from hydrologic function reference conditions (HF <=2) ,10,BLM rangeland acres (millions) with none-to-slight or slight-to-moderate departure from hydrologic function reference conditions (HF <=2) ,
13. Estimated % of BLM range acres with HF = 3,6,BLM,NA,7.38,0.99,0.13,6.12,8.65,HYDROLOGIC FUNCTION HAD MODERATE DEPARTURE FROM REFERENCE CONDITIONS (HF = 3),2020,Year,Percent of rangeland acres on BLM-administered lands ,percent,Proportion of BLM rangelands with moderate departure from hydrologic function reference conditions (HF = 3) (80% confidence interval) ,11,Proportion of BLM rangelands with moderate departure from hydrologic function reference conditions (HF = 3) (80% confidence interval) ,
13. Estimated % of BLM range acres with HF = 3,6,BLM,1,4.19,0.88,0.21,3.06,5.31,HYDROLOGIC FUNCTION HAD MODERATE DEPARTURE FROM REFERENCE CONDITIONS (HF = 3),2020,Year,Percent of rangeland acres on BLM-administered lands ,percent,Proportion of BLM rangelands with moderate departure from hydrologic function reference conditions (HF = 3) (80% confidence interval) ,11,Proportion of BLM rangelands with moderate departure from hydrologic function reference conditions (HF = 3) (80% confidence interval) ,
13. Estimated % of BLM range acres with HF = 3,6,BLM,2,9.08,1.48,0.16,7.19,10.98,HYDROLOGIC FUNCTION HAD MODERATE DEPARTURE FROM REFERENCE CONDITIONS (HF = 3),2020,Year,Percent of rangeland acres on BLM-administered lands ,percent,Proportion of BLM rangelands with moderate departure from hydrologic function reference conditions (HF = 3) (80% confidence interval) ,11,Proportion of BLM rangelands with moderate departure from hydrologic function reference conditions (HF = 3) (80% confidence interval) ,
15. Estimated BLM range acres with HF = 3,6,BLM,NA,10996349.00,1499558.00,0.14,9074588.00,12918110.00,HYDROLOGIC FUNCTION HAD MODERATE DEPARTURE FROM REFERENCE CONDITIONS (HF = 3),2020,Year,BLM rangeland acres (millions),acres,BLM rangeland acres (millions) with moderate departure from hydrologic function reference conditions (HF = 3),12,BLM rangeland acres (millions) with moderate departure from hydrologic function reference conditions (HF = 3),
15. Estimated BLM range acres with HF = 3,6,BLM,1,2169291.00,461835.00,0.21,1577426.00,2761156.00,HYDROLOGIC FUNCTION HAD MODERATE DEPARTURE FROM REFERENCE CONDITIONS (HF = 3),2020,Year,BLM rangeland acres (millions),acres,BLM rangeland acres (millions) with moderate departure from hydrologic function reference conditions (HF = 3),12,BLM rangeland acres (millions) with moderate departure from hydrologic function reference conditions (HF = 3),
15. Estimated BLM range acres with HF = 3,6,BLM,2,8827058.00,1474449.00,0.17,6937476.00,10716641.00,HYDROLOGIC FUNCTION HAD MODERATE DEPARTURE FROM REFERENCE CONDITIONS (HF = 3),2020,Year,BLM rangeland acres (millions),acres,BLM rangeland acres (millions) with moderate departure from hydrologic function reference conditions (HF = 3),12,BLM rangeland acres (millions) with moderate departure from hydrologic function reference conditions (HF = 3),
16. Estimated % of BLM range acres with HF >= 4,8,BLM,2,3.74,1.21,0.32,2.19,5.29,HYDROLOGIC FUNCTION HAD MODERATE-TO-EXTREME OR EXTREME-TO-TOTAL DEPARTURE FROM REFERENCE CONDITIONS (HF >= 4),2020,Year,Percent of rangeland acres on BLM-administered lands ,percent,Proportion of BLM rangelands with moderate-to-extreme or extreme-to-total departure from hydrologic function reference conditions (HF >= 4) (80% confidence interval) ,15,Proportion of BLM rangelands with moderate-to-extreme or extreme-to-total departure from hydrologic function reference conditions (HF >= 4) (80% confidence interval) ,
16. Estimated % of BLM range acres with HF >= 4,8,BLM,NA,2.55,0.78,0.31,1.55,3.55,HYDROLOGIC FUNCTION HAD MODERATE-TO-EXTREME OR EXTREME-TO-TOTAL DEPARTURE FROM REFERENCE CONDITIONS (HF >= 4),2020,Year,Percent of rangeland acres on BLM-administered lands ,percent,Proportion of BLM rangelands with moderate-to-extreme or extreme-to-total departure from hydrologic function reference conditions (HF >= 4) (80% confidence interval) ,15,Proportion of BLM rangelands with moderate-to-extreme or extreme-to-total departure from hydrologic function reference conditions (HF >= 4) (80% confidence interval) ,
16. Estimated % of BLM range acres with HF >= 4,8,BLM,1,0.30,0.17,0.56,0.08,0.52,HYDROLOGIC FUNCTION HAD MODERATE-TO-EXTREME OR EXTREME-TO-TOTAL DEPARTURE FROM REFERENCE CONDITIONS (HF >= 4),2020,Year,Percent of rangeland acres on BLM-administered lands ,percent,Proportion of BLM rangelands with moderate-to-extreme or extreme-to-total departure from hydrologic function reference conditions (HF >= 4) (80% confidence interval) ,15,Proportion of BLM rangelands with moderate-to-extreme or extreme-to-total departure from hydrologic function reference conditions (HF >= 4) (80% confidence interval) ,
18. Estimated BLM range acres with HF >= 4,8,BLM,NA,3793871.00,1172108.00,0.31,2291753.00,5295988.00,HYDROLOGIC FUNCTION HAD MODERATE-TO-EXTREME OR EXTREME-TO-TOTAL DEPARTURE FROM REFERENCE CONDITIONS (HF >= 4),2020,Year,BLM rangeland acres (millions),acres,BLM rangeland acres (millions) with moderate-to-extreme or extreme-to-total departure from hydrologic function reference conditions (HF >= 4),16,BLM rangeland acres (millions) with moderate-to-extreme or extreme-to-total departure from hydrologic function reference conditions (HF >= 4),
18. Estimated BLM range acres with HF >= 4,8,BLM,2,3636722.00,1188420.00,0.33,2113700.00,5159743.00,HYDROLOGIC FUNCTION HAD MODERATE-TO-EXTREME OR EXTREME-TO-TOTAL DEPARTURE FROM REFERENCE CONDITIONS (HF >= 4),2020,Year,BLM rangeland acres (millions),acres,BLM rangeland acres (millions) with moderate-to-extreme or extreme-to-total departure from hydrologic function reference conditions (HF >= 4),16,BLM rangeland acres (millions) with moderate-to-extreme or extreme-to-total departure from hydrologic function reference conditions (HF >= 4),
18. Estimated BLM range acres with HF >= 4,8,BLM,1,157149.00,88087.00,0.56,44261.00,270037.00,HYDROLOGIC FUNCTION HAD MODERATE-TO-EXTREME OR EXTREME-TO-TOTAL DEPARTURE FROM REFERENCE CONDITIONS (HF >= 4),2020,Year,BLM rangeland acres (millions),acres,BLM rangeland acres (millions) with moderate-to-extreme or extreme-to-total departure from hydrologic function reference conditions (HF >= 4),16,BLM rangeland acres (millions) with moderate-to-extreme or extreme-to-total departure from hydrologic function reference conditions (HF >= 4),
19. Estimated % of BLM range acres with SSS <= 2,9,BLM,NA,91.52,1.24,0.01,89.94,93.11,SOIL AND SITE STABILITY HAD NONE-TO-SLIGHT OR SLIGHT-TO-MODERATE DEPARTURE FROM REFERENCE CONDITIONS (SSS <= 2),2020,Year,Percent of rangeland acres on BLM-administered lands,percent,Proportion of BLM rangelands with none-to-slight or slight-to-moderate departure from soil and site stability reference conditions (SSS <=2) (80% confidence interval) ,17,Proportion of BLM rangelands with none-to-slight or slight-to-moderate departure from soil and site stability reference conditions (SSS <=2) (80% confidence interval) ,
19. Estimated % of BLM range acres with SSS <= 2,9,BLM,1,97.08,0.68,0.01,96.21,97.94,SOIL AND SITE STABILITY HAD NONE-TO-SLIGHT OR SLIGHT-TO-MODERATE DEPARTURE FROM REFERENCE CONDITIONS (SSS <= 2),2020,Year,Percent of rangeland acres on BLM-administered lands,percent,Proportion of BLM rangelands with none-to-slight or slight-to-moderate departure from soil and site stability reference conditions (SSS <=2) (80% confidence interval) ,17,Proportion of BLM rangelands with none-to-slight or slight-to-moderate departure from soil and site stability reference conditions (SSS <=2) (80% confidence interval) ,
19. Estimated % of BLM range acres with SSS <= 2,9,BLM,2,88.56,1.81,0.02,86.25,90.88,SOIL AND SITE STABILITY HAD NONE-TO-SLIGHT OR SLIGHT-TO-MODERATE DEPARTURE FROM REFERENCE CONDITIONS (SSS <= 2),2020,Year,Percent of rangeland acres on BLM-administered lands,percent,Proportion of BLM rangelands with none-to-slight or slight-to-moderate departure from soil and site stability reference conditions (SSS <=2) (80% confidence interval) ,17,Proportion of BLM rangelands with none-to-slight or slight-to-moderate departure from soil and site stability reference conditions (SSS <=2) (80% confidence interval) ,
21. Estimated BLM range acres with SSS <= 2,9,BLM,1,50264274.00,711929.00,0.01,49351899.00,51176648.00,SOIL AND SITE STABILITY HAD NONE-TO-SLIGHT OR SLIGHT-TO-MODERATE DEPARTURE FROM REFERENCE CONDITIONS (SSS <= 2),2020,Year,BLM rangeland acres (millions),acres,BLM rangeland acres (millions) with none-to-slight or slight-to-moderate departure from soil and site stability reference conditions (SSS <=2) ,18,BLM rangeland acres (millions) with none-to-slight or slight-to-moderate departure from soil and site stability reference conditions (SSS <=2) ,
21. Estimated BLM range acres with SSS <= 2,9,BLM,2,86078848.00,2263217.00,0.03,83178418.00,88979278.00,SOIL AND SITE STABILITY HAD NONE-TO-SLIGHT OR SLIGHT-TO-MODERATE DEPARTURE FROM REFERENCE CONDITIONS (SSS <= 2),2020,Year,BLM rangeland acres (millions),acres,BLM rangeland acres (millions) with none-to-slight or slight-to-moderate departure from soil and site stability reference conditions (SSS <=2) ,18,BLM rangeland acres (millions) with none-to-slight or slight-to-moderate departure from soil and site stability reference conditions (SSS <=2) ,
21. Estimated BLM range acres with SSS <= 2,9,BLM,NA,136343122.00,2339509.00,0.02,133344921.00,139341322.00,SOIL AND SITE STABILITY HAD NONE-TO-SLIGHT OR SLIGHT-TO-MODERATE DEPARTURE FROM REFERENCE CONDITIONS (SSS <= 2),2020,Year,BLM rangeland acres (millions),acres,BLM rangeland acres (millions) with none-to-slight or slight-to-moderate departure from soil and site stability reference conditions (SSS <=2) ,18,BLM rangeland acres (millions) with none-to-slight or slight-to-moderate departure from soil and site stability reference conditions (SSS <=2) ,
22. Estimated % of BLM range acres with SSS = 3,10,BLM,NA,5.89,0.91,0.15,4.72,7.05,SOIL AND SITE STABILITY HAD MODERATE DEPARTURE FROM REFERENCE CONDITIONS (SSS = 3),2020,Year,Percent of BLM rangeland ,percent,Proportion of BLM rangelands with moderate departure from soil and site stability reference conditions (SSS = 3) (80% confidence interval) ,19,Proportion of BLM rangelands with moderate departure from soil and site stability reference conditions (SSS = 3) (80% confidence interval) ,
22. Estimated % of BLM range acres with SSS = 3,10,BLM,1,2.69,0.68,0.25,1.82,3.56,SOIL AND SITE STABILITY HAD MODERATE DEPARTURE FROM REFERENCE CONDITIONS (SSS = 3),2020,Year,Percent of BLM rangeland ,percent,Proportion of BLM rangelands with moderate departure from soil and site stability reference conditions (SSS = 3) (80% confidence interval) ,19,Proportion of BLM rangelands with moderate departure from soil and site stability reference conditions (SSS = 3) (80% confidence interval) ,
22. Estimated % of BLM range acres with SSS = 3,10,BLM,2,7.59,1.38,0.18,5.82,9.36,SOIL AND SITE STABILITY HAD MODERATE DEPARTURE FROM REFERENCE CONDITIONS (SSS = 3),2020,Year,Percent of BLM rangeland ,percent,Proportion of BLM rangelands with moderate departure from soil and site stability reference conditions (SSS = 3) (80% confidence interval) ,19,Proportion of BLM rangelands with moderate departure from soil and site stability reference conditions (SSS = 3) (80% confidence interval) ,
24. Estimated BLM range acres with SSS = 3,10,BLM,NA,8772264.00,1374572.00,0.16,7010680.00,10533848.00,SOIL AND SITE STABILITY HAD MODERATE DEPARTURE FROM REFERENCE CONDITIONS (SSS = 3),2020,Year,BLM rangeland acres (millions),acres,BLM rangeland acres (millions) with moderate departure from soil and site stability reference conditions (SSS = 3),20,BLM rangeland acres (millions) with moderate departure from soil and site stability reference conditions (SSS = 3),
24. Estimated BLM range acres with SSS = 3,10,BLM,1,1394399.00,354412.00,0.25,940202.00,1848596.00,SOIL AND SITE STABILITY HAD MODERATE DEPARTURE FROM REFERENCE CONDITIONS (SSS = 3),2020,Year,BLM rangeland acres (millions),acres,BLM rangeland acres (millions) with moderate departure from soil and site stability reference conditions (SSS = 3),20,BLM rangeland acres (millions) with moderate departure from soil and site stability reference conditions (SSS = 3),
24. Estimated BLM range acres with SSS = 3,10,BLM,2,7377865.00,1367648.00,0.19,5625153.00,9130577.00,SOIL AND SITE STABILITY HAD MODERATE DEPARTURE FROM REFERENCE CONDITIONS (SSS = 3),2020,Year,BLM rangeland acres (millions),acres,BLM rangeland acres (millions) with moderate departure from soil and site stability reference conditions (SSS = 3),20,BLM rangeland acres (millions) with moderate departure from soil and site stability reference conditions (SSS = 3),
25. Estimated % of BLM range acres with SSS >= 4,12,BLM,NA,2.59,0.79,0.30,1.58,3.59,SOIL AND SITE STABILITY HAD MODERATE-TO-EXTREME OR EXTREME-TO-TOTAL DEPARTURE FROM REFERENCE CONDITIONS (SSS >= 4),2020,Year,Percent of rangeland acres on BLM-administered lands,percent,Proportion of BLM rangelands with moderate-to-extreme or extreme-to-total departure from soil and site stability reference conditions (SSS >= 4) (80% confidence interval) ,23,Proportion of BLM rangelands with moderate-to-extreme or extreme-to-total departure from soil and site stability reference conditions (SSS >= 4) (80% confidence interval) ,
25. Estimated % of BLM range acres with SSS >= 4,12,BLM,1,0.23,0.16,0.70,0.02,0.44,SOIL AND SITE STABILITY HAD MODERATE-TO-EXTREME OR EXTREME-TO-TOTAL DEPARTURE FROM REFERENCE CONDITIONS (SSS >= 4),2020,Year,Percent of rangeland acres on BLM-administered lands,percent,Proportion of BLM rangelands with moderate-to-extreme or extreme-to-total departure from soil and site stability reference conditions (SSS >= 4) (80% confidence interval) ,23,Proportion of BLM rangelands with moderate-to-extreme or extreme-to-total departure from soil and site stability reference conditions (SSS >= 4) (80% confidence interval) ,
25. Estimated % of BLM range acres with SSS >= 4,12,BLM,2,3.84,1.22,0.32,2.28,5.40,SOIL AND SITE STABILITY HAD MODERATE-TO-EXTREME OR EXTREME-TO-TOTAL DEPARTURE FROM REFERENCE CONDITIONS (SSS >= 4),2020,Year,Percent of rangeland acres on BLM-administered lands,percent,Proportion of BLM rangelands with moderate-to-extreme or extreme-to-total departure from soil and site stability reference conditions (SSS >= 4) (80% confidence interval) ,23,Proportion of BLM rangelands with moderate-to-extreme or extreme-to-total departure from soil and site stability reference conditions (SSS >= 4) (80% confidence interval) ,
27. Estimated BLM range acres with SSS >= 4,12,BLM,1,119387.00,82923.00,0.70,13117.00,225657.00,SOIL AND SITE STABILITY HAD MODERATE-TO-EXTREME OR EXTREME-TO-TOTAL DEPARTURE FROM REFERENCE CONDITIONS (SSS >= 4),2020,Year,BLM rangeland acres (millions),acres,BLM rangeland acres (millions) with moderate-to-extreme or extreme-to-total departure from soil and site stability reference conditions (SSS >= 4),24,BLM rangeland acres (millions) with moderate-to-extreme or extreme-to-total departure from soil and site stability reference conditions (SSS >= 4),
27. Estimated BLM range acres with SSS >= 4,12,BLM,2,3736507.00,1194416.00,0.32,2205801.00,5267213.00,SOIL AND SITE STABILITY HAD MODERATE-TO-EXTREME OR EXTREME-TO-TOTAL DEPARTURE FROM REFERENCE CONDITIONS (SSS >= 4),2020,Year,BLM rangeland acres (millions),acres,BLM rangeland acres (millions) with moderate-to-extreme or extreme-to-total departure from soil and site stability reference conditions (SSS >= 4),24,BLM rangeland acres (millions) with moderate-to-extreme or extreme-to-total departure from soil and site stability reference conditions (SSS >= 4),
27. Estimated BLM range acres with SSS >= 4,12,BLM,NA,3855894.00,1178634.00,0.31,2345413.00,5366374.00,SOIL AND SITE STABILITY HAD MODERATE-TO-EXTREME OR EXTREME-TO-TOTAL DEPARTURE FROM REFERENCE CONDITIONS (SSS >= 4),2020,Year,BLM rangeland acres (millions),acres,BLM rangeland acres (millions) with moderate-to-extreme or extreme-to-total departure from soil and site stability reference conditions (SSS >= 4),24,BLM rangeland acres (millions) with moderate-to-extreme or extreme-to-total departure from soil and site stability reference conditions (SSS >= 4),
28. Estimated % of BLM range acres with all 3 rangeland health attributes <= 2,14,BLM,NA,86.93,1.40,0.02,85.14,88.72,ALL 3 RANGELAND HEALTH ATTRIBUTES HAD NONE-TO-SLIGHT OR SLIGHT-TO-MODERATE DEPARTURE FROM REFERENCE CONDITIONS (<=2),2020,Year,Percent of rangeland acres on BLM-administered lands,percent,Proportion of BLM rangelands where all 3 rangeland health attributes had none-to-slight or slight-to-moderate departure from reference conditions (<= 2) (80% confidence interval) ,25,Proportion of BLM rangelands where all 3 rangeland health attributes had none-to-slight or slight-to-moderate departure from reference conditions (<= 2) (80% confidence interval) ,
28. Estimated % of BLM range acres with all 3 rangeland health attributes <= 2,14,BLM,1,93.45,1.28,0.01,91.81,95.09,ALL 3 RANGELAND HEALTH ATTRIBUTES HAD NONE-TO-SLIGHT OR SLIGHT-TO-MODERATE DEPARTURE FROM REFERENCE CONDITIONS (<=2),2020,Year,Percent of rangeland acres on BLM-administered lands,percent,Proportion of BLM rangelands where all 3 rangeland health attributes had none-to-slight or slight-to-moderate departure from reference conditions (<= 2) (80% confidence interval) ,25,Proportion of BLM rangelands where all 3 rangeland health attributes had none-to-slight or slight-to-moderate departure from reference conditions (<= 2) (80% confidence interval) ,
28. Estimated % of BLM range acres with all 3 rangeland health attributes <= 2,14,BLM,2,83.45,2.06,0.03,80.82,86.09,ALL 3 RANGELAND HEALTH ATTRIBUTES HAD NONE-TO-SLIGHT OR SLIGHT-TO-MODERATE DEPARTURE FROM REFERENCE CONDITIONS (<=2),2020,Year,Percent of rangeland acres on BLM-administered lands,percent,Proportion of BLM rangelands where all 3 rangeland health attributes had none-to-slight or slight-to-moderate departure from reference conditions (<= 2) (80% confidence interval) ,25,Proportion of BLM rangelands where all 3 rangeland health attributes had none-to-slight or slight-to-moderate departure from reference conditions (<= 2) (80% confidence interval) ,
3. Estimated BLM range acres with BI <= 2,1,BLM,1,50058654.00,709893.00,0.01,49148891.00,50968418.00,BIOTIC INTEGRITY HAD NONE-TO-SLIGHT OR SLIGHT-TO-MODERATE DEPARTURE FROM REFERENCE CONDITIONS (BI <= 2),2020,Year,BLM rangeland acres (millions),acres,BLM rangeland acres (millions) with none-to-slight or slight-to-moderate departure from biotic integrity reference conditions (BI <=2),2,BLM rangeland acres (millions) with none-to-slight or slight-to-moderate departure from biotic integrity reference conditions (BI <=2),
3. Estimated BLM range acres with BI <= 2,1,BLM,2,84752673.00,2304781.00,0.03,81798978.00,87706369.00,BIOTIC INTEGRITY HAD NONE-TO-SLIGHT OR SLIGHT-TO-MODERATE DEPARTURE FROM REFERENCE CONDITIONS (BI <= 2),2020,Year,BLM rangeland acres (millions),acres,BLM rangeland acres (millions) with none-to-slight or slight-to-moderate departure from biotic integrity reference conditions (BI <=2),2,BLM rangeland acres (millions) with none-to-slight or slight-to-moderate departure from biotic integrity reference conditions (BI <=2),
3. Estimated BLM range acres with BI <= 2,1,BLM,NA,134811328.00,2409271.00,0.02,131723723.00,137898933.00,BIOTIC INTEGRITY HAD NONE-TO-SLIGHT OR SLIGHT-TO-MODERATE DEPARTURE FROM REFERENCE CONDITIONS (BI <= 2),2020,Year,BLM rangeland acres (millions),acres,BLM rangeland acres (millions) with none-to-slight or slight-to-moderate departure from biotic integrity reference conditions (BI <=2),2,BLM rangeland acres (millions) with none-to-slight or slight-to-moderate departure from biotic integrity reference conditions (BI <=2),
30. Estimated BLM range acres with all 3 rangeland health attributes <= 2,14,BLM,NA,129499591.00,2507223.00,0.02,126286456.00,132712727.00,ALL 3 RANGELAND HEALTH ATTRIBUTES HAD NONE-TO-SLIGHT OR SLIGHT-TO-MODERATE DEPARTURE FROM REFERENCE CONDITIONS (<=2),2020,Year,BLM rangeland acres (millions),acres,BLM rangeland acres (millions) where all 3 rangeland health attributes had none-to-slight or slight-to-moderate departure from reference conditions (<= 2),26,BLM rangeland acres (millions) where all 3 rangeland health attributes had none-to-slight or slight-to-moderate departure from reference conditions (<= 2),
30. Estimated BLM range acres with all 3 rangeland health attributes <= 2,14,BLM,1,48388487.00,781642.00,0.02,47386772.00,49390202.00,ALL 3 RANGELAND HEALTH ATTRIBUTES HAD NONE-TO-SLIGHT OR SLIGHT-TO-MODERATE DEPARTURE FROM REFERENCE CONDITIONS (<=2),2020,Year,BLM rangeland acres (millions),acres,BLM rangeland acres (millions) where all 3 rangeland health attributes had none-to-slight or slight-to-moderate departure from reference conditions (<= 2),26,BLM rangeland acres (millions) where all 3 rangeland health attributes had none-to-slight or slight-to-moderate departure from reference conditions (<= 2),
30. Estimated BLM range acres with all 3 rangeland health attributes <= 2,14,BLM,2,81111104.00,2360092.00,0.03,78086525.00,84135683.00,ALL 3 RANGELAND HEALTH ATTRIBUTES HAD NONE-TO-SLIGHT OR SLIGHT-TO-MODERATE DEPARTURE FROM REFERENCE CONDITIONS (<=2),2020,Year,BLM rangeland acres (millions),acres,BLM rangeland acres (millions) where all 3 rangeland health attributes had none-to-slight or slight-to-moderate departure from reference conditions (<= 2),26,BLM rangeland acres (millions) where all 3 rangeland health attributes had none-to-slight or slight-to-moderate departure from reference conditions (<= 2),
31. Estimated % of BLM range acres with all 3 rangeland health attributes >= 4,15,BLM,NA,1.94,0.67,0.34,1.09,2.80,ALL 3 RANGELAND HEALTH ATTRIBUTES HAD MODERATE-TO-EXTREME OR EXTREME-TO-TOTAL DEPARTURE FROM REFERENCE CONDITIONS (>=4),2020,Year,Percent of rangeland acres on BLM-administered lands,percent,Proportion of BLM rangelands where all 3 rangeland health attributes had moderate-to-extreme or extreme-to-total departure from reference conditions (>= 4) (80% confidence interval) ,27,Proportion of BLM rangelands where all 3 rangeland health attributes had moderate-to-extreme or extreme-to-total departure from reference conditions (>= 4) (80% confidence interval) ,
31. Estimated % of BLM range acres with all 3 rangeland health attributes >= 4,15,BLM,1,0.00,0.00,0.00,0.00,0.00,ALL 3 RANGELAND HEALTH ATTRIBUTES HAD MODERATE-TO-EXTREME OR EXTREME-TO-TOTAL DEPARTURE FROM REFERENCE CONDITIONS (>=4),2020,Year,Percent of rangeland acres on BLM-administered lands,percent,Proportion of BLM rangelands where all 3 rangeland health attributes had moderate-to-extreme or extreme-to-total departure from reference conditions (>= 4) (80% confidence interval) ,27,Proportion of BLM rangelands where all 3 rangeland health attributes had moderate-to-extreme or extreme-to-total departure from reference conditions (>= 4) (80% confidence interval) ,
31. Estimated % of BLM range acres with all 3 rangeland health attributes >= 4,15,BLM,2,2.98,1.02,0.34,1.67,4.29,ALL 3 RANGELAND HEALTH ATTRIBUTES HAD MODERATE-TO-EXTREME OR EXTREME-TO-TOTAL DEPARTURE FROM REFERENCE CONDITIONS (>=4),2020,Year,Percent of rangeland acres on BLM-administered lands,percent,Proportion of BLM rangelands where all 3 rangeland health attributes had moderate-to-extreme or extreme-to-total departure from reference conditions (>= 4) (80% confidence interval) ,27,Proportion of BLM rangelands where all 3 rangeland health attributes had moderate-to-extreme or extreme-to-total departure from reference conditions (>= 4) (80% confidence interval) ,
33. Estimated BLM range acres with all 3 rangeland health attributes >= 4,15,BLM,NA,2897352.00,1000780.00,0.35,1614801.00,4179903.00,ALL 3 RANGELAND HEALTH ATTRIBUTES HAD MODERATE-TO-EXTREME OR EXTREME-TO-TOTAL DEPARTURE FROM REFERENCE CONDITIONS (>=4),2020,Year,BLM rangeland acres (millions),acres,BLM rangeland acres (millions) where all 3 rangeland health attributes had moderate-to-extreme or extreme-to-total departure from reference conditions (>= 4),28,BLM rangeland acres (millions) where all 3 rangeland health attributes had moderate-to-extreme or extreme-to-total departure from reference conditions (>= 4),
33. Estimated BLM range acres with all 3 rangeland health attributes >= 4,15,BLM,1,0.00,0.00,0.00,0.00,0.00,ALL 3 RANGELAND HEALTH ATTRIBUTES HAD MODERATE-TO-EXTREME OR EXTREME-TO-TOTAL DEPARTURE FROM REFERENCE CONDITIONS (>=4),2020,Year,BLM rangeland acres (millions),acres,BLM rangeland acres (millions) where all 3 rangeland health attributes had moderate-to-extreme or extreme-to-total departure from reference conditions (>= 4),28,BLM rangeland acres (millions) where all 3 rangeland health attributes had moderate-to-extreme or extreme-to-total departure from reference conditions (>= 4),
33. Estimated BLM range acres with all 3 rangeland health attributes >= 4,15,BLM,2,2897352.00,1000780.00,0.35,1614801.00,4179903.00,ALL 3 RANGELAND HEALTH ATTRIBUTES HAD MODERATE-TO-EXTREME OR EXTREME-TO-TOTAL DEPARTURE FROM REFERENCE CONDITIONS (>=4),2020,Year,BLM rangeland acres (millions),acres,BLM rangeland acres (millions) where all 3 rangeland health attributes had moderate-to-extreme or extreme-to-total departure from reference conditions (>= 4),28,BLM rangeland acres (millions) where all 3 rangeland health attributes had moderate-to-extreme or extreme-to-total departure from reference conditions (>= 4),
34. Estimated % of BLM range acres with at least 1 rangeland health attribute = 3,16,BLM,NA,10.63,1.36,0.13,8.88,12.38,AT LEAST 1 RANGELAND HEALTH ATTRIBUTE HAD MODERATE DEPARTURE FROM REFERENCE CONDITIONS (=3),2020,Year,Percent of rangeland acres on BLM-administered lands,percent,Proportion of BLM rangelands where at least 1 rangeland health attribute had moderate departure from reference conditions (= 3) (80% confidence interval) ,29,Proportion of BLM rangelands where at least 1 rangeland health attribute had moderate departure from reference conditions (= 3) (80% confidence interval) ,
34. Estimated % of BLM range acres with at least 1 rangeland health attribute = 3,16,BLM,1,6.12,1.24,0.20,4.53,7.70,AT LEAST 1 RANGELAND HEALTH ATTRIBUTE HAD MODERATE DEPARTURE FROM REFERENCE CONDITIONS (=3),2020,Year,Percent of rangeland acres on BLM-administered lands,percent,Proportion of BLM rangelands where at least 1 rangeland health attribute had moderate departure from reference conditions (= 3) (80% confidence interval) ,29,Proportion of BLM rangelands where at least 1 rangeland health attribute had moderate departure from reference conditions (= 3) (80% confidence interval) ,
34. Estimated % of BLM range acres with at least 1 rangeland health attribute = 3,16,BLM,2,13.03,2.03,0.16,10.43,15.64,AT LEAST 1 RANGELAND HEALTH ATTRIBUTE HAD MODERATE DEPARTURE FROM REFERENCE CONDITIONS (=3),2020,Year,Percent of rangeland acres on BLM-administered lands,percent,Proportion of BLM rangelands where at least 1 rangeland health attribute had moderate departure from reference conditions (= 3) (80% confidence interval) ,29,Proportion of BLM rangelands where at least 1 rangeland health attribute had moderate departure from reference conditions (= 3) (80% confidence interval) ,
36. Estimated BLM range acres with at least 1 rangeland health attribute = 3,16,BLM,NA,15835704.00,2060297.00,0.13,13195327.00,18476082.00,AT LEAST 1 RANGELAND HEALTH ATTRIBUTE HAD MODERATE DEPARTURE FROM REFERENCE CONDITIONS (=3),2020,Year,BLM rangeland acres (millions),acres,BLM rangeland acres (millions) where at least 1 rangeland health attribute had moderate departure from reference conditions (= 3),30,BLM rangeland acres (millions) where at least 1 rangeland health attribute had moderate departure from reference conditions (= 3),
36. Estimated BLM range acres with at least 1 rangeland health attribute = 3,16,BLM,1,3168113.00,652712.00,0.21,2331629.00,4004597.00,AT LEAST 1 RANGELAND HEALTH ATTRIBUTE HAD MODERATE DEPARTURE FROM REFERENCE CONDITIONS (=3),2020,Year,BLM rangeland acres (millions),acres,BLM rangeland acres (millions) where at least 1 rangeland health attribute had moderate departure from reference conditions (= 3),30,BLM rangeland acres (millions) where at least 1 rangeland health attribute had moderate departure from reference conditions (= 3),
36. Estimated BLM range acres with at least 1 rangeland health attribute = 3,16,BLM,2,12667591.00,2016235.00,0.16,10083681.00,15251500.00,AT LEAST 1 RANGELAND HEALTH ATTRIBUTE HAD MODERATE DEPARTURE FROM REFERENCE CONDITIONS (=3),2020,Year,BLM rangeland acres (millions),acres,BLM rangeland acres (millions) where at least 1 rangeland health attribute had moderate departure from reference conditions (= 3),30,BLM rangeland acres (millions) where at least 1 rangeland health attribute had moderate departure from reference conditions (= 3),
37. Estimated % of BLM range acres that meet this condition,17,BLM,NA,66.75,1.96,0.03,64.24,69.26,NON-NATIVE INVASIVE SPECIES ARE PRESENT,2020,Year,Percent of rangeland acres on BLM-administered lands,percent,Proportion of BLM rangelands with non-native invasive species present (80% confidence interval) ,31,Proportion of BLM rangelands with non-native invasive species present (80% confidence interval) ,
37. Estimated % of BLM range acres that meet this condition,17,BLM,1,66.93,1.88,0.03,64.51,69.34,NON-NATIVE INVASIVE SPECIES ARE PRESENT,2020,Year,Percent of rangeland acres on BLM-administered lands,percent,Proportion of BLM rangelands with non-native invasive species present (80% confidence interval) ,31,Proportion of BLM rangelands with non-native invasive species present (80% confidence interval) ,
37. Estimated % of BLM range acres that meet this condition,17,BLM,2,66.66,3.03,0.05,62.78,70.54,NON-NATIVE INVASIVE SPECIES ARE PRESENT,2020,Year,Percent of rangeland acres on BLM-administered lands,percent,Proportion of BLM rangelands with non-native invasive species present (80% confidence interval) ,31,Proportion of BLM rangelands with non-native invasive species present (80% confidence interval) ,
39. Estimated BLM range acres that meet this condition,17,BLM,NA,103036583.00,2875296.00,0.03,99351743.00,106721423.00,NON-NATIVE INVASIVE SPECIES ARE PRESENT,2020,Year,BLM rangeland acres (millions),acres,BLM rangeland acres (millions) with non-native invasive species present,32,BLM rangeland acres (millions) with non-native invasive species present,
39. Estimated BLM range acres that meet this condition,17,BLM,1,35143546.00,1131473.00,0.03,33693504.00,36593587.00,NON-NATIVE INVASIVE SPECIES ARE PRESENT,2020,Year,BLM rangeland acres (millions),acres,BLM rangeland acres (millions) with non-native invasive species present,32,BLM rangeland acres (millions) with non-native invasive species present,
39. Estimated BLM range acres that meet this condition,17,BLM,2,67893037.00,3077024.00,0.05,63949672.00,71836402.00,NON-NATIVE INVASIVE SPECIES ARE PRESENT,2020,Year,BLM rangeland acres (millions),acres,BLM rangeland acres (millions) with non-native invasive species present,32,BLM rangeland acres (millions) with non-native invasive species present,
4. Estimated % of BLM range acres with BI = 3,2,BLM,1,3.12,0.74,0.24,2.17,4.08,BIOTIC INTEGRITY HAD MODERATE DEPARTURE FROM REFERENCE CONDITIONS (BI = 3),2020,Year,Percent of rangeland acres on BLM-administered lands ,percent,Proportion of BLM rangelands with moderate departure from biotic integrity reference conditions (BI = 3) (80% confidence interval) ,3,Proportion of BLM rangelands with moderate departure from biotic integrity reference conditions (BI = 3) (80% confidence interval) ,
4. Estimated % of BLM range acres with BI = 3,2,BLM,2,8.21,1.72,0.21,6.01,10.42,BIOTIC INTEGRITY HAD MODERATE DEPARTURE FROM REFERENCE CONDITIONS (BI = 3),2020,Year,Percent of rangeland acres on BLM-administered lands ,percent,Proportion of BLM rangelands with moderate departure from biotic integrity reference conditions (BI = 3) (80% confidence interval) ,3,Proportion of BLM rangelands with moderate departure from biotic integrity reference conditions (BI = 3) (80% confidence interval) ,
4. Estimated % of BLM range acres with BI = 3,2,BLM,NA,6.44,1.14,0.18,4.98,7.91,BIOTIC INTEGRITY HAD MODERATE DEPARTURE FROM REFERENCE CONDITIONS (BI = 3),2020,Year,Percent of rangeland acres on BLM-administered lands ,percent,Proportion of BLM rangelands with moderate departure from biotic integrity reference conditions (BI = 3) (80% confidence interval) ,3,Proportion of BLM rangelands with moderate departure from biotic integrity reference conditions (BI = 3) (80% confidence interval) ,
40. Estimated % of BLM range acres that meet this condition,18,BLM,NA,23.04,2.46,0.11,19.88,26.19,25% OR GREATER OF FOLIAGE COMPOSED OF NON-NATIVE INVASIVE SPECIES,2020,Year,Percent of rangeland acres on BLM-administered lands,percent,Proportion of BLM rangelands where non-native invasive species are abundant (>= 25%) (80% confidence interval) ,33,Proportion of BLM rangelands where >= 25% of foliar cover is comprised of non-native invasive species (80% confidence interval) ,
40. Estimated % of BLM range acres that meet this condition,18,BLM,1,16.54,2.04,0.12,13.93,19.16,25% OR GREATER OF FOLIAGE COMPOSED OF NON-NATIVE INVASIVE SPECIES,2020,Year,Percent of rangeland acres on BLM-administered lands,percent,Proportion of BLM rangelands where non-native invasive species are abundant (>= 25%) (80% confidence interval) ,33,Proportion of BLM rangelands where >= 25% of foliar cover is comprised of non-native invasive species (80% confidence interval) ,
40. Estimated % of BLM range acres that meet this condition,18,BLM,2,26.39,3.19,0.12,22.30,30.48,25% OR GREATER OF FOLIAGE COMPOSED OF NON-NATIVE INVASIVE SPECIES,2020,Year,Percent of rangeland acres on BLM-administered lands,percent,Proportion of BLM rangelands where non-native invasive species are abundant (>= 25%) (80% confidence interval) ,33,Proportion of BLM rangelands where >= 25% of foliar cover is comprised of non-native invasive species (80% confidence interval) ,
42. Estimated BLM range acres that meet this condition,18,BLM,NA,35561757.00,3782879.00,0.11,30713802.00,40409712.00,25% OR GREATER OF FOLIAGE COMPOSED OF NON-NATIVE INVASIVE SPECIES,2020,Year,BLM rangeland acres (millions),acres,BLM rangeland acres (millions) where non-native invasive species are abundant (>= 25%),34,BLM rangeland acres (millions) where non-native invasive species are abundant (>= 25%),
42. Estimated BLM range acres that meet this condition,18,BLM,1,8686316.00,1099820.00,0.13,7276840.00,10095793.00,25% OR GREATER OF FOLIAGE COMPOSED OF NON-NATIVE INVASIVE SPECIES,2020,Year,BLM rangeland acres (millions),acres,BLM rangeland acres (millions) where non-native invasive species are abundant (>= 25%),34,BLM rangeland acres (millions) where non-native invasive species are abundant (>= 25%),
42. Estimated BLM range acres that meet this condition,18,BLM,2,26875441.00,3227158.00,0.12,22739671.00,31011210.00,25% OR GREATER OF FOLIAGE COMPOSED OF NON-NATIVE INVASIVE SPECIES,2020,Year,BLM rangeland acres (millions),acres,BLM rangeland acres (millions) where non-native invasive species are abundant (>= 25%),34,BLM rangeland acres (millions) where non-native invasive species are abundant (>= 25%),
43. Estimated % of BLM range acres that meet this condition,19,BLM,NA,30.18,2.13,0.07,27.45,32.92,AT LEAST 20% OF THE LAND HAS INTERCANOPY GAPS OF AT LEAST 2 M,2020,Year,Percent of rangeland acres on BLM-administered lands,percent,Proportion of BLM rangelands with at least 20% of land having intercanopy gaps of at least 2 meters (80% confidence interval) ,35,Proportion of BLM rangelands with at least 20% of land having intercanopy gaps of at least 2 meters (80% confidence interval) ,
43. Estimated % of BLM range acres that meet this condition,19,BLM,1,13.33,1.28,0.10,11.69,14.96,AT LEAST 20% OF THE LAND HAS INTERCANOPY GAPS OF AT LEAST 2 M,2020,Year,Percent of rangeland acres on BLM-administered lands,percent,Proportion of BLM rangelands with at least 20% of land having intercanopy gaps of at least 2 meters (80% confidence interval) ,35,Proportion of BLM rangelands with at least 20% of land having intercanopy gaps of at least 2 meters (80% confidence interval) ,
43. Estimated % of BLM range acres that meet this condition,19,BLM,2,38.87,2.93,0.08,35.12,42.62,AT LEAST 20% OF THE LAND HAS INTERCANOPY GAPS OF AT LEAST 2 M,2020,Year,Percent of rangeland acres on BLM-administered lands,percent,Proportion of BLM rangelands with at least 20% of land having intercanopy gaps of at least 2 meters (80% confidence interval) ,35,Proportion of BLM rangelands with at least 20% of land having intercanopy gaps of at least 2 meters (80% confidence interval) ,
45. Estimated BLM range acres that meet this condition,19,BLM,NA,46586882.00,3347511.00,0.07,42296875.00,50876890.00,AT LEAST 20% OF THE LAND HAS INTERCANOPY GAPS OF AT LEAST 2 M,2020,Year,BLM rangeland acres (millions),acres,BLM rangeland acres (millions) with at least 20% of land having intercanopy gaps of at least 2 meters in length ,36,BLM rangeland acres (millions) with at least 20% of land having intercanopy gaps of at least 2 meters in length ,
45. Estimated BLM range acres that meet this condition,19,BLM,1,6997616.00,664770.00,0.10,6145680.00,7849553.00,AT LEAST 20% OF THE LAND HAS INTERCANOPY GAPS OF AT LEAST 2 M,2020,Year,BLM rangeland acres (millions),acres,BLM rangeland acres (millions) with at least 20% of land having intercanopy gaps of at least 2 meters in length ,36,BLM rangeland acres (millions) with at least 20% of land having intercanopy gaps of at least 2 meters in length ,
45. Estimated BLM range acres that meet this condition,19,BLM,2,39589266.00,3009131.00,0.08,35732909.00,43445623.00,AT LEAST 20% OF THE LAND HAS INTERCANOPY GAPS OF AT LEAST 2 M,2020,Year,BLM rangeland acres (millions),acres,BLM rangeland acres (millions) with at least 20% of land having intercanopy gaps of at least 2 meters in length ,36,BLM rangeland acres (millions) with at least 20% of land having intercanopy gaps of at least 2 meters in length ,
46. Estimated % of BLM range acres that meet this condition,20,BLM,NA,14.12,2.16,0.15,11.35,16.89,AT LEAST 20% OF THE LAND HAS INTERCANOPY GAPS OF AT LEAST 2 M AND THE GAPS ARE AT LEAST 50% BARE GROUND,2020,Year,Percent of rangeland acres on BLM-administered lands ,percent,Proportion of BLM rangelands with at least 20% of land having intercanopy gaps of at least 2 meters and gaps are at least 50% bare ground (80% confidence interval) ,37,Proportion of BLM rangelands where at least 20% of land has intercanopy gaps of at least 2 meters and at least 50% bare ground (80% confidence interval),
46. Estimated % of BLM range acres that meet this condition,20,BLM,1,8.22,1.24,0.15,6.64,9.81,AT LEAST 20% OF THE LAND HAS INTERCANOPY GAPS OF AT LEAST 2 M AND THE GAPS ARE AT LEAST 50% BARE GROUND,2020,Year,Percent of rangeland acres on BLM-administered lands ,percent,Proportion of BLM rangelands with at least 20% of land having intercanopy gaps of at least 2 meters and gaps are at least 50% bare ground (80% confidence interval) ,37,Proportion of BLM rangelands where at least 20% of land has intercanopy gaps of at least 2 meters and at least 50% bare ground (80% confidence interval),
46. Estimated % of BLM range acres that meet this condition,20,BLM,2,17.16,3.05,0.18,13.25,21.07,AT LEAST 20% OF THE LAND HAS INTERCANOPY GAPS OF AT LEAST 2 M AND THE GAPS ARE AT LEAST 50% BARE GROUND,2020,Year,Percent of rangeland acres on BLM-administered lands ,percent,Proportion of BLM rangelands with at least 20% of land having intercanopy gaps of at least 2 meters and gaps are at least 50% bare ground (80% confidence interval) ,37,Proportion of BLM rangelands where at least 20% of land has intercanopy gaps of at least 2 meters and at least 50% bare ground (80% confidence interval),
48. Estimated BLM range acres that meet this condition,20,BLM,NA,21795792.00,3351055.00,0.15,17501242.00,26090341.00,AT LEAST 20% OF THE LAND HAS INTERCANOPY GAPS OF AT LEAST 2 M AND THE GAPS ARE AT LEAST 50% BARE GROUND,2020,Year,BLM rangeland acres (millions),acres,BLM rangeland acres (millions) with at least 20% of land having intercanopy gaps of at least 2 meters and gaps are at least 50% bare ground,38,BLM rangeland acres (millions) where at least 20% of land has intercanopy gaps of at least 2 meters and at least 50% bare ground,
48. Estimated BLM range acres that meet this condition,20,BLM,1,4318542.00,644034.00,0.15,3493179.00,5143904.00,AT LEAST 20% OF THE LAND HAS INTERCANOPY GAPS OF AT LEAST 2 M AND THE GAPS ARE AT LEAST 50% BARE GROUND,2020,Year,BLM rangeland acres (millions),acres,BLM rangeland acres (millions) with at least 20% of land having intercanopy gaps of at least 2 meters and gaps are at least 50% bare ground,38,BLM rangeland acres (millions) where at least 20% of land has intercanopy gaps of at least 2 meters and at least 50% bare ground,
48. Estimated BLM range acres that meet this condition,20,BLM,2,17477250.00,3116344.00,0.18,13483495.00,21471005.00,AT LEAST 20% OF THE LAND HAS INTERCANOPY GAPS OF AT LEAST 2 M AND THE GAPS ARE AT LEAST 50% BARE GROUND,2020,Year,BLM rangeland acres (millions),acres,BLM rangeland acres (millions) with at least 20% of land having intercanopy gaps of at least 2 meters and gaps are at least 50% bare ground,38,BLM rangeland acres (millions) where at least 20% of land has intercanopy gaps of at least 2 meters and at least 50% bare ground,
49. Percent of Bare Ground on BLM range,21,BLM,NA,25.55,0.97,0.04,24.31,26.78, PERCENT OF BARE GROUND ON BLM RANGE,2020,Year,Percent cover of bare ground on BLM range,percent,Average amount of bare ground on BLM rangelands (80% confidence interval) ,39,Percent cover of bare ground on BLM rangelands (80% confidence interval) ,
49. Percent of Bare Ground on BLM range,21,BLM,1,23.25,1.09,0.05,21.85,24.64, PERCENT OF BARE GROUND ON BLM RANGE,2020,Year,Percent cover of bare ground on BLM range,percent,Average amount of bare ground on BLM rangelands (80% confidence interval) ,39,Percent cover of bare ground on BLM rangelands (80% confidence interval) ,
49. Percent of Bare Ground on BLM range,21,BLM,2,26.73,1.31,0.05,25.05,28.41, PERCENT OF BARE GROUND ON BLM RANGE,2020,Year,Percent cover of bare ground on BLM range,percent,Average amount of bare ground on BLM rangelands (80% confidence interval) ,39,Percent cover of bare ground on BLM rangelands (80% confidence interval) ,
50. Estimated % of BLM range acres that meet this condition,22,BLM,NA,50.94,2.55,0.05,47.67,54.21,AT LEAST 20% OF THE LAND IS BARE GROUND,2020,Year,Percent of rangeland acres on BLM-administered lands,percent,Proportion of BLM rangelands with at least 20% bare ground (80% confidence interval) ,40,Proportion of BLM rangelands with at least 20% bare ground (80% confidence interval) ,
50. Estimated % of BLM range acres that meet this condition,22,BLM,1,50.22,3.16,0.06,46.17,54.26,AT LEAST 20% OF THE LAND IS BARE GROUND,2020,Year,Percent of rangeland acres on BLM-administered lands,percent,Proportion of BLM rangelands with at least 20% bare ground (80% confidence interval) ,40,Proportion of BLM rangelands with at least 20% bare ground (80% confidence interval) ,
50. Estimated % of BLM range acres that meet this condition,22,BLM,2,51.32,3.42,0.07,46.93,55.70,AT LEAST 20% OF THE LAND IS BARE GROUND,2020,Year,Percent of rangeland acres on BLM-administered lands,percent,Proportion of BLM rangelands with at least 20% bare ground (80% confidence interval) ,40,Proportion of BLM rangelands with at least 20% bare ground (80% confidence interval) ,
52. Estimated BLM range acres that meet this condition,22,BLM,NA,78633720.00,4066253.00,0.05,73422608.00,83844833.00,AT LEAST 20% OF THE LAND IS BARE GROUND,2020,Year,BLM rangeland acres (millions),acres,BLM rangeland acres (millions) with at least 20% bare ground,41,BLM rangeland acres (millions) with at least 20% bare ground,
52. Estimated BLM range acres that meet this condition,22,BLM,1,26368736.00,1710362.00,0.07,24176819.00,28560653.00,AT LEAST 20% OF THE LAND IS BARE GROUND,2020,Year,BLM rangeland acres (millions),acres,BLM rangeland acres (millions) with at least 20% bare ground,41,BLM rangeland acres (millions) with at least 20% bare ground,
52. Estimated BLM range acres that meet this condition,22,BLM,2,52264984.00,3643165.00,0.07,47596080.00,56933888.00,AT LEAST 20% OF THE LAND IS BARE GROUND,2020,Year,BLM rangeland acres (millions),acres,BLM rangeland acres (millions) with at least 20% bare ground,41,BLM rangeland acres (millions) with at least 20% bare ground,
53. Estimated % of BLM range acres that meet this condition,23,BLM,NA,34.42,2.69,0.08,30.97,37.87,AT LEAST 30% OF THE LAND IS BARE GROUND,2020,Year,Percent of rangeland acres on BLM-administered lands,percent,Proportion of BLM rangelands with at least 30% bare ground (80% confidence interval) ,42,Proportion of BLM rangelands with at least 30% bare ground (80% confidence interval) ,
53. Estimated % of BLM range acres that meet this condition,23,BLM,1,32.08,2.88,0.09,28.39,35.77,AT LEAST 30% OF THE LAND IS BARE GROUND,2020,Year,Percent of rangeland acres on BLM-administered lands,percent,Proportion of BLM rangelands with at least 30% bare ground (80% confidence interval) ,42,Proportion of BLM rangelands with at least 30% bare ground (80% confidence interval) ,
53. Estimated % of BLM range acres that meet this condition,23,BLM,2,35.63,3.61,0.10,31.00,40.26,AT LEAST 30% OF THE LAND IS BARE GROUND,2020,Year,Percent of rangeland acres on BLM-administered lands,percent,Proportion of BLM rangelands with at least 30% bare ground (80% confidence interval) ,42,Proportion of BLM rangelands with at least 30% bare ground (80% confidence interval) ,
55. Estimated BLM range acres that meet this condition,23,BLM,NA,53132526.00,4171955.00,0.08,47785950.00,58479101.00,AT LEAST 30% OF THE LAND IS BARE GROUND,2020,Year,BLM rangeland acres (millions),acres,BLM rangeland acres (millions) with at least 30% bare ground,43,BLM rangeland acres (millions) with at least 30% bare ground,
55. Estimated BLM range acres that meet this condition,23,BLM,1,16844594.00,1540376.00,0.09,14870523.00,18818664.00,AT LEAST 30% OF THE LAND IS BARE GROUND,2020,Year,BLM rangeland acres (millions),acres,BLM rangeland acres (millions) with at least 30% bare ground,43,BLM rangeland acres (millions) with at least 30% bare ground,
55. Estimated BLM range acres that meet this condition,23,BLM,2,36287932.00,3707429.00,0.10,31536671.00,41039194.00,AT LEAST 30% OF THE LAND IS BARE GROUND,2020,Year,BLM rangeland acres (millions),acres,BLM rangeland acres (millions) with at least 30% bare ground,43,BLM rangeland acres (millions) with at least 30% bare ground,
56. Estimated % of BLM range acres that meet this condition,24,BLM,NA,22.19,1.98,0.09,19.65,24.72,AT LEAST 40% OF THE LAND IS BARE GROUND,2020,Year,Percent of rangeland acres on BLM-administered lands,percent,Proportion of BLM rangelands with at least 40% bare ground (80% confidence interval) ,44,Proportion of BLM rangelands with at least 40% bare ground (80% confidence interval) ,
56. Estimated % of BLM range acres that meet this condition,24,BLM,1,16.19,2.06,0.13,13.55,18.82,AT LEAST 40% OF THE LAND IS BARE GROUND,2020,Year,Percent of rangeland acres on BLM-administered lands,percent,Proportion of BLM rangelands with at least 40% bare ground (80% confidence interval) ,44,Proportion of BLM rangelands with at least 40% bare ground (80% confidence interval) ,
56. Estimated % of BLM range acres that meet this condition,24,BLM,2,25.28,2.70,0.11,21.82,28.73,AT LEAST 40% OF THE LAND IS BARE GROUND,2020,Year,Percent of rangeland acres on BLM-administered lands,percent,Proportion of BLM rangelands with at least 40% bare ground (80% confidence interval) ,44,Proportion of BLM rangelands with at least 40% bare ground (80% confidence interval) ,
58. Estimated BLM range acres that meet this condition,24,BLM,NA,34246250.00,3050012.00,0.09,30337502.00,38154999.00,AT LEAST 40% OF THE LAND IS BARE GROUND,2020,Year,BLM rangeland acres (millions),acres,BLM rangeland acres (millions) with at least 40% bare ground,45,BLM rangeland acres (millions) with at least 40% bare ground,
58. Estimated BLM range acres that meet this condition,24,BLM,1,8500785.00,1090642.00,0.13,7103070.00,9898499.00,AT LEAST 40% OF THE LAND IS BARE GROUND,2020,Year,BLM rangeland acres (millions),acres,BLM rangeland acres (millions) with at least 40% bare ground,45,BLM rangeland acres (millions) with at least 40% bare ground,
58. Estimated BLM range acres that meet this condition,24,BLM,2,25745466.00,2751698.00,0.11,22219024.00,29271908.00,AT LEAST 40% OF THE LAND IS BARE GROUND,2020,Year,BLM rangeland acres (millions),acres,BLM rangeland acres (millions) with at least 40% bare ground,45,BLM rangeland acres (millions) with at least 40% bare ground,
59. Estimated % of BLM range acres that meet this condition,25,BLM,NA,15.24,1.80,0.12,12.93,17.55,AT LEAST 50% OF THE LAND IS BARE GROUND,2020,Year,Percent of rangeland acres on BLM-administered lands ,percent,Proportion of BLM rangelands with at least 50% bare ground (80% confidence interval) ,46,Proportion of BLM rangelands with at least 50% bare ground (80% confidence interval) ,
59. Estimated % of BLM range acres that meet this condition,25,BLM,1,7.82,1.25,0.16,6.22,9.42,AT LEAST 50% OF THE LAND IS BARE GROUND,2020,Year,Percent of rangeland acres on BLM-administered lands ,percent,Proportion of BLM rangelands with at least 50% bare ground (80% confidence interval) ,46,Proportion of BLM rangelands with at least 50% bare ground (80% confidence interval) ,
59. Estimated % of BLM range acres that meet this condition,25,BLM,2,19.06,2.65,0.14,15.67,22.46,AT LEAST 50% OF THE LAND IS BARE GROUND,2020,Year,Percent of rangeland acres on BLM-administered lands ,percent,Proportion of BLM rangelands with at least 50% bare ground (80% confidence interval) ,46,Proportion of BLM rangelands with at least 50% bare ground (80% confidence interval) ,
6. Estimated BLM range acres with BI = 3,2,BLM,NA,9598175.00,1711228.00,0.18,7405148.00,11791202.00,BIOTIC INTEGRITY HAD MODERATE DEPARTURE FROM REFERENCE CONDITIONS (BI = 3),2020,Year,BLM rangeland acres (millions),acres,BLM rangeland acres (millions) with moderate departure from biotic integrity reference conditions (BI = 3) ,4,BLM rangeland acres (millions) with moderate departure from biotic integrity reference conditions (BI = 3) ,
6. Estimated BLM range acres with BI = 3,2,BLM,2,7980842.00,1695487.00,0.21,5807988.00,10153697.00,BIOTIC INTEGRITY HAD MODERATE DEPARTURE FROM REFERENCE CONDITIONS (BI = 3),2020,Year,BLM rangeland acres (millions),acres,BLM rangeland acres (millions) with moderate departure from biotic integrity reference conditions (BI = 3) ,4,BLM rangeland acres (millions) with moderate departure from biotic integrity reference conditions (BI = 3) ,
6. Estimated BLM range acres with BI = 3,2,BLM,1,1617333.00,388195.00,0.24,1119841.00,2114825.00,BIOTIC INTEGRITY HAD MODERATE DEPARTURE FROM REFERENCE CONDITIONS (BI = 3),2020,Year,BLM rangeland acres (millions),acres,BLM rangeland acres (millions) with moderate departure from biotic integrity reference conditions (BI = 3) ,4,BLM rangeland acres (millions) with moderate departure from biotic integrity reference conditions (BI = 3) ,
61. Estimated BLM range acres that meet this condition,25,BLM,NA,23521117.00,2785649.00,0.12,19951165.00,27091070.00,AT LEAST 50% OF THE LAND IS BARE GROUND,2020,Year,BLM rangeland acres (millions),acres,BLM rangeland acres (millions) with at least 50% bare ground,47,BLM rangeland acres (millions) with at least 50% bare ground,
61. Estimated BLM range acres that meet this condition,25,BLM,1,4104522.00,655865.00,0.16,3263998.00,4945047.00,AT LEAST 50% OF THE LAND IS BARE GROUND,2020,Year,BLM rangeland acres (millions),acres,BLM rangeland acres (millions) with at least 50% bare ground,47,BLM rangeland acres (millions) with at least 50% bare ground,
61. Estimated BLM range acres that meet this condition,25,BLM,2,19416595.00,2712551.00,0.14,15940321.00,22892869.00,AT LEAST 50% OF THE LAND IS BARE GROUND,2020,Year,BLM rangeland acres (millions),acres,BLM rangeland acres (millions) with at least 50% bare ground,47,BLM rangeland acres (millions) with at least 50% bare ground,
63. Estimated % of BLM range acres that meet this condition,24,BLM,NA,56.67,2.47,0.04,53.51,59.83, ESTIMATED % OF BLM RANGE ACRES THAT MEET THIS CONDITION,2020,Year,Percent of rangeland acres on BLM-administered lands,percent,Proportion of BLM rangelands where soil aggregate stability is ranked 4 or less (80% confidence interval),48,Proportion of BLM rangelands where soil aggregate stability is ranked 4 or less (80% confidence interval),
63. Estimated % of BLM range acres that meet this condition,24,BLM,1,54.65,2.05,0.04,52.02,57.28, ESTIMATED % OF BLM RANGE ACRES THAT MEET THIS CONDITION,2020,Year,Percent of rangeland acres on BLM-administered lands,percent,Proportion of BLM rangelands where soil aggregate stability is ranked 4 or less (80% confidence interval),48,Proportion of BLM rangelands where soil aggregate stability is ranked 4 or less (80% confidence interval),
63. Estimated % of BLM range acres that meet this condition,24,BLM,2,57.72,3.36,0.06,53.41,62.02, ESTIMATED % OF BLM RANGE ACRES THAT MEET THIS CONDITION,2020,Year,Percent of rangeland acres on BLM-administered lands,percent,Proportion of BLM rangelands where soil aggregate stability is ranked 4 or less (80% confidence interval),48,Proportion of BLM rangelands where soil aggregate stability is ranked 4 or less (80% confidence interval),
65. Estimated BLM range acres that meet this condition,24,BLM,NA,87480071.00,4030973.00,0.05,82314171.00,92645970.00, ESTIMATED BLM RANGE ACRES THAT MEET THIS CONDITION,2020,Year,BLM rangeland acres (millions),acres,BLM rangeland acres (millions) where soil aggregate stability is ranked 4 or less,49,BLM rangeland acres (millions) where soil aggregate stability is ranked 4 or less,
65. Estimated BLM range acres that meet this condition,24,BLM,1,28697297.00,1177234.00,0.04,27188611.00,30205984.00, ESTIMATED BLM RANGE ACRES THAT MEET THIS CONDITION,2020,Year,BLM rangeland acres (millions),acres,BLM rangeland acres (millions) where soil aggregate stability is ranked 4 or less,49,BLM rangeland acres (millions) where soil aggregate stability is ranked 4 or less,
65. Estimated BLM range acres that meet this condition,24,BLM,2,58782774.00,3504684.00,0.06,54291340.00,63274207.00, ESTIMATED BLM RANGE ACRES THAT MEET THIS CONDITION,2020,Year,BLM rangeland acres (millions),acres,BLM rangeland acres (millions) where soil aggregate stability is ranked 4 or less,49,BLM rangeland acres (millions) where soil aggregate stability is ranked 4 or less,
66. Percent Foliar Cover of Sagebrush on BLM range,25,BLM,NA,7.31,0.43,0.06,6.76,7.87, PERCENT FOLIAR COVER OF SAGEBRUSH ON BLM RANGE,2020,Year,Percent cover on BLM-administered lands,percent,Average foliar cover of sagebrush on BLM rangelands (80% confidence interval) ,50,Percent cover of sagebrush on BLM rangelands (80% confidence interval) ,
66. Percent Foliar Cover of Sagebrush on BLM range,25,BLM,1,12.15,0.60,0.05,11.38,12.92, PERCENT FOLIAR COVER OF SAGEBRUSH ON BLM RANGE,2020,Year,Percent cover on BLM-administered lands,percent,Average foliar cover of sagebrush on BLM rangelands (80% confidence interval) ,50,Percent cover of sagebrush on BLM rangelands (80% confidence interval) ,
66. Percent Foliar Cover of Sagebrush on BLM range,25,BLM,2,4.82,0.56,0.12,4.11,5.54, PERCENT FOLIAR COVER OF SAGEBRUSH ON BLM RANGE,2020,Year,Percent cover on BLM-administered lands,percent,Average foliar cover of sagebrush on BLM rangelands (80% confidence interval) ,50,Percent cover of sagebrush on BLM rangelands (80% confidence interval) ,
67. Mean Sagebrush Species Height in Inches on BLM range,26,BLM,NA,14.38,0.33,0.02,13.96,14.80, MEAN SAGEBRUSH SPECIES HEIGHT IN INCHES ON BLM RANGE,2020,Year,Inches,inches,Mean sagebrush species height in inches on BLM rangelands (80% confidence interval),51,Mean sagebrush species height in inches on BLM rangelands (80% confidence interval),
67. Mean Sagebrush Species Height in Inches on BLM range,26,BLM,1,14.39,0.33,0.02,13.96,14.82, MEAN SAGEBRUSH SPECIES HEIGHT IN INCHES ON BLM RANGE,2020,Year,Inches,inches,Mean sagebrush species height in inches on BLM rangelands (80% confidence interval),51,Mean sagebrush species height in inches on BLM rangelands (80% confidence interval),
67. Mean Sagebrush Species Height in Inches on BLM range,26,BLM,2,14.37,0.62,0.04,13.57,15.17, MEAN SAGEBRUSH SPECIES HEIGHT IN INCHES ON BLM RANGE,2020,Year,Inches,inches,Mean sagebrush species height in inches on BLM rangelands (80% confidence interval),51,Mean sagebrush species height in inches on BLM rangelands (80% confidence interval),
68. Percent Columnar Shaped Sagebrush on BLM range,27,BLM,NA,9.45,1.13,0.12,8.00,10.90, PERCENT COLUMNAR SHAPED SAGEBRUSH ON BLM RANGE,2020,Year,Percent of sagebrush on BLM-administered lands,percent,Proportion of sagebrush that is columnar shaped on BLM rangelands (80% confidence interval),52,Proportion of sagebrush that is columnar shaped on BLM rangelands (80% confidence interval),
68. Percent Columnar Shaped Sagebrush on BLM range,27,BLM,1,7.75,1.01,0.13,6.45,9.04, PERCENT COLUMNAR SHAPED SAGEBRUSH ON BLM RANGE,2020,Year,Percent of sagebrush on BLM-administered lands,percent,Proportion of sagebrush that is columnar shaped on BLM rangelands (80% confidence interval),52,Proportion of sagebrush that is columnar shaped on BLM rangelands (80% confidence interval),
68. Percent Columnar Shaped Sagebrush on BLM range,27,BLM,2,11.16,1.96,0.18,8.65,13.67, PERCENT COLUMNAR SHAPED SAGEBRUSH ON BLM RANGE,2020,Year,Percent of sagebrush on BLM-administered lands,percent,Proportion of sagebrush that is columnar shaped on BLM rangelands (80% confidence interval),52,Proportion of sagebrush that is columnar shaped on BLM rangelands (80% confidence interval),
69. Percent Spreading Shaped Sagebrush on BLM range,28,BLM,NA,90.55,1.13,0.01,89.10,92.00, PERCENT SPREADING SHAPED SAGEBRUSH ON BLM RANGE,2020,Year,Percent of sagebrush on BLM-administered lands,percent,Proportion of sagebrush that is spreading shaped on BLM rangelands (80% confidence interval),53,Proportion of sagebrush that is spreading shaped on BLM rangelands (80% confidence interval),
69. Percent Spreading Shaped Sagebrush on BLM range,28,BLM,1,92.25,1.01,0.01,90.96,93.55, PERCENT SPREADING SHAPED SAGEBRUSH ON BLM RANGE,2020,Year,Percent of sagebrush on BLM-administered lands,percent,Proportion of sagebrush that is spreading shaped on BLM rangelands (80% confidence interval),53,Proportion of sagebrush that is spreading shaped on BLM rangelands (80% confidence interval),
69. Percent Spreading Shaped Sagebrush on BLM range,28,BLM,2,88.84,1.96,0.02,86.33,91.35, PERCENT SPREADING SHAPED SAGEBRUSH ON BLM RANGE,2020,Year,Percent of sagebrush on BLM-administered lands,percent,Proportion of sagebrush that is spreading shaped on BLM rangelands (80% confidence interval),53,Proportion of sagebrush that is spreading shaped on BLM rangelands (80% confidence interval),
7. Estimated % of BLM range acres with BI >= 4,4,BLM,NA,3.06,0.95,0.31,1.85,4.28,BIOTIC INTEGRITY HAD MODERATE-TO-EXTREME OR EXTREME-TO-TOTAL DEPARTURE FROM REFERENCE CONDITIONS (BI >= 4),2020,Year,Percent of rangeland acres on BLM-administered lands,percent,Proportion of BLM rangelands with moderate-to-extreme or extreme-to-total departure from biotic integrity reference conditions (BI >= 4) (80% confidence interval),7,Proportion of BLM rangelands with moderate-to-extreme or extreme-to-total departure from biotic integrity reference conditions (BI >= 4) (80% confidence interval),
7. Estimated % of BLM range acres with BI >= 4,4,BLM,2,4.59,1.45,0.32,2.74,6.44,BIOTIC INTEGRITY HAD MODERATE-TO-EXTREME OR EXTREME-TO-TOTAL DEPARTURE FROM REFERENCE CONDITIONS (BI >= 4),2020,Year,Percent of rangeland acres on BLM-administered lands,percent,Proportion of BLM rangelands with moderate-to-extreme or extreme-to-total departure from biotic integrity reference conditions (BI >= 4) (80% confidence interval),7,Proportion of BLM rangelands with moderate-to-extreme or extreme-to-total departure from biotic integrity reference conditions (BI >= 4) (80% confidence interval),
7. Estimated % of BLM range acres with BI >= 4,4,BLM,1,0.20,0.14,0.70,0.02,0.37,BIOTIC INTEGRITY HAD MODERATE-TO-EXTREME OR EXTREME-TO-TOTAL DEPARTURE FROM REFERENCE CONDITIONS (BI >= 4),2020,Year,Percent of rangeland acres on BLM-administered lands,percent,Proportion of BLM rangelands with moderate-to-extreme or extreme-to-total departure from biotic integrity reference conditions (BI >= 4) (80% confidence interval),7,Proportion of BLM rangelands with moderate-to-extreme or extreme-to-total departure from biotic integrity reference conditions (BI >= 4) (80% confidence interval),
70. Mean Herbaceous Species Height in Inches on BLM range,29,BLM,NA,9.11,0.20,0.02,8.85,9.36, MEAN HERBACEOUS SPECIES HEIGHT IN INCHES ON BLM RANGE,2020,Year,Inches,inches,Mean herbaceous plant species height in inches on BLM rangelands (80% confidence interval),54,Mean herbaceous plant species height in inches on BLM rangelands (80% confidence interval),
70. Mean Herbaceous Species Height in Inches on BLM range,29,BLM,1,10.21,0.18,0.02,9.98,10.45, MEAN HERBACEOUS SPECIES HEIGHT IN INCHES ON BLM RANGE,2020,Year,Inches,inches,Mean herbaceous plant species height in inches on BLM rangelands (80% confidence interval),54,Mean herbaceous plant species height in inches on BLM rangelands (80% confidence interval),
70. Mean Herbaceous Species Height in Inches on BLM range,29,BLM,2,8.53,0.28,0.03,8.17,8.88, MEAN HERBACEOUS SPECIES HEIGHT IN INCHES ON BLM RANGE,2020,Year,Inches,inches,Mean herbaceous plant species height in inches on BLM rangelands (80% confidence interval),54,Mean herbaceous plant species height in inches on BLM rangelands (80% confidence interval),
71. Percent Foliar Cover of Perennial Grass and Perennial Forb on BLM range,30,BLM,NA,21.78,0.81,0.04,20.74,22.82, PERCENT FOLIAR COVER OF PERENNIAL GRASS AND PERENNIAL FORB ON BLM RANGE,2020,Year,Percent cover on BLM-administered lands,percent,Proportion of vegetation composed of perennial grasses and perennial forbs on BLM rangelands (80% confidence interval),55,Percent cover of perennial grasses and perennial forbs on BLM rangelands (80% confidence interval),
71. Percent Foliar Cover of Perennial Grass and Perennial Forb on BLM range,30,BLM,1,34.56,1.27,0.04,32.94,36.18, PERCENT FOLIAR COVER OF PERENNIAL GRASS AND PERENNIAL FORB ON BLM RANGE,2020,Year,Percent cover on BLM-administered lands,percent,Proportion of vegetation composed of perennial grasses and perennial forbs on BLM rangelands (80% confidence interval),55,Percent cover of perennial grasses and perennial forbs on BLM rangelands (80% confidence interval),
71. Percent Foliar Cover of Perennial Grass and Perennial Forb on BLM range,30,BLM,2,15.19,1.14,0.08,13.73,16.66, PERCENT FOLIAR COVER OF PERENNIAL GRASS AND PERENNIAL FORB ON BLM RANGE,2020,Year,Percent cover on BLM-administered lands,percent,Proportion of vegetation composed of perennial grasses and perennial forbs on BLM rangelands (80% confidence interval),55,Percent cover of perennial grasses and perennial forbs on BLM rangelands (80% confidence interval),
72. Percent of Bare Ground on BLM range,31,BLM,NA,25.55,0.97,0.04,24.31,26.78, PERCENT OF BARE GROUND ON BLM RANGE,2020,Year,Percent cover on BLM-administered lands,percent,Proportion of land composed of bare ground on BLM rangelands (80% confidence interval),56,Percent cover of bare ground on BLM rangelands (80% confidence interval),
72. Percent of Bare Ground on BLM range,31,BLM,1,23.25,1.09,0.05,21.85,24.64, PERCENT OF BARE GROUND ON BLM RANGE,2020,Year,Percent cover on BLM-administered lands,percent,Proportion of land composed of bare ground on BLM rangelands (80% confidence interval),56,Percent cover of bare ground on BLM rangelands (80% confidence interval),
72. Percent of Bare Ground on BLM range,31,BLM,2,26.73,1.31,0.05,25.05,28.41, PERCENT OF BARE GROUND ON BLM RANGE,2020,Year,Percent cover on BLM-administered lands,percent,Proportion of land composed of bare ground on BLM rangelands (80% confidence interval),56,Percent cover of bare ground on BLM rangelands (80% confidence interval),
73. Percent Annual Grasses on BLM range,32,BLM,NA,10.26,1.05,0.10,8.92,11.61, PERCENT ANNUAL GRASSES ON BLM RANGE,2020,Year,Percent of foliar cover on BLM-administered lands,percent,Proportion of vegetation composed of annual grasses on BLM rangelands (80% confidence interval),57,Proportion of vegetation composed of annual grasses on BLM rangelands (80% confidence interval),"Annual grasses include: Bromus tectorum, Taeniatherum caput-medusae"
73. Percent Annual Grasses on BLM range,32,BLM,1,9.36,0.93,0.10,8.17,10.56, PERCENT ANNUAL GRASSES ON BLM RANGE,2020,Year,Percent of foliar cover on BLM-administered lands,percent,Proportion of vegetation composed of annual grasses on BLM rangelands (80% confidence interval),57,Proportion of vegetation composed of annual grasses on BLM rangelands (80% confidence interval),"Annual grasses include: Bromus tectorum, Taeniatherum caput-medusae"
73. Percent Annual Grasses on BLM range,32,BLM,2,10.73,1.39,0.13,8.95,12.51, PERCENT ANNUAL GRASSES ON BLM RANGE,2020,Year,Percent of foliar cover on BLM-administered lands,percent,Proportion of vegetation composed of annual grasses on BLM rangelands (80% confidence interval),57,Proportion of vegetation composed of annual grasses on BLM rangelands (80% confidence interval),"Annual grasses include: Bromus tectorum, Taeniatherum caput-medusae"
74. Percent Non-Native Invasive Plant Species on BLM range,33,BLM,NA,14.63,1.21,0.08,13.08,16.19, PERCENT NON-NATIVE INVASIVE PLANT SPECIES ON BLM RANGE,2020,Year,Percent of foliar cover on BLM-administered lands,percent,Proportion of vegetation composed of non-native invasive plant species on BLM rangelands (80% confidence interval),58,Proportion of vegetation composed of non-native invasive plant species on BLM rangelands (80% confidence interval),
74. Percent Non-Native Invasive Plant Species on BLM range,33,BLM,1,10.83,0.93,0.09,9.64,12.02, PERCENT NON-NATIVE INVASIVE PLANT SPECIES ON BLM RANGE,2020,Year,Percent of foliar cover on BLM-administered lands,percent,Proportion of vegetation composed of non-native invasive plant species on BLM rangelands (80% confidence interval),58,Proportion of vegetation composed of non-native invasive plant species on BLM rangelands (80% confidence interval),
74. Percent Non-Native Invasive Plant Species on BLM range,33,BLM,2,16.59,1.69,0.10,14.42,18.76, PERCENT NON-NATIVE INVASIVE PLANT SPECIES ON BLM RANGE,2020,Year,Percent of foliar cover on BLM-administered lands,percent,Proportion of vegetation composed of non-native invasive plant species on BLM rangelands (80% confidence interval),58,Proportion of vegetation composed of non-native invasive plant species on BLM rangelands (80% confidence interval),
9. Estimated BLM range acres with BI >= 4,4,BLM,NA,4561776.00,1420802.00,0.31,2740945.00,6382608.00,BIOTIC INTEGRITY HAD MODERATE-TO-EXTREME OR EXTREME-TO-TOTAL DEPARTURE FROM REFERENCE CONDITIONS (BI >= 4),2020,Year,BLM rangeland acres (millions),acres,BLM rangeland acres (millions) with moderate-to-extreme or extreme-to-total departure from biotic integrity reference conditions (BI >= 4),8,BLM rangeland acres (millions) with moderate-to-extreme or extreme-to-total departure from biotic integrity reference conditions (BI >= 4),
9. Estimated BLM range acres with BI >= 4,4,BLM,1,102072.00,71123.00,0.70,10924.00,193220.00,BIOTIC INTEGRITY HAD MODERATE-TO-EXTREME OR EXTREME-TO-TOTAL DEPARTURE FROM REFERENCE CONDITIONS (BI >= 4),2020,Year,BLM rangeland acres (millions),acres,BLM rangeland acres (millions) with moderate-to-extreme or extreme-to-total departure from biotic integrity reference conditions (BI >= 4),8,BLM rangeland acres (millions) with moderate-to-extreme or extreme-to-total departure from biotic integrity reference conditions (BI >= 4),
9. Estimated BLM range acres with BI >= 4,4,BLM,2,4459704.00,1415887.00,0.32,2645172.00,6274237.00,BIOTIC INTEGRITY HAD MODERATE-TO-EXTREME OR EXTREME-TO-TOTAL DEPARTURE FROM REFERENCE CONDITIONS (BI >= 4),2020,Year,BLM rangeland acres (millions),acres,BLM rangeland acres (millions) with moderate-to-extreme or extreme-to-total departure from biotic integrity reference conditions (BI >= 4),8,BLM rangeland acres (millions) with moderate-to-extreme or extreme-to-total departure from biotic integrity reference conditions (BI >= 4),
Estimated % of BLM range acres with BI >= 3,3,BLM,1,3.32,0.79,0.24,2.31,4.33,BIOTIC INTEGRITY HAD MODERATE OR MODERATE-TO-EXTREME OR EXTREME-TO-TOTAL DEPARTURE FROM REFERENCE CONDITIONS (BI >= 3),2020,Year,Percent of rangeland acres on BLM-administered lands ,percent,Proportion of BLM rangelands with moderate or moderate-to-extreme or extreme-to-total departure from biotic integrity reference conditions (BI >=3) (80% confidence interval),5,Proportion of BLM rangelands with moderate or moderate-to-extreme or extreme-to-total departure from biotic integrity reference conditions (BI >=3) (80% confidence interval),
Estimated % of BLM range acres with BI >= 3,3,BLM,2,12.80,1.90,0.15,10.37,15.23,BIOTIC INTEGRITY HAD MODERATE OR MODERATE-TO-EXTREME OR EXTREME-TO-TOTAL DEPARTURE FROM REFERENCE CONDITIONS (BI >= 3),2020,Year,Percent of rangeland acres on BLM-administered lands ,percent,Proportion of BLM rangelands with moderate or moderate-to-extreme or extreme-to-total departure from biotic integrity reference conditions (BI >=3) (80% confidence interval),5,Proportion of BLM rangelands with moderate or moderate-to-extreme or extreme-to-total departure from biotic integrity reference conditions (BI >=3) (80% confidence interval),
Estimated % of BLM range acres with BI >= 3,3,BLM,NA,9.51,1.23,0.13,7.93,11.08,BIOTIC INTEGRITY HAD MODERATE OR MODERATE-TO-EXTREME OR EXTREME-TO-TOTAL DEPARTURE FROM REFERENCE CONDITIONS (BI >= 3),2020,Year,Percent of rangeland acres on BLM-administered lands ,percent,Proportion of BLM rangelands with moderate or moderate-to-extreme or extreme-to-total departure from biotic integrity reference conditions (BI >=3) (80% confidence interval),5,Proportion of BLM rangelands with moderate or moderate-to-extreme or extreme-to-total departure from biotic integrity reference conditions (BI >=3) (80% confidence interval),
Estimated % of BLM range acres with HF >= 3,7,BLM,2,12.82,1.95,0.15,10.33,15.32,HYDROLOGIC FUNCTION HAD MODERATE OR MODERATE-TO-EXTREME OR EXTREME-TO-TOTAL DEPARTURE FROM REFERENCE CONDITIONS (HF >= 3),2020,Year,Percent of rangeland acres on BLM-administered lands ,percent,Proportion of BLM rangelands with moderate or moderate-to-extreme or extreme-to-total departure from hydrologic function reference conditions (HF >= 3) (80% confidence interval) ,13,Proportion of BLM rangelands with moderate or moderate-to-extreme or extreme-to-total departure from hydrologic function reference conditions (HF >= 3) (80% confidence interval) ,
Estimated % of BLM range acres with HF >= 3,7,BLM,1,4.49,0.92,0.20,3.32,5.67,HYDROLOGIC FUNCTION HAD MODERATE OR MODERATE-TO-EXTREME OR EXTREME-TO-TOTAL DEPARTURE FROM REFERENCE CONDITIONS (HF >= 3),2020,Year,Percent of rangeland acres on BLM-administered lands ,percent,Proportion of BLM rangelands with moderate or moderate-to-extreme or extreme-to-total departure from hydrologic function reference conditions (HF >= 3) (80% confidence interval) ,13,Proportion of BLM rangelands with moderate or moderate-to-extreme or extreme-to-total departure from hydrologic function reference conditions (HF >= 3) (80% confidence interval) ,
Estimated % of BLM range acres with HF >= 3,7,BLM,NA,9.93,1.32,0.13,8.24,11.61,HYDROLOGIC FUNCTION HAD MODERATE OR MODERATE-TO-EXTREME OR EXTREME-TO-TOTAL DEPARTURE FROM REFERENCE CONDITIONS (HF >= 3),2020,Year,Percent of rangeland acres on BLM-administered lands ,percent,Proportion of BLM rangelands with moderate or moderate-to-extreme or extreme-to-total departure from hydrologic function reference conditions (HF >= 3) (80% confidence interval) ,13,Proportion of BLM rangelands with moderate or moderate-to-extreme or extreme-to-total departure from hydrologic function reference conditions (HF >= 3) (80% confidence interval) ,
Estimated % of BLM range acres with SSS >= 3,11,BLM,NA,8.48,1.24,0.15,6.89,10.06,SOIL AND SITE STABILITY HAD MODERATE OR MODERATE-TO-EXTREME OR EXTREME-TO-TOTAL DEPARTURE FROM REFERENCE CONDITIONS (SSS >= 3),2020,Year,Percent of rangeland acres on BLM-administered lands ,percent,Proportion of BLM rangelands with moderate or moderate-to-extreme or extreme-to-total departure from soil and site stability reference conditions (SSS >= 3) (80% confidence interval) ,21,Proportion of BLM rangelands with moderate or moderate-to-extreme or extreme-to-total departure from soil and site stability reference conditions (SSS >= 3) (80% confidence interval) ,
Estimated % of BLM range acres with SSS >= 3,11,BLM,1,2.92,0.68,0.23,2.06,3.79,SOIL AND SITE STABILITY HAD MODERATE OR MODERATE-TO-EXTREME OR EXTREME-TO-TOTAL DEPARTURE FROM REFERENCE CONDITIONS (SSS >= 3),2020,Year,Percent of rangeland acres on BLM-administered lands ,percent,Proportion of BLM rangelands with moderate or moderate-to-extreme or extreme-to-total departure from soil and site stability reference conditions (SSS >= 3) (80% confidence interval) ,21,Proportion of BLM rangelands with moderate or moderate-to-extreme or extreme-to-total departure from soil and site stability reference conditions (SSS >= 3) (80% confidence interval) ,
Estimated % of BLM range acres with SSS >= 3,11,BLM,2,11.44,1.81,0.16,9.12,13.75,SOIL AND SITE STABILITY HAD MODERATE OR MODERATE-TO-EXTREME OR EXTREME-TO-TOTAL DEPARTURE FROM REFERENCE CONDITIONS (SSS >= 3),2020,Year,Percent of rangeland acres on BLM-administered lands ,percent,Proportion of BLM rangelands with moderate or moderate-to-extreme or extreme-to-total departure from soil and site stability reference conditions (SSS >= 3) (80% confidence interval) ,21,Proportion of BLM rangelands with moderate or moderate-to-extreme or extreme-to-total departure from soil and site stability reference conditions (SSS >= 3) (80% confidence interval) ,
Estimated BLM range acres with BI >= 3,3,BLM,2,12440547.00,1899301.00,0.15,10006495.00,14874599.00,BIOTIC INTEGRITY HAD MODERATE OR MODERATE-TO-EXTREME OR EXTREME-TO-TOTAL DEPARTURE FROM REFERENCE CONDITIONS (BI >= 3),2020,Year,BLM rangeland acres (millions),acres,BLM rangeland acres (millions) with moderate or moderate-to-extreme or extreme-to-total departure from biotic integrity reference conditions (BI >=3) ,6,BLM rangeland acres (millions) with moderate or moderate-to-extreme or extreme-to-total departure from biotic integrity reference conditions (BI >=3) ,
Estimated BLM range acres with BI >= 3,3,BLM,NA,14159952.00,1866439.00,0.13,11768013.00,16551890.00,BIOTIC INTEGRITY HAD MODERATE OR MODERATE-TO-EXTREME OR EXTREME-TO-TOTAL DEPARTURE FROM REFERENCE CONDITIONS (BI >= 3),2020,Year,BLM rangeland acres (millions),acres,BLM rangeland acres (millions) with moderate or moderate-to-extreme or extreme-to-total departure from biotic integrity reference conditions (BI >=3) ,6,BLM rangeland acres (millions) with moderate or moderate-to-extreme or extreme-to-total departure from biotic integrity reference conditions (BI >=3) ,
Estimated BLM range acres with BI >= 3,3,BLM,1,1719405.00,410983.00,0.24,1192709.00,2246101.00,BIOTIC INTEGRITY HAD MODERATE OR MODERATE-TO-EXTREME OR EXTREME-TO-TOTAL DEPARTURE FROM REFERENCE CONDITIONS (BI >= 3),2020,Year,BLM rangeland acres (millions),acres,BLM rangeland acres (millions) with moderate or moderate-to-extreme or extreme-to-total departure from biotic integrity reference conditions (BI >=3) ,6,BLM rangeland acres (millions) with moderate or moderate-to-extreme or extreme-to-total departure from biotic integrity reference conditions (BI >=3) ,
Estimated BLM range acres with HF >= 3,7,BLM,1,2326440.00,479945.00,0.21,1711366.00,2941514.00,HYDROLOGIC FUNCTION HAD MODERATE OR MODERATE-TO-EXTREME OR EXTREME-TO-TOTAL DEPARTURE FROM REFERENCE CONDITIONS (HF >= 3),2020,Year,BLM rangeland acres (millions),acres,BLM rangeland acres (millions) with moderate or moderate-to-extreme or extreme-to-total departure from hydrologic function reference conditions (HF >= 3) ,14,BLM rangeland acres (millions) with moderate or moderate-to-extreme or extreme-to-total departure from hydrologic function reference conditions (HF >= 3) ,
Estimated BLM range acres with HF >= 3,7,BLM,2,12463780.00,1957467.00,0.16,9955186.00,14972375.00,HYDROLOGIC FUNCTION HAD MODERATE OR MODERATE-TO-EXTREME OR EXTREME-TO-TOTAL DEPARTURE FROM REFERENCE CONDITIONS (HF >= 3),2020,Year,BLM rangeland acres (millions),acres,BLM rangeland acres (millions) with moderate or moderate-to-extreme or extreme-to-total departure from hydrologic function reference conditions (HF >= 3) ,14,BLM rangeland acres (millions) with moderate or moderate-to-extreme or extreme-to-total departure from hydrologic function reference conditions (HF >= 3) ,
Estimated BLM range acres with HF >= 3,7,BLM,NA,14790220.00,2009742.00,0.14,12214632.00,17365808.00,HYDROLOGIC FUNCTION HAD MODERATE OR MODERATE-TO-EXTREME OR EXTREME-TO-TOTAL DEPARTURE FROM REFERENCE CONDITIONS (HF >= 3),2020,Year,BLM rangeland acres (millions),acres,BLM rangeland acres (millions) with moderate or moderate-to-extreme or extreme-to-total departure from hydrologic function reference conditions (HF >= 3) ,14,BLM rangeland acres (millions) with moderate or moderate-to-extreme or extreme-to-total departure from hydrologic function reference conditions (HF >= 3) ,
Estimated BLM range acres with SSS >= 3,11,BLM,2,11114372.00,1806785.00,0.16,8798884.00,13429860.00,SOIL AND SITE STABILITY HAD MODERATE OR MODERATE-TO-EXTREME OR EXTREME-TO-TOTAL DEPARTURE FROM REFERENCE CONDITIONS (SSS >= 3),2020,Year,BLM rangeland acres (millions),acres,BLM rangeland acres (millions) with moderate or moderate-to-extreme or extreme-to-total departure from soil and site stability reference conditions (SSS >= 3) ,22,BLM rangeland acres (millions) with moderate or moderate-to-extreme or extreme-to-total departure from soil and site stability reference conditions (SSS >= 3) ,
Estimated BLM range acres with SSS >= 3,11,BLM,NA,12628158.00,1885781.00,0.15,10211432.00,15044883.00,SOIL AND SITE STABILITY HAD MODERATE OR MODERATE-TO-EXTREME OR EXTREME-TO-TOTAL DEPARTURE FROM REFERENCE CONDITIONS (SSS >= 3),2020,Year,BLM rangeland acres (millions),acres,BLM rangeland acres (millions) with moderate or moderate-to-extreme or extreme-to-total departure from soil and site stability reference conditions (SSS >= 3) ,22,BLM rangeland acres (millions) with moderate or moderate-to-extreme or extreme-to-total departure from soil and site stability reference conditions (SSS >= 3) ,
Estimated BLM range acres with SSS >= 3,11,BLM,1,1513786.00,351515.00,0.23,1063301.00,1964271.00,SOIL AND SITE STABILITY HAD MODERATE OR MODERATE-TO-EXTREME OR EXTREME-TO-TOTAL DEPARTURE FROM REFERENCE CONDITIONS (SSS >= 3),2020,Year,BLM rangeland acres (millions),acres,BLM rangeland acres (millions) with moderate or moderate-to-extreme or extreme-to-total departure from soil and site stability reference conditions (SSS >= 3) ,22,BLM rangeland acres (millions) with moderate or moderate-to-extreme or extreme-to-total departure from soil and site stability reference conditions (SSS >= 3) ,
